cohort,sens_stage1,spec_stage1,sens_combined,spec_combined,acc_combined,ppv_combined,npv_combined,sens_delta,spec_delta,mcnemar_sens_p,mcnemar_spec_p,verdict,ni_sens_drop,ni_ci_upper_97.5,ni_margin,ni_verdict
internal,0.9069767441860465,0.5359001040582726,0.8914728682170543,0.5796045785639958,0.6165137614678899,0.22157996146435452,0.9754816112084063,-0.015503875968992165,0.043704474505723234,0.5,2.508860953006117e-10,PASS,0.015503875968992165,0.04891473947306046,0.05,NON-INFERIOR
external,0.9290780141843972,0.49044585987261147,0.8581560283687943,0.575796178343949,0.6187904967602592,0.2665198237885463,0.9576271186440678,-0.07092198581560283,0.08535031847133756,0.001953125,7.433292054365067e-16,FAIL,0.07092198581560283,0.12201064465286786,0.05,NOT NON-INFERIOR
