q,cohort,clinical_positive_n,clinical_positive_low_smi_n,clinical_positive_low_smi_rate,aec_high_n,aec_high_low_smi_n,aec_high_low_smi_rate,aec_low_n,aec_low_low_smi_n,aec_low_low_smi_rate,absolute_risk_separation,risk_ratio_high_vs_low,odds_ratio_high_vs_low,fisher_p_high_gt_low,clinical_top_cut,aec_global_top_cut,aec_high_cut_within_clinical_pos,aec_low_cut_within_clinical_pos
0.2,g1090_internal,218,79,0.3623853211009174,44,26,0.5909090909090909,44,8,0.18181818181818182,0.4090909090909091,3.25,6.5,7.788701076767857e-05,-1.492066098467757,0.7926201672575126,1.5225972273948913,1.1073563271211662
0.2,sdata_external,261,98,0.37547892720306514,78,49,0.6282051282051282,54,12,0.2222222222222222,0.405982905982906,2.826923076923077,5.913793103448276,3.3091471273048024e-06,-1.492066098467757,0.7926201672575126,1.5225972273948913,1.1073563271211662
0.25,g1090_internal,273,86,0.315018315018315,69,38,0.5507246376811594,69,11,0.15942028985507245,0.391304347826087,3.454545454545455,6.463343108504398,1.2311977556216917e-06,-1.7600563913155929,0.49323132551503146,1.4838005705508062,0.8352076703509169
0.25,sdata_external,308,108,0.35064935064935066,102,55,0.5392156862745098,54,11,0.2037037037037037,0.33551198257080606,2.6470588235294117,4.574468085106383,3.804584881011604e-05,-1.7600563913155929,0.49323132551503146,1.4838005705508062,0.8352076703509169
