cohort,n,event,auc,sens_clin,sens_aec,sens_p,spec_clin,spec_aec,spec_p,acc_clin,acc_aec,acc_p,net_nri
internal,1090,129,0.7236084819977436,0.9069767441860465,0.8682170542635659,0.0625,0.5348595213319459,0.5796045785639958,2.2737367544323206e-13,0.5788990825688073,0.6137614678899083,1.3680484300948594e-08,38
external,926,141,0.7708005677241168,0.9290780141843972,0.9219858156028369,1.0,0.4929936305732484,0.5070063694267516,0.0009765625,0.5593952483801296,0.5701943844492441,0.00634765625,10
