cohort,sens_before,sens_after,sens_delta,sens_floor,spec_before,spec_after,spec_delta,pass
internal,0.9069767441860465,0.8682170542635659,-0.03875968992248058,0.8616279069767441,0.5348595213319459,0.6139438085327783,0.07908428720083238,True
external,0.9290780141843972,0.8865248226950354,-0.042553191489361764,0.8826241134751772,0.4929936305732484,0.5439490445859873,0.05095541401273884,True
