cohort,stage1_auc,stage1_ci_lower,stage1_ci_upper,full_pipeline_auc,full_pipeline_ci_lower,full_pipeline_ci_upper,auc_diff,delong_z,delong_p_value,significant_p05
internal,0.8284530810121885,0.7912935895264139,0.8628326436447822,0.8283603158854229,0.790550056869056,0.8626313836523647,9.276512676548165e-05,0.1247005763432813,0.9007606011077516,False
external,0.8347111171342096,0.7987222749243349,0.8671292406378462,0.8346840131905859,0.7987132402764603,0.867111171342097,2.7103943623818516e-05,0.9502846161434725,0.3419676535507974,False
