cohort,stage1_auc,stage1_ci_lower,stage1_ci_upper,full_pipeline_auc,full_pipeline_ci_lower,full_pipeline_ci_upper,auc_diff,delong_z,delong_p_value,significant_p05
internal,0.8284530810121885,0.7912935895264139,0.8628326436447822,0.8283199832216118,0.7905417886729746,0.8626227121296454,0.00013309779057657511,0.17874063323536002,0.8581413622133294,False
external,0.8347111171342096,0.7987222749243349,0.8671292406378462,0.8346749785427114,0.7986951709807112,0.867111171342097,3.613859149842469e-05,1.1587722630550144,0.24654902632173847,False
