model,internal_auc,internal_auc_p,external_auc,external_auc_p,internal_delta_vs_clinical_auc,external_delta_vs_clinical_auc
clinical_only,0.8257588590696061,2.5049735519990642e-33,0.8345213895288432,9.563472250062879e-37,0.0,0.0
locked_aec_score_only,0.6428865280836338,1.3195503990121683e-07,0.5117676288566653,0.6561289490008537,-0.18287233098597233,-0.322753760672178
clinical_plus_locked_aec_score,0.828908840113254,6.082645117451379e-34,0.8270045624971767,3.4472350101896745e-35,0.0031499810436479425,-0.007516827031666562
