feature,feature_index,width,lambda,company_eta2,screen_score,min_p_loss,max_sens_loss,min_spec_gain,mean_spec_gain,min_ba_delta,mean_ba_delta,max_fisher_p,min_deesc_n,mean_deesc_event_rate,feature_family
smooth_norm__norm_slope_082_085_sd,451,0.7,0.7,0.10873871060692694,0.27472867038726206,0.0625,0.03875968992248058,0.0780437044745057,0.08470343392299688,0.022243464091829424,0.025297453395606916,2.392612936808167e-05,78,0.05103275311878776,signed_slope
smooth_visual__visual_norm_abs_slope_094_099_max,25,0.5,0.7,0.12901557244025474,0.2485327253184886,0.0625,0.03875968992248058,0.0718002081165453,0.07804370447450573,0.01860142454968572,0.02041720107446212,7.564749110554415e-05,73,0.060098681931537404,absolute_slope
smooth_norm__norm_curv_103_110_mean,509,0.7,0.55,0.04938503855357004,0.21768820679184012,0.125,0.03100775193798455,0.06139438085327786,0.06763787721123829,0.01623389718397339,0.020640644031975696,0.00043909707265939895,62,0.05027104388439001,curvature
smooth_norm__norm_curv_097_100_sd,26,0.7,0.55,0.23981046954322788,0.2127120231272317,0.0625,0.03875968992248069,0.06451612903225812,0.07055150884495318,0.012878219554888659,0.015895909461236247,0.0005892967468921862,67,0.06903108908432312,curvature
