cohort,sens_before,sens_after,sens_floor,spec_before,spec_after,pass
sinchon (5-fold OOF),0.900709219858156,0.8581560283687943,0.8556737588652481,0.5388535031847134,0.6560509554140127,True
