cohort,sens_stage1,spec_stage1,sens_combined,spec_combined,acc_combined,ppv_combined,npv_combined,sens_delta,spec_delta,mcnemar_sens_p,mcnemar_spec_p,verdict,ni_sens_drop,ni_ci_upper_97.5,ni_margin,ni_verdict
internal,0.9069767441860465,0.5359001040582726,0.8914728682170543,0.554630593132154,0.5944954128440367,0.21178637200736647,0.9744058500914077,-0.015503875968992165,0.018730489073881418,0.5,7.62939453125e-06,PASS,0.015503875968992165,0.04891473947306046,0.05,NON-INFERIOR
external,0.9290780141843972,0.49044585987261147,0.900709219858156,0.5656050955414013,0.6166306695464363,0.27136752136752135,0.9694323144104804,-0.028368794326241176,0.07515923566878979,0.125,4.320720308160993e-14,FAIL,0.028368794326241176,0.06661178583151267,0.05,NOT NON-INFERIOR
