feature,feature_index,width,lambda,company_eta2,screen_score,min_p_loss,max_sens_loss,min_spec_gain,mean_spec_gain,min_ba_delta,mean_ba_delta,max_fisher_p,min_deesc_n,mean_deesc_event_rate,feature_family
smooth_norm__norm_slope_082_085_sd,451,0.7,0.7,0.10873871060692694,0.27472867038726206,0.0625,0.03875968992248058,0.0780437044745057,0.08470343392299688,0.022243464091829424,0.025297453395606916,2.392612936808167e-05,78,0.05103275311878776,signed_slope
smooth_visual__visual_norm_curv_103_120_sd,372,0.5,0.55,0.5678502951727138,0.20869296628904543,0.0625,0.03875968992248069,0.06763787721123826,0.07221644120707596,0.016520259097032253,0.01827876323919686,0.00018285872070417325,69,0.062083957510600085,curvature
smooth_visual__visual_norm_abs_slope_094_103_max,128,0.7,0.4,0.18044011662286707,0.16209053036742244,0.0625,0.03875968992248069,0.05098855359001042,0.05619146722164412,0.006114431833764922,0.011041470044930567,0.006095919645499609,53,0.07605265014991755,absolute_slope
smooth_norm__norm_haar_b02_111_114,539,0.7,0.4,0.039129505933155145,0.1595952029454834,0.125,0.03100775193798455,0.0457856399583767,0.05202913631633714,0.011264913002444144,0.014386661181424353,0.0037446984921517983,47,0.056046928975537535,haar
