feature,cohort,predictor_group,predictor,n_seg,segment,r,p_value,n
imata,internal,aec_segment,seg1_1,1.0,1.0,0.4267839326059256,1.7684722830420858e-49,1090
nama,internal,aec_segment,seg1_1,1.0,1.0,0.1170625109633943,0.0001071834209509,1090
lama,internal,aec_segment,seg1_1,1.0,1.0,0.4197748926566726,9.17434974949125e-48,1090
tama,internal,aec_segment,seg1_1,1.0,1.0,0.301873771283325,2.1152134969436622e-24,1090
sat,internal,aec_segment,seg1_1,1.0,1.0,0.3836773840503077,1.4991477609773772e-39,1090
vat,internal,aec_segment,seg1_1,1.0,1.0,0.4745341982713379,2.6935216156004435e-62,1090
total_fat,internal,aec_segment,seg1_1,1.0,1.0,0.4914307200669322,2.4286552417271028e-67,1090
imata,external,aec_segment,seg1_1,1.0,1.0,0.4161705651496581,4.335315204290417e-40,926
nama,external,aec_segment,seg1_1,1.0,1.0,0.1846121525887942,1.523335137050322e-08,926
lama,external,aec_segment,seg1_1,1.0,1.0,0.3523234946815528,1.8857869741664102e-28,926
tama,external,aec_segment,seg1_1,1.0,1.0,0.3727069268145159,6.871971228913443e-32,926
sat,external,aec_segment,seg1_1,1.0,1.0,0.4231952923227985,1.562514709273793e-41,926
vat,external,aec_segment,seg1_1,1.0,1.0,0.4188558118086394,1.228525003458946e-40,926
total_fat,external,aec_segment,seg1_1,1.0,1.0,0.4885225528812933,1.0458270985144845e-56,926
imata,internal,aec_segment,seg2_1,2.0,1.0,0.3178728236224904,5.149132451110431e-27,1090
imata,internal,aec_segment,seg2_2,2.0,2.0,0.4842322274408843,3.709173785905001e-65,1090
nama,internal,aec_segment,seg2_1,2.0,1.0,0.0397867408699976,0.189325291432133,1090
nama,internal,aec_segment,seg2_2,2.0,2.0,0.1763115683889769,4.6219986773950915e-09,1090
lama,internal,aec_segment,seg2_1,2.0,1.0,0.258185468583427,4.655266112262983e-18,1090
lama,internal,aec_segment,seg2_2,2.0,2.0,0.5262528350379341,1.1258171184201684e-78,1090
tama,internal,aec_segment,seg2_1,2.0,1.0,0.1655874820933088,3.827676702595653e-08,1090
tama,internal,aec_segment,seg2_2,2.0,2.0,0.3968707150497707,1.9544163294890184e-42,1090
sat,internal,aec_segment,seg2_1,2.0,1.0,0.3907236098649572,4.4821702519390364e-41,1090
sat,internal,aec_segment,seg2_2,2.0,2.0,0.3390258076341738,1.0088677286614897e-30,1090
vat,internal,aec_segment,seg2_1,2.0,1.0,0.2801066735879325,4.240591348126815e-21,1090
vat,internal,aec_segment,seg2_2,2.0,2.0,0.605690815787161,4.129959819865228e-110,1090
total_fat,internal,aec_segment,seg2_1,2.0,1.0,0.4075061327259209,7.385735314707903e-45,1090
total_fat,internal,aec_segment,seg2_2,2.0,2.0,0.5195198492782469,2.2210957071339762e-76,1090
imata,external,aec_segment,seg2_1,2.0,1.0,0.3464141589159374,1.6841476999317163e-27,926
imata,external,aec_segment,seg2_2,2.0,2.0,0.453515669358504,3.625893038150098e-48,926
nama,external,aec_segment,seg2_1,2.0,1.0,0.1506666619928416,4.125805652855392e-06,926
nama,external,aec_segment,seg2_2,2.0,2.0,0.2042618223278522,3.5279204257472205e-10,926
lama,external,aec_segment,seg2_1,2.0,1.0,0.2622025035141143,5.044343144379492e-16,926
lama,external,aec_segment,seg2_2,2.0,2.0,0.415851613204696,5.031982464697026e-40,926
tama,external,aec_segment,seg2_1,2.0,1.0,0.2942480824358339,5.954046063101337e-20,926
tama,external,aec_segment,seg2_2,2.0,2.0,0.4225748011321508,2.1022367470385722e-41,926
sat,external,aec_segment,seg2_1,2.0,1.0,0.4322362932199174,1.929616739099986e-43,926
sat,external,aec_segment,seg2_2,2.0,2.0,0.379017948877526,5.264983270978752e-33,926
vat,external,aec_segment,seg2_1,2.0,1.0,0.2839906770878381,1.2260387795969844e-18,926
vat,external,aec_segment,seg2_2,2.0,2.0,0.5228613671049183,4.1903447266708225e-66,926
total_fat,external,aec_segment,seg2_1,2.0,1.0,0.4364260557586111,2.4060033291616775e-44,926
total_fat,external,aec_segment,seg2_2,2.0,2.0,0.5017617913092856,3.3319547534129365e-60,926
imata,internal,aec_segment,seg4_1,4.0,1.0,0.2409420943802679,7.340866707069616e-16,1090
imata,internal,aec_segment,seg4_2,4.0,2.0,0.3874228219297678,2.345313703920481e-40,1090
imata,internal,aec_segment,seg4_3,4.0,3.0,0.5106178090320026,2.009137055427304e-73,1090
imata,internal,aec_segment,seg4_4,4.0,4.0,0.4402834740990958,6.737742676599876e-53,1090
nama,internal,aec_segment,seg4_1,4.0,1.0,0.0462124758254397,0.1273150322928431,1090
nama,internal,aec_segment,seg4_2,4.0,2.0,0.0314555427505554,0.2994681614210961,1090
nama,internal,aec_segment,seg4_3,4.0,3.0,0.1357348243851382,6.892204003938606e-06,1090
nama,internal,aec_segment,seg4_4,4.0,4.0,0.2138852854850567,9.60242705236676e-13,1090
lama,internal,aec_segment,seg4_1,4.0,1.0,0.1818692883053156,1.4660112606528023e-09,1090
lama,internal,aec_segment,seg4_2,4.0,2.0,0.3293524732270471,5.44257158186531e-29,1090
lama,internal,aec_segment,seg4_3,4.0,3.0,0.5217978113239279,3.765624804234928e-77,1090
lama,internal,aec_segment,seg4_4,4.0,4.0,0.5138597974824515,1.7236572900447297e-74,1090
tama,internal,aec_segment,seg4_1,4.0,1.0,0.1331454086278844,1.031694382985112e-05,1090
tama,internal,aec_segment,seg4_2,4.0,2.0,0.1937180508531022,1.1223508495968343e-10,1090
tama,internal,aec_segment,seg4_3,4.0,3.0,0.3652192931288215,9.904638942714184e-36,1090
tama,internal,aec_segment,seg4_4,4.0,4.0,0.4177284367520448,2.85563210815945e-47,1090
sat,internal,aec_segment,seg4_1,4.0,1.0,0.3351458462909391,5.0812442700014045e-30,1090
sat,internal,aec_segment,seg4_2,4.0,2.0,0.4348454802817282,1.6766837558382397e-51,1090
sat,internal,aec_segment,seg4_3,4.0,3.0,0.3917370963544638,2.686351589088193e-41,1090
sat,internal,aec_segment,seg4_4,4.0,4.0,0.2717039373073426,6.700252808211988e-20,1090
vat,internal,aec_segment,seg4_1,4.0,1.0,0.1895474777365126,2.826156200630311e-10,1090
vat,internal,aec_segment,seg4_2,4.0,2.0,0.3655541860858733,8.486293612936342e-36,1090
vat,internal,aec_segment,seg4_3,4.0,3.0,0.6169891296571628,2.4894502980821536e-115,1090
vat,internal,aec_segment,seg4_4,4.0,4.0,0.5738910364703464,1.7272270341920174e-96,1090
total_fat,internal,aec_segment,seg4_1,4.0,1.0,0.3263356128450628,1.8338307115543367e-28,1090
total_fat,internal,aec_segment,seg4_2,4.0,2.0,0.4781475730163848,2.3717177031932376e-63,1090
total_fat,internal,aec_segment,seg4_3,4.0,3.0,0.5623744676708035,6.480345904775089e-92,1090
total_fat,internal,aec_segment,seg4_4,4.0,4.0,0.4568390240368357,2.625992875199559e-57,1090
imata,external,aec_segment,seg4_1,4.0,1.0,0.2866833629958971,5.608690318874776e-19,926
imata,external,aec_segment,seg4_2,4.0,2.0,0.3999490837369605,6.939235664339017e-37,926
imata,external,aec_segment,seg4_3,4.0,3.0,0.4752947435560649,2.308639061860454e-53,926
imata,external,aec_segment,seg4_4,4.0,4.0,0.4176458162600244,2.171544438287273e-40,926
nama,external,aec_segment,seg4_1,4.0,1.0,0.1756899682767131,7.408330349934383e-08,926
nama,external,aec_segment,seg4_2,4.0,2.0,0.1182143713813159,0.0003120550226365,926
nama,external,aec_segment,seg4_3,4.0,3.0,0.167774003277835,2.8222234976751735e-07,926
nama,external,aec_segment,seg4_4,4.0,4.0,0.2349281312228498,4.459158602394684e-13,926
lama,external,aec_segment,seg4_1,4.0,1.0,0.2112799885522678,8.355113616363836e-11,926
lama,external,aec_segment,seg4_2,4.0,2.0,0.3089655422008023,6.229289701565846e-22,926
lama,external,aec_segment,seg4_3,4.0,3.0,0.4224769332390357,2.2028315932249529e-41,926
lama,external,aec_segment,seg4_4,4.0,4.0,0.3964570491662257,3.2228054119645794e-36,926
tama,external,aec_segment,seg4_1,4.0,1.0,0.2879713139786574,3.846781961998706e-19,926
tama,external,aec_segment,seg4_2,4.0,2.0,0.2911351437328565,1.5107949594573496e-19,926
tama,external,aec_segment,seg4_3,4.0,3.0,0.3946203162343251,7.175130908615979e-36,926
tama,external,aec_segment,seg4_4,4.0,4.0,0.4379468859534796,1.1218752255306234e-44,926
sat,external,aec_segment,seg4_1,4.0,1.0,0.4018477431546206,2.9877245528153218e-37,926
sat,external,aec_segment,seg4_2,4.0,2.0,0.4507967294500222,1.5209655455739634e-47,926
sat,external,aec_segment,seg4_3,4.0,3.0,0.4154948081700785,5.943683267869929e-40,926
sat,external,aec_segment,seg4_4,4.0,4.0,0.3305577524550198,4.7757275079545035e-25,926
vat,external,aec_segment,seg4_1,4.0,1.0,0.2179566695895606,2.024043628090589e-11,926
vat,external,aec_segment,seg4_2,4.0,2.0,0.346529489367838,1.6144168165701752e-27,926
vat,external,aec_segment,seg4_3,4.0,3.0,0.541224018732114,1.3739804812198438e-71,926
vat,external,aec_segment,seg4_4,4.0,4.0,0.4883298529072496,1.172821584678093e-56,926
total_fat,external,aec_segment,seg4_1,4.0,1.0,0.3857116317150766,3.242961966320238e-34,926
total_fat,external,aec_segment,seg4_2,4.0,2.0,0.4770570908073498,8.438391212761667e-54,926
total_fat,external,aec_segment,seg4_3,4.0,3.0,0.5361556606101252,4.848412785149735e-70,926
total_fat,external,aec_segment,seg4_4,4.0,4.0,0.451661371453931,9.653954371173495e-48,926
imata,internal,aec_segment,seg8_1,8.0,1.0,0.2185040320612211,3.0093507244595643e-13,1090
imata,internal,aec_segment,seg8_2,8.0,2.0,0.2618273810622789,1.521045476563385e-18,1090
imata,internal,aec_segment,seg8_3,8.0,3.0,0.3294963942999577,5.13438122337418e-29,1090
imata,internal,aec_segment,seg8_4,8.0,4.0,0.4360452200340872,8.291971470920156e-52,1090
imata,internal,aec_segment,seg8_5,8.0,5.0,0.5134750142899018,2.310152617174914e-74,1090
imata,internal,aec_segment,seg8_6,8.0,6.0,0.4997224834613928,6.372573367762577e-70,1090
imata,internal,aec_segment,seg8_7,8.0,7.0,0.4500743054431064,1.779792626679079e-55,1090
imata,internal,aec_segment,seg8_8,8.0,8.0,0.417422663321718,3.381355903571777e-47,1090
nama,internal,aec_segment,seg8_1,8.0,1.0,0.0412844986260832,0.1731882228917227,1090
nama,internal,aec_segment,seg8_2,8.0,2.0,0.0508523381017756,0.0933359989189342,1090
nama,internal,aec_segment,seg8_3,8.0,3.0,0.0425222928106508,0.1606456066510145,1090
nama,internal,aec_segment,seg8_4,8.0,4.0,0.0192210470522708,0.5261355423999002,1090
nama,internal,aec_segment,seg8_5,8.0,5.0,0.0953834667426705,0.0016178101041609,1090
nama,internal,aec_segment,seg8_6,8.0,6.0,0.1714991177339023,1.2133721105386989e-08,1090
nama,internal,aec_segment,seg8_7,8.0,7.0,0.231810154452596,9.169669862754402e-15,1090
nama,internal,aec_segment,seg8_8,8.0,8.0,0.1877344357216766,4.1951424369613756e-10,1090
lama,internal,aec_segment,seg8_1,8.0,1.0,0.1626702867843799,6.648137807670736e-08,1090
lama,internal,aec_segment,seg8_2,8.0,2.0,0.1999313807134167,2.728076031022283e-11,1090
lama,internal,aec_segment,seg8_3,8.0,3.0,0.2723129428194491,5.503179642273996e-20,1090
lama,internal,aec_segment,seg8_4,8.0,4.0,0.3786863760986036,1.710953033360804e-38,1090
lama,internal,aec_segment,seg8_5,8.0,5.0,0.499285152409284,8.75442399105827e-70,1090
lama,internal,aec_segment,seg8_6,8.0,6.0,0.5345805049402809,1.381507064005937e-81,1090
lama,internal,aec_segment,seg8_7,8.0,7.0,0.517706534987815,9.034736017889499e-76,1090
lama,internal,aec_segment,seg8_8,8.0,8.0,0.4958392370723773,1.0517865805012734e-68,1090
tama,internal,aec_segment,seg8_1,8.0,1.0,0.1193705218703908,7.794018902094366e-05,1090
tama,internal,aec_segment,seg8_2,8.0,2.0,0.1460836093239952,1.276082713660377e-06,1090
tama,internal,aec_segment,seg8_3,8.0,3.0,0.1744817831356453,6.6924246401766315e-09,1090
tama,internal,aec_segment,seg8_4,8.0,4.0,0.2080477882339961,4.008332967108563e-12,1090
tama,internal,aec_segment,seg8_5,8.0,5.0,0.3242763789058515,4.169178400535458e-28,1090
tama,internal,aec_segment,seg8_6,8.0,6.0,0.3978508150537724,1.178778495282162e-42,1090
tama,internal,aec_segment,seg8_7,8.0,7.0,0.4347285530899487,1.7955117418938685e-51,1090
tama,internal,aec_segment,seg8_8,8.0,8.0,0.3872289857949643,2.583165517234117e-40,1090
sat,internal,aec_segment,seg8_1,8.0,1.0,0.3188907853823142,3.4669976122565105e-27,1090
sat,internal,aec_segment,seg8_2,8.0,2.0,0.3490085348825286,1.4152032148167836e-32,1090
sat,internal,aec_segment,seg8_3,8.0,3.0,0.3951159217900527,4.811998001559928e-42,1090
sat,internal,aec_segment,seg8_4,8.0,4.0,0.4634709571801487,3.8347225149857013e-59,1090
sat,internal,aec_segment,seg8_5,8.0,5.0,0.4289505506060745,5.119507306831375e-50,1090
sat,internal,aec_segment,seg8_6,8.0,6.0,0.3504443216554076,7.563700867136962e-33,1090
sat,internal,aec_segment,seg8_7,8.0,7.0,0.2774350465810971,1.0305349003043557e-20,1090
sat,internal,aec_segment,seg8_8,8.0,8.0,0.2579515063793986,4.999114986476358e-18,1090
vat,internal,aec_segment,seg8_1,8.0,1.0,0.1631107382992401,6.12027963598348e-08,1090
vat,internal,aec_segment,seg8_2,8.0,2.0,0.2148992215220329,7.459999187168665e-13,1090
vat,internal,aec_segment,seg8_3,8.0,3.0,0.2997523729019627,4.569712218401727e-24,1090
vat,internal,aec_segment,seg8_4,8.0,4.0,0.4228685602665146,1.6240772719003382e-48,1090
vat,internal,aec_segment,seg8_5,8.0,5.0,0.5955606067599895,1.3212742275477044e-105,1090
vat,internal,aec_segment,seg8_6,8.0,6.0,0.627222060410438,3.0302257046697627e-120,1090
vat,internal,aec_segment,seg8_7,8.0,7.0,0.5971067463801031,2.778310471368089e-106,1090
vat,internal,aec_segment,seg8_8,8.0,8.0,0.5321493407439122,9.968478807160548e-81,1090
total_fat,internal,aec_segment,seg8_1,8.0,1.0,0.3026179748414629,1.6118945956573019e-24,1090
total_fat,internal,aec_segment,seg8_2,8.0,2.0,0.3478464181528146,2.3442810246088696e-32,1090
total_fat,internal,aec_segment,seg8_3,8.0,3.0,0.4196354114282752,9.915028171247897e-48,1090
total_fat,internal,aec_segment,seg8_4,8.0,4.0,0.5248375672309487,3.45294122645524e-78,1090
total_fat,internal,aec_segment,seg8_5,8.0,5.0,0.5791747195328557,1.1949255310404206e-98,1090
total_fat,internal,aec_segment,seg8_6,8.0,6.0,0.5375351312569628,1.2240758140618976e-82,1090
total_fat,internal,aec_segment,seg8_7,8.0,7.0,0.4715589435067273,1.9488582286038106e-61,1090
total_fat,internal,aec_segment,seg8_8,8.0,8.0,0.4279076675347291,9.30802420996421e-50,1090
imata,external,aec_segment,seg8_1,8.0,1.0,0.2620795029654856,5.210700238478952e-16,926
imata,external,aec_segment,seg8_2,8.0,2.0,0.3080200984929996,8.4157252569491915e-22,926
imata,external,aec_segment,seg8_3,8.0,3.0,0.3662092891858936,9.125019921039177e-31,926
imata,external,aec_segment,seg8_4,8.0,4.0,0.4286482143077701,1.121435669561497e-42,926
imata,external,aec_segment,seg8_5,8.0,5.0,0.4847541411264125,9.706325396849722e-56,926
imata,external,aec_segment,seg8_6,8.0,6.0,0.4589978138708511,1.9347625738804354e-49,926
imata,external,aec_segment,seg8_7,8.0,7.0,0.412986012487091,1.905793893782112e-39,926
imata,external,aec_segment,seg8_8,8.0,8.0,0.4137434819625729,1.3419862962342612e-39,926
nama,external,aec_segment,seg8_1,8.0,1.0,0.1840519524368113,1.686310987254566e-08,926
nama,external,aec_segment,seg8_2,8.0,2.0,0.1653355975302134,4.208751571926997e-07,926
nama,external,aec_segment,seg8_3,8.0,3.0,0.1479821413918826,6.126693716370934e-06,926
nama,external,aec_segment,seg8_4,8.0,4.0,0.0846605313503237,0.0099549683659082,926
nama,external,aec_segment,seg8_5,8.0,5.0,0.1348296923596365,3.8522366348879606e-05,926
nama,external,aec_segment,seg8_6,8.0,6.0,0.1963935291118979,1.6700976448447827e-09,926
nama,external,aec_segment,seg8_7,8.0,7.0,0.2362404160034216,3.277710685580401e-13,926
nama,external,aec_segment,seg8_8,8.0,8.0,0.2285906959030836,1.921098308312442e-12,926
lama,external,aec_segment,seg8_1,8.0,1.0,0.189718159531739,5.945186546938678e-09,926
lama,external,aec_segment,seg8_2,8.0,2.0,0.2304325736617776,1.2621900432148888e-12,926
lama,external,aec_segment,seg8_3,8.0,3.0,0.2811101592649657,2.8038923475763375e-18,926
lama,external,aec_segment,seg8_4,8.0,4.0,0.3330304329419387,2.0226045894047579e-25,926
lama,external,aec_segment,seg8_5,8.0,5.0,0.4139181585108564,1.2375563576081451e-39,926
lama,external,aec_segment,seg8_6,8.0,6.0,0.4240642790737223,1.0301690634038603e-41,926
lama,external,aec_segment,seg8_7,8.0,7.0,0.3945212973592834,7.490428053382004e-36,926
lama,external,aec_segment,seg8_8,8.0,8.0,0.3901329380158707,4.964530831805233e-35,926
tama,external,aec_segment,seg8_1,8.0,1.0,0.2833476050979919,1.4759534002249596e-18,926
tama,external,aec_segment,seg8_2,8.0,2.0,0.2893216423076288,2.585178778750625e-19,926
tama,external,aec_segment,seg8_3,8.0,3.0,0.3023496102179039,4.997594213917508e-21,926
tama,external,aec_segment,seg8_4,8.0,4.0,0.2741843758625061,1.969798029480332e-17,926
tama,external,aec_segment,seg8_5,8.0,5.0,0.3618907751743757,4.9270146705874115e-30,926
tama,external,aec_segment,seg8_6,8.0,6.0,0.4195351903930675,8.913348840997895e-41,926
tama,external,aec_segment,seg8_7,8.0,7.0,0.4377362098312265,1.247229293144922e-44,926
tama,external,aec_segment,seg8_8,8.0,8.0,0.4289309170345085,9.769865760549178e-43,926
sat,external,aec_segment,seg8_1,8.0,1.0,0.3900451442237654,5.154473370710813e-35,926
sat,external,aec_segment,seg8_2,8.0,2.0,0.4090802810911175,1.1464220582956741e-38,926
sat,external,aec_segment,seg8_3,8.0,3.0,0.4321373944957799,2.0261010574271405e-43,926
sat,external,aec_segment,seg8_4,8.0,4.0,0.4626553640646508,2.657537758170854e-50,926
sat,external,aec_segment,seg8_5,8.0,5.0,0.4459475174222449,1.9002930933888883e-46,926
sat,external,aec_segment,seg8_6,8.0,6.0,0.3802333440324318,3.1893186639811886e-33,926
sat,external,aec_segment,seg8_7,8.0,7.0,0.3198566876005289,1.7979586708665006e-23,926
sat,external,aec_segment,seg8_8,8.0,8.0,0.3348545135866161,1.06773118019107e-25,926
vat,external,aec_segment,seg8_1,8.0,1.0,0.1934638802173171,2.931955002284978e-09,926
vat,external,aec_segment,seg8_2,8.0,2.0,0.2399631372769192,1.355012648567219e-13,926
vat,external,aec_segment,seg8_3,8.0,3.0,0.3087095677081936,6.758638597182369e-22,926
vat,external,aec_segment,seg8_4,8.0,4.0,0.3804781397482965,2.8822989957144214e-33,926
vat,external,aec_segment,seg8_5,8.0,5.0,0.529137449246132,6.1039685595969535e-68,926
vat,external,aec_segment,seg8_6,8.0,6.0,0.5443205664819792,1.5114188614550472e-72,926
vat,external,aec_segment,seg8_7,8.0,7.0,0.4959884493726895,1.1653124112626338e-58,926
vat,external,aec_segment,seg8_8,8.0,8.0,0.4699639332331196,4.6781482396763736e-52,926
total_fat,external,aec_segment,seg8_1,8.0,1.0,0.3665165165359816,8.085470067605809e-31,926
total_fat,external,aec_segment,seg8_2,8.0,2.0,0.4005168981921951,5.396508223481692e-37,926
total_fat,external,aec_segment,seg8_3,8.0,3.0,0.4471027503438141,1.045097468986736e-46,926
total_fat,external,aec_segment,seg8_4,8.0,4.0,0.5004043848848018,7.732503906929734e-60,926
total_fat,external,aec_segment,seg8_5,8.0,5.0,0.5529480531640097,2.851913699250304e-75,926
total_fat,external,aec_segment,seg8_6,8.0,6.0,0.5119726573170196,5.235136585018379e-63,926
total_fat,external,aec_segment,seg8_7,8.0,7.0,0.4472438757290728,9.713309916379691e-47,926
total_fat,external,aec_segment,seg8_8,8.0,8.0,0.4467863533038694,1.2313267657565695e-46,926
imata,internal,aec_segment,seg16_1,16.0,1.0,0.2103948970502121,2.267886545584059e-12,1090
imata,internal,aec_segment,seg16_2,16.0,2.0,0.2260921872886501,4.223345263288573e-14,1090
imata,internal,aec_segment,seg16_3,16.0,3.0,0.2465819962120507,1.4633122581201102e-16,1090
imata,internal,aec_segment,seg16_4,16.0,4.0,0.2763295136492562,1.4838969578536484e-20,1090
imata,internal,aec_segment,seg16_5,16.0,5.0,0.3086095057476406,1.7563893615577185e-25,1090
imata,internal,aec_segment,seg16_6,16.0,6.0,0.3489103242761892,1.476992686083021e-32,1090
imata,internal,aec_segment,seg16_7,16.0,7.0,0.3997761979146692,4.34418082104258e-43,1090
imata,internal,aec_segment,seg16_8,16.0,8.0,0.4653724931333061,1.121846996955815e-59,1090
imata,internal,aec_segment,seg16_9,16.0,9.0,0.5089217868001352,7.184652382392948e-73,1090
imata,internal,aec_segment,seg16_10,16.0,10.0,0.5127870001844858,3.896345595875838e-74,1090
imata,internal,aec_segment,seg16_11,16.0,11.0,0.5066449982666652,3.9301700967527924e-72,1090
imata,internal,aec_segment,seg16_12,16.0,12.0,0.4906112879643727,4.3311717475758174e-67,1090
imata,internal,aec_segment,seg16_13,16.0,13.0,0.4638044925078943,3.092767108515075e-59,1090
imata,internal,aec_segment,seg16_14,16.0,14.0,0.4340178345052427,2.7207510937033384e-51,1090
imata,internal,aec_segment,seg16_15,16.0,15.0,0.4037160491385079,5.518804328681905e-44,1090
imata,internal,aec_segment,seg16_16,16.0,16.0,0.4200715709268632,7.776827263283856e-48,1090
nama,internal,aec_segment,seg16_1,16.0,1.0,0.039528909201367,0.1922114000545141,1090
nama,internal,aec_segment,seg16_2,16.0,2.0,0.0429444536126706,0.1565284414403283,1090
nama,internal,aec_segment,seg16_3,16.0,3.0,0.0491746865531113,0.1046688532619844,1090
nama,internal,aec_segment,seg16_4,16.0,4.0,0.0523774190626473,0.0839074685299672,1090
nama,internal,aec_segment,seg16_5,16.0,5.0,0.0492119240242,0.1044059725585638,1090
nama,internal,aec_segment,seg16_6,16.0,6.0,0.0353967958930769,0.2429457588701873,1090
nama,internal,aec_segment,seg16_7,16.0,7.0,0.0148266033723635,0.6248645441466494,1090
nama,internal,aec_segment,seg16_8,16.0,8.0,0.0232492009127506,0.4432011853754947,1090
nama,internal,aec_segment,seg16_9,16.0,9.0,0.0691910904150393,0.0223438504536071,1090
nama,internal,aec_segment,seg16_10,16.0,10.0,0.1188958107693714,8.32578323645065e-05,1090
nama,internal,aec_segment,seg16_11,16.0,11.0,0.1546998930022648,2.859081085949615e-07,1090
nama,internal,aec_segment,seg16_12,16.0,12.0,0.1875913158617627,4.327296266357018e-10,1090
nama,internal,aec_segment,seg16_13,16.0,13.0,0.2231991611719888,9.004761363737496e-14,1090
nama,internal,aec_segment,seg16_14,16.0,14.0,0.239605973412541,1.069246972563388e-15,1090
nama,internal,aec_segment,seg16_15,16.0,15.0,0.2168889534013424,4.528760433272984e-13,1090
nama,internal,aec_segment,seg16_16,16.0,16.0,0.1498506213551416,6.703921482392838e-07,1090
lama,internal,aec_segment,seg16_1,16.0,1.0,0.1581529548359481,1.533286392933006e-07,1090
lama,internal,aec_segment,seg16_2,16.0,2.0,0.1667807172825469,3.0453555908942363e-08,1090
lama,internal,aec_segment,seg16_3,16.0,3.0,0.185417166613644,6.911052228452604e-10,1090
lama,internal,aec_segment,seg16_4,16.0,4.0,0.2138964386059102,9.575863778940554e-13,1090
lama,internal,aec_segment,seg16_5,16.0,5.0,0.2486642742655347,7.984266711713225e-17,1090
lama,internal,aec_segment,seg16_6,16.0,6.0,0.2949115350032227,2.587529375140665e-23,1090
lama,internal,aec_segment,seg16_7,16.0,7.0,0.3416865269088627,3.2849028154437137e-31,1090
lama,internal,aec_segment,seg16_8,16.0,8.0,0.4095389601343266,2.4845500052945344e-45,1090
lama,internal,aec_segment,seg16_9,16.0,9.0,0.4786135899835997,1.7299914277342998e-63,1090
lama,internal,aec_segment,seg16_10,16.0,10.0,0.5137667032643665,1.850282647298825e-74,1090
lama,internal,aec_segment,seg16_11,16.0,11.0,0.5322325117947707,9.319280640692204e-81,1090
lama,internal,aec_segment,seg16_12,16.0,12.0,0.534609580061303,1.349106652599897e-81,1090
lama,internal,aec_segment,seg16_13,16.0,13.0,0.5258281283340327,1.5767745007564466e-78,1090
lama,internal,aec_segment,seg16_14,16.0,14.0,0.5070964366923201,2.8088218394141584e-72,1090
lama,internal,aec_segment,seg16_15,16.0,15.0,0.4880674256450446,2.583597027577392e-66,1090
lama,internal,aec_segment,seg16_16,16.0,16.0,0.4895710565305443,9.006600181806349e-67,1090
tama,internal,aec_segment,seg16_1,16.0,1.0,0.1153454997210808,0.0001353448021848,1090
tama,internal,aec_segment,seg16_2,16.0,2.0,0.1231058519182998,4.597393156833885e-05,1090
tama,internal,aec_segment,seg16_3,16.0,3.0,0.1375069237149024,5.207203669365585e-06,1090
tama,internal,aec_segment,seg16_4,16.0,4.0,0.1542460583679343,3.099946526074135e-07,1090
tama,internal,aec_segment,seg16_5,16.0,5.0,0.1685376007692483,2.168392493404113e-08,1090
tama,internal,aec_segment,seg16_6,16.0,6.0,0.1795119893132295,2.396497474364234e-09,1090
tama,internal,aec_segment,seg16_7,16.0,7.0,0.1863664881907827,5.637180402775062e-10,1090
tama,internal,aec_segment,seg16_8,16.0,8.0,0.2263226234442265,3.9743872837441345e-14,1090
tama,internal,aec_segment,seg16_9,16.0,9.0,0.2946805997096888,2.8083314067869494e-23,1090
tama,internal,aec_segment,seg16_10,16.0,10.0,0.3487632436321172,1.5745659621882804e-32,1090
tama,internal,aec_segment,seg16_11,16.0,11.0,0.3841247284672506,1.2027361164613211e-39,1090
tama,internal,aec_segment,seg16_12,16.0,12.0,0.4098786452482591,2.069501029572805e-45,1090
tama,internal,aec_segment,seg16_13,16.0,13.0,0.4323743996890644,7.08642730124383e-51,1090
tama,internal,aec_segment,seg16_14,16.0,14.0,0.4352170904571797,1.3485446863010253e-51,1090
tama,internal,aec_segment,seg16_15,16.0,15.0,0.4063052901566586,1.40074345351406e-44,1090
tama,internal,aec_segment,seg16_16,16.0,16.0,0.3545138383089189,1.2584954470835705e-33,1090
sat,internal,aec_segment,seg16_1,16.0,1.0,0.3089535665621111,1.5440291346010712e-25,1090
sat,internal,aec_segment,seg16_2,16.0,2.0,0.3280438911212247,9.233461343750748e-29,1090
sat,internal,aec_segment,seg16_3,16.0,3.0,0.3406948391777706,4.996959608537148e-31,1090
sat,internal,aec_segment,seg16_4,16.0,4.0,0.3562546241601934,5.796676407927298e-34,1090
sat,internal,aec_segment,seg16_5,16.0,5.0,0.3765629765867791,4.759356533698153e-38,1090
sat,internal,aec_segment,seg16_6,16.0,6.0,0.4117325138956372,7.603454973474356e-46,1090
sat,internal,aec_segment,seg16_7,16.0,7.0,0.4530268219395941,2.8592245782555267e-56,1090
sat,internal,aec_segment,seg16_8,16.0,8.0,0.4671428962233132,3.5473778979998385e-60,1090
sat,internal,aec_segment,seg16_9,16.0,9.0,0.4468841311387187,1.2579951778128668e-54,1090
sat,internal,aec_segment,seg16_10,16.0,10.0,0.4081019300859232,5.371049866502656e-45,1090
sat,internal,aec_segment,seg16_11,16.0,11.0,0.3681935576098193,2.494196470253921e-36,1090
sat,internal,aec_segment,seg16_12,16.0,12.0,0.3311305536847093,2.6429119168070164e-29,1090
sat,internal,aec_segment,seg16_13,16.0,13.0,0.2933786945013276,4.449660838981911e-23,1090
sat,internal,aec_segment,seg16_14,16.0,14.0,0.2598747644109886,2.7768532879854733e-18,1090
sat,internal,aec_segment,seg16_15,16.0,15.0,0.2312156043554911,1.07685312578408e-14,1090
sat,internal,aec_segment,seg16_16,16.0,16.0,0.2797966974554235,4.7031335382074825e-21,1090
vat,internal,aec_segment,seg16_1,16.0,1.0,0.1553900180599267,2.527055567119576e-07,1090
vat,internal,aec_segment,seg16_2,16.0,2.0,0.1704634498100298,1.4882381425721464e-08,1090
vat,internal,aec_segment,seg16_3,16.0,3.0,0.1944974050711794,9.422834440674299e-11,1090
vat,internal,aec_segment,seg16_4,16.0,4.0,0.2347415040392132,4.1244062800879006e-15,1090
vat,internal,aec_segment,seg16_5,16.0,5.0,0.2779424822841198,8.712494905658246e-21,1090
vat,internal,aec_segment,seg16_6,16.0,6.0,0.3202958189501738,2.003380271978945e-27,1090
vat,internal,aec_segment,seg16_7,16.0,7.0,0.3724716303030196,3.344877475080189e-37,1090
vat,internal,aec_segment,seg16_8,16.0,8.0,0.466205176401329,6.533103067390374e-60,1090
vat,internal,aec_segment,seg16_9,16.0,9.0,0.5665764943804348,1.4570708189808136e-93,1090
vat,internal,aec_segment,seg16_10,16.0,10.0,0.6168698327108644,2.8335551662390698e-115,1090
vat,internal,aec_segment,seg16_11,16.0,11.0,0.6286992630907149,5.711710707869106e-121,1090
vat,internal,aec_segment,seg16_12,16.0,12.0,0.6230143424571832,3.345575392246739e-118,1090
vat,internal,aec_segment,seg16_13,16.0,13.0,0.6086850446256747,1.7909473155210223e-111,1090
vat,internal,aec_segment,seg16_14,16.0,14.0,0.5826042876959701,4.508530823046454e-100,1090
vat,internal,aec_segment,seg16_15,16.0,15.0,0.5332754275126008,3.999037870856749e-81,1090
vat,internal,aec_segment,seg16_16,16.0,16.0,0.5149483138040737,7.512060447631079e-75,1090
total_fat,internal,aec_segment,seg16_1,16.0,1.0,0.2919808540157704,7.274177774733508e-23,1090
total_fat,internal,aec_segment,seg16_2,16.0,2.0,0.3125261225382891,4.009907966641346e-26,1090
total_fat,internal,aec_segment,seg16_3,16.0,3.0,0.3325676495735024,1.4689431987063946e-29,1090
total_fat,internal,aec_segment,seg16_4,16.0,4.0,0.362105901069064,4.1308036887032946e-35,1090
total_fat,internal,aec_segment,seg16_5,16.0,5.0,0.3963920017906769,2.500353159111393e-42,1090
total_fat,internal,aec_segment,seg16_6,16.0,6.0,0.4409149872631439,4.621180572951683e-53,1090
total_fat,internal,aec_segment,seg16_7,16.0,7.0,0.4943111314942439,3.138985251874706e-68,1090
total_fat,internal,aec_segment,seg16_8,16.0,8.0,0.5472918321510711,3.442281527552061e-86,1090
total_fat,internal,aec_segment,seg16_9,16.0,9.0,0.578734048179948,1.815521069711689e-98,1090
total_fat,internal,aec_segment,seg16_10,16.0,10.0,0.574019619541619,1.5319682676077853e-96,1090
total_fat,internal,aec_segment,seg16_11,16.0,11.0,0.5509005296099527,1.56153605364331e-87,1090
total_fat,internal,aec_segment,seg16_12,16.0,12.0,0.5218018263249328,3.7538198281766715e-77,1090
total_fat,internal,aec_segment,seg16_13,16.0,13.0,0.4882553218896065,2.2654733840904745e-66,1090
total_fat,internal,aec_segment,seg16_14,16.0,14.0,0.452368804828559,4.30435287487754e-56,1090
total_fat,internal,aec_segment,seg16_15,16.0,15.0,0.4093085770909473,2.81212447752432e-45,1090
total_fat,internal,aec_segment,seg16_16,16.0,16.0,0.4356549927447514,1.0429296071348744e-51,1090
imata,external,aec_segment,seg16_1,16.0,1.0,0.254281448945576,3.9377535096229946e-15,926
imata,external,aec_segment,seg16_2,16.0,2.0,0.2685738095131488,9.177672042179077e-17,926
imata,external,aec_segment,seg16_3,16.0,3.0,0.2936998449809188,7.020943866840903e-20,926
imata,external,aec_segment,seg16_4,16.0,4.0,0.3212819540951224,1.1182543975715361e-23,926
imata,external,aec_segment,seg16_5,16.0,5.0,0.3545211667668321,8.254011023231094e-29,926
imata,external,aec_segment,seg16_6,16.0,6.0,0.3762974944088419,1.6045319113126482e-32,926
imata,external,aec_segment,seg16_7,16.0,7.0,0.4054097976840838,6.057797452234925e-38,926
imata,external,aec_segment,seg16_8,16.0,8.0,0.4475159941218299,8.433897976313403e-47,926
imata,external,aec_segment,seg16_9,16.0,9.0,0.4804384642347145,1.2034730867072509e-54,926
imata,external,aec_segment,seg16_10,16.0,10.0,0.4848962489011616,8.928639117934282e-56,926
imata,external,aec_segment,seg16_11,16.0,11.0,0.4710625169532983,2.5273633680179675e-52,926
imata,external,aec_segment,seg16_12,16.0,12.0,0.4447370771341902,3.546690629427579e-46,926
imata,external,aec_segment,seg16_13,16.0,13.0,0.421191058735858,4.0651411685414134e-41,926
imata,external,aec_segment,seg16_14,16.0,14.0,0.402766807336179,1.9830538775259327e-37,926
imata,external,aec_segment,seg16_15,16.0,15.0,0.404649130705125,8.531315502820478e-38,926
imata,external,aec_segment,seg16_16,16.0,16.0,0.4180137961159619,1.826593058339579e-40,926
nama,external,aec_segment,seg16_1,16.0,1.0,0.188186481997383,7.905643028273439e-09,926
nama,external,aec_segment,seg16_2,16.0,2.0,0.1791487483410191,4.0504189027239263e-08,926
nama,external,aec_segment,seg16_3,16.0,3.0,0.1719190617219617,1.41176071016392e-07,926
nama,external,aec_segment,seg16_4,16.0,4.0,0.1578875167048522,1.3764673778675034e-06,926
nama,external,aec_segment,seg16_5,16.0,5.0,0.1546254412646586,2.274197334478204e-06,926
nama,external,aec_segment,seg16_6,16.0,6.0,0.1403790934585898,1.809013741115348e-05,926
nama,external,aec_segment,seg16_7,16.0,7.0,0.0950181551488534,0.0038028262852511,926
nama,external,aec_segment,seg16_8,16.0,8.0,0.0731963356753783,0.0259230637564084,926
nama,external,aec_segment,seg16_9,16.0,9.0,0.1084652299870699,0.0009466397482324,926
nama,external,aec_segment,seg16_10,16.0,10.0,0.1592600345355466,1.1109285753480215e-06,926
nama,external,aec_segment,seg16_11,16.0,11.0,0.1841800126837118,1.6476269294067583e-08,926
nama,external,aec_segment,seg16_12,16.0,12.0,0.2074726167907234,1.836810077406149e-10,926
nama,external,aec_segment,seg16_13,16.0,13.0,0.2284749569956551,1.972242167551499e-12,926
nama,external,aec_segment,seg16_14,16.0,14.0,0.2430430194570479,6.451014648840073e-14,926
nama,external,aec_segment,seg16_15,16.0,15.0,0.246461868242439,2.7962718995062884e-14,926
nama,external,aec_segment,seg16_16,16.0,16.0,0.2075464640202586,1.8092167944130758e-10,926
lama,external,aec_segment,seg16_1,16.0,1.0,0.1834991702159324,1.8636397900850022e-08,926
lama,external,aec_segment,seg16_2,16.0,2.0,0.1949845974540955,2.1915844082620393e-09,926
lama,external,aec_segment,seg16_3,16.0,3.0,0.2167371702362475,2.6314349029349403e-11,926
lama,external,aec_segment,seg16_4,16.0,4.0,0.2433981456537818,5.918002073327305e-14,926
lama,external,aec_segment,seg16_5,16.0,5.0,0.2724217665699041,3.206732609036422e-17,926
lama,external,aec_segment,seg16_6,16.0,6.0,0.2885626037900565,3.233183806701032e-19,926
lama,external,aec_segment,seg16_7,16.0,7.0,0.309625728101034,5.04572398271326e-22,926
lama,external,aec_segment,seg16_8,16.0,8.0,0.3531265506342324,1.3954068774186169e-28,926
lama,external,aec_segment,seg16_9,16.0,9.0,0.4000741582252405,6.565627457445909e-37,926
lama,external,aec_segment,seg16_10,16.0,10.0,0.4238862828518048,1.1220414292640968e-41,926
lama,external,aec_segment,seg16_11,16.0,11.0,0.429080968083774,9.079872333816536e-43,926
lama,external,aec_segment,seg16_12,16.0,12.0,0.4169499707335934,3.010078779174758e-40,926
lama,external,aec_segment,seg16_13,16.0,13.0,0.4031620125472086,1.6619525487150765e-37,926
lama,external,aec_segment,seg16_14,16.0,14.0,0.3839442832559422,6.81207047993277e-34,926
lama,external,aec_segment,seg16_15,16.0,15.0,0.3783682060949366,6.877014784613525e-33,926
lama,external,aec_segment,seg16_16,16.0,16.0,0.3974196570152765,2.1143999819796332e-36,926
tama,external,aec_segment,seg16_1,16.0,1.0,0.2835085863715683,1.4090406336211814e-18,926
tama,external,aec_segment,seg16_2,16.0,2.0,0.2819084130499557,2.2316413236446163e-18,926
tama,external,aec_segment,seg16_3,16.0,3.0,0.2877208203161872,4.1401346359218473e-19,926
tama,external,aec_segment,seg16_4,16.0,4.0,0.289682097690323,2.324111258949253e-19,926
tama,external,aec_segment,seg16_5,16.0,5.0,0.3032706882253588,3.7518610750497056e-21,926
tama,external,aec_segment,seg16_6,16.0,6.0,0.299816292556804,1.0937633107222165e-20,926
tama,external,aec_segment,seg16_7,16.0,7.0,0.2707845282418843,5.026495330989961e-17,926
tama,external,aec_segment,seg16_8,16.0,8.0,0.2746019048228691,1.7541265884847754e-17,926
tama,external,aec_segment,seg16_9,16.0,9.0,0.3312074523177684,3.8135575996418456e-25,926
tama,external,aec_segment,seg16_10,16.0,10.0,0.3886144613035953,9.48882865741807e-35,926
tama,external,aec_segment,seg16_11,16.0,11.0,0.4119773929633673,3.036019160142096e-39,926
tama,external,aec_segment,seg16_12,16.0,12.0,0.4248773976529825,6.968582637641615e-42,926
tama,external,aec_segment,seg16_13,16.0,13.0,0.4353198953742671,4.18066270798779e-44,926
tama,external,aec_segment,seg16_14,16.0,14.0,0.4381865111242551,9.944485488012132e-45,926
tama,external,aec_segment,seg16_15,16.0,15.0,0.4391950748191868,5.980446047092095e-45,926
tama,external,aec_segment,seg16_16,16.0,16.0,0.4132288842845718,1.7032434522684686e-39,926
sat,external,aec_segment,seg16_1,16.0,1.0,0.38329769753004,8.927171311840635e-34,926
sat,external,aec_segment,seg16_2,16.0,2.0,0.3949265255397017,6.281058391803453e-36,926
sat,external,aec_segment,seg16_3,16.0,3.0,0.4070354477907728,2.9055326846447104e-38,926
sat,external,aec_segment,seg16_4,16.0,4.0,0.4093667816407576,1.0058482928191515e-38,926
sat,external,aec_segment,seg16_5,16.0,5.0,0.4232283730854494,1.5379657575897948e-41,926
sat,external,aec_segment,seg16_6,16.0,6.0,0.4390238940525757,6.520337600020918e-45,926
sat,external,aec_segment,seg16_7,16.0,7.0,0.4523771335294324,6.619926438510602e-48,926
sat,external,aec_segment,seg16_8,16.0,8.0,0.4679752008650416,1.418018837306346e-51,926
sat,external,aec_segment,seg16_9,16.0,9.0,0.4554749919256047,1.2799098588066956e-48,926
sat,external,aec_segment,seg16_10,16.0,10.0,0.4329953632174859,1.3261685839773622e-43,926
sat,external,aec_segment,seg16_11,16.0,11.0,0.4022911081370121,2.452101967598182e-37,926
sat,external,aec_segment,seg16_12,16.0,12.0,0.3564916321425824,3.913110466613836e-29,926
sat,external,aec_segment,seg16_13,16.0,13.0,0.3254619696923889,2.7369609634435053e-24,926
sat,external,aec_segment,seg16_14,16.0,14.0,0.3127028323383465,1.8762951490434671e-22,926
sat,external,aec_segment,seg16_15,16.0,15.0,0.319550955225921,1.990102869293519e-23,926
sat,external,aec_segment,seg16_16,16.0,16.0,0.3464300144068397,1.6743872248699536e-27,926
vat,external,aec_segment,seg16_1,16.0,1.0,0.185160509914065,1.3786516064969952e-08,926
vat,external,aec_segment,seg16_2,16.0,2.0,0.2007659068249614,7.094382697457464e-10,926
vat,external,aec_segment,seg16_3,16.0,3.0,0.2256814006726151,3.702529719769572e-12,926
vat,external,aec_segment,seg16_4,16.0,4.0,0.2534852704783167,4.822493531575268e-15,926
vat,external,aec_segment,seg16_5,16.0,5.0,0.296150871287951,3.350861043388113e-20,926
vat,external,aec_segment,seg16_6,16.0,6.0,0.3199941206945756,1.717675489799663e-23,926
vat,external,aec_segment,seg16_7,16.0,7.0,0.3447336162998674,3.112502600956641e-27,926
vat,external,aec_segment,seg16_8,16.0,8.0,0.4125893008352465,2.2892816583617885e-39,926
vat,external,aec_segment,seg16_9,16.0,9.0,0.5026663244312923,1.8973393599083902e-60,926
vat,external,aec_segment,seg16_10,16.0,10.0,0.5503841944514625,1.8751012467834345e-74,926
vat,external,aec_segment,seg16_11,16.0,11.0,0.552368512734807,4.3715493369147475e-75,926
vat,external,aec_segment,seg16_12,16.0,12.0,0.5335981918407138,2.861406919581144e-69,926
vat,external,aec_segment,seg16_13,16.0,13.0,0.5076697379720496,8.16685685220776e-62,926
vat,external,aec_segment,seg16_14,16.0,14.0,0.481860431244033,5.271134882965792e-55,926
vat,external,aec_segment,seg16_15,16.0,15.0,0.470349044409302,3.770898523699907e-52,926
vat,external,aec_segment,seg16_16,16.0,16.0,0.4638616282693815,1.373535879032953e-50,926
total_fat,external,aec_segment,seg16_1,16.0,1.0,0.358020855397749,2.1846643218882225e-29,926
total_fat,external,aec_segment,seg16_2,16.0,2.0,0.3732257330484581,5.57560154594509e-32,926
total_fat,external,aec_segment,seg16_3,16.0,3.0,0.3928264284630635,1.5602963973746711e-35,926
total_fat,external,aec_segment,seg16_4,16.0,4.0,0.4066040359734464,3.532458864319283e-38,926
total_fat,external,aec_segment,seg16_5,16.0,5.0,0.4351917940388825,4.4563122856145705e-44,926
total_fat,external,aec_segment,seg16_6,16.0,6.0,0.4569953677689854,5.678371272746861e-49,926
total_fat,external,aec_segment,seg16_7,16.0,7.0,0.4774204263060713,6.852163887711476e-54,926
total_fat,external,aec_segment,seg16_8,16.0,8.0,0.5182185826258581,9.044281463249362e-65,926
total_fat,external,aec_segment,seg16_9,16.0,9.0,0.5483357784059797,8.34456040972435e-74,926
total_fat,external,aec_segment,seg16_10,16.0,10.0,0.5528091744474097,3.159525022451993e-75,926
total_fat,external,aec_segment,seg16_11,16.0,11.0,0.5314419886708253,1.2632151131973683e-68,926
total_fat,external,aec_segment,seg16_12,16.0,12.0,0.4901212425447014,4.0300504373917933e-57,926
total_fat,external,aec_segment,seg16_13,16.0,13.0,0.4563813953922051,7.888096724279276e-49,926
total_fat,external,aec_segment,seg16_14,16.0,14.0,0.4359212927274436,3.096704953675455e-44,926
total_fat,external,aec_segment,seg16_15,16.0,15.0,0.4358739673805708,3.1707829200528996e-44,926
total_fat,external,aec_segment,seg16_16,16.0,16.0,0.4525136528727121,6.1596619434993e-48,926
imata,internal,aec_segment,seg32_1,32.0,1.0,0.2073230910254016,4.772475178835096e-12,1090
imata,internal,aec_segment,seg32_2,32.0,2.0,0.2132809798671695,1.1154922072734524e-12,1090
imata,internal,aec_segment,seg32_3,32.0,3.0,0.2215909588403243,1.3655132024123932e-13,1090
imata,internal,aec_segment,seg32_4,32.0,4.0,0.2304346006865979,1.3290926777661772e-14,1090
imata,internal,aec_segment,seg32_5,32.0,5.0,0.2401674213988207,9.13200557026832e-16,1090
imata,internal,aec_segment,seg32_6,32.0,6.0,0.2528076247556525,2.351979143654161e-17,1090
imata,internal,aec_segment,seg32_7,32.0,7.0,0.2686232068501704,1.7995500530411518e-19,1090
imata,internal,aec_segment,seg32_8,32.0,8.0,0.2837734760887145,1.2337418143907748e-21,1090
imata,internal,aec_segment,seg32_9,32.0,9.0,0.2995949157671758,4.83735824839884e-24,1090
imata,internal,aec_segment,seg32_10,32.0,10.0,0.3172629681075803,6.52122597771836e-27,1090
imata,internal,aec_segment,seg32_11,32.0,11.0,0.3366262014427781,2.749545053817725e-30,1090
imata,internal,aec_segment,seg32_12,32.0,12.0,0.3605887389807887,8.237179447213502e-35,1090
imata,internal,aec_segment,seg32_13,32.0,13.0,0.3844381044759626,1.030527663145354e-39,1090
imata,internal,aec_segment,seg32_14,32.0,14.0,0.4136335720394805,2.7054292860337547e-46,1090
imata,internal,aec_segment,seg32_15,32.0,15.0,0.4478016534572117,7.183472397970961e-55,1090
imata,internal,aec_segment,seg32_16,32.0,16.0,0.4801326350784982,6.165094848606483e-64,1090
imata,internal,aec_segment,seg32_17,32.0,17.0,0.5030631366461045,5.548882312102392e-71,1090
imata,internal,aec_segment,seg32_18,32.0,18.0,0.5124332896315323,5.095249611907814e-74,1090
imata,internal,aec_segment,seg32_19,32.0,19.0,0.5131404134607043,2.9792732352226467e-74,1090
imata,internal,aec_segment,seg32_20,32.0,20.0,0.511398144397485,1.1151749143332189e-73,1090
imata,internal,aec_segment,seg32_21,32.0,21.0,0.5085592393353497,9.42534548075728e-73,1090
imata,internal,aec_segment,seg32_22,32.0,22.0,0.5040504440406253,2.6831176769971597e-71,1090
imata,internal,aec_segment,seg32_23,32.0,23.0,0.4962626371187258,7.761200460820422e-69,1090
imata,internal,aec_segment,seg32_24,32.0,24.0,0.4843554471310176,3.406676472563523e-65,1090
imata,internal,aec_segment,seg32_25,32.0,25.0,0.4709544428097569,2.9064839757746217e-61,1090
imata,internal,aec_segment,seg32_26,32.0,26.0,0.4560073009924437,4.4325402910093395e-57,1090
imata,internal,aec_segment,seg32_27,32.0,27.0,0.4411664246362167,3.9760784540107324e-53,1090
imata,internal,aec_segment,seg32_28,32.0,28.0,0.4258418897196379,3.0231530010611257e-49,1090
imata,internal,aec_segment,seg32_29,32.0,29.0,0.4091482003056155,3.0651542381071593e-45,1090
imata,internal,aec_segment,seg32_30,32.0,30.0,0.3959446302666932,3.1464613732929e-42,1090
imata,internal,aec_segment,seg32_31,32.0,31.0,0.4029131249580209,8.422462703557157e-44,1090
imata,internal,aec_segment,seg32_32,32.0,32.0,0.4304110740494916,2.2084796133212336e-50,1090
nama,internal,aec_segment,seg32_1,32.0,1.0,0.0399830378528693,0.1871494679364542,1090
nama,internal,aec_segment,seg32_2,32.0,2.0,0.0390298636535634,0.1978891289849762,1090
nama,internal,aec_segment,seg32_3,32.0,3.0,0.0415339425659967,0.1706035102263077,1090
nama,internal,aec_segment,seg32_4,32.0,4.0,0.0443270230918925,0.1436034394182163,1090
nama,internal,aec_segment,seg32_5,32.0,5.0,0.0476457575739888,0.1159227852262367,1090
nama,internal,aec_segment,seg32_6,32.0,6.0,0.0506665241257297,0.0945406198624138,1090
nama,internal,aec_segment,seg32_7,32.0,7.0,0.0518816142080405,0.0868843380109095,1090
nama,internal,aec_segment,seg32_8,32.0,8.0,0.0528206442348977,0.0813166075327511,1090
nama,internal,aec_segment,seg32_9,32.0,9.0,0.0513703636563067,0.0900425158879321,1090
nama,internal,aec_segment,seg32_10,32.0,10.0,0.0469560558643266,0.1213007268385454,1090
nama,internal,aec_segment,seg32_11,32.0,11.0,0.0399663870998814,0.1873333117669834,1090
nama,internal,aec_segment,seg32_12,32.0,12.0,0.0306778676383097,0.311580901068228,1090
nama,internal,aec_segment,seg32_13,32.0,13.0,0.0190446397402129,0.5299403159788489,1090
nama,internal,aec_segment,seg32_14,32.0,14.0,0.0105481632113108,0.7279458765884036,1090
nama,internal,aec_segment,seg32_15,32.0,15.0,0.0152557156113359,0.6148791471970908,1090
nama,internal,aec_segment,seg32_16,32.0,16.0,0.0309156505670063,0.3078435295213944,1090
nama,internal,aec_segment,seg32_17,32.0,17.0,0.0550582145173026,0.069209794738947,1090
nama,internal,aec_segment,seg32_18,32.0,18.0,0.082456528764775,0.0064529636448611,1090
nama,internal,aec_segment,seg32_19,32.0,19.0,0.1083468876987611,0.0003389713177714,1090
nama,internal,aec_segment,seg32_20,32.0,20.0,0.1289549896222667,1.951008513448004e-05,1090
nama,internal,aec_segment,seg32_21,32.0,21.0,0.1466843817821557,1.1528160194837468e-06,1090
nama,internal,aec_segment,seg32_22,32.0,22.0,0.1624798293478458,6.889793178895677e-08,1090
nama,internal,aec_segment,seg32_23,32.0,23.0,0.1780606209109469,3.232824035757082e-09,1090
nama,internal,aec_segment,seg32_24,32.0,24.0,0.1969477181894595,5.411827890971136e-11,1090
nama,internal,aec_segment,seg32_25,32.0,25.0,0.2141074554183976,9.086646238825228e-13,1090
nama,internal,aec_segment,seg32_26,32.0,26.0,0.2320848414643849,8.512139872456964e-15,1090
nama,internal,aec_segment,seg32_27,32.0,27.0,0.2397708535751932,1.02088388753617e-15,1090
nama,internal,aec_segment,seg32_28,32.0,28.0,0.2389404718201023,1.288429007947038e-15,1090
nama,internal,aec_segment,seg32_29,32.0,29.0,0.2277738253220761,2.7066619586476376e-14,1090
nama,internal,aec_segment,seg32_30,32.0,30.0,0.2044203320879115,9.538843006533592e-12,1090
nama,internal,aec_segment,seg32_31,32.0,31.0,0.1650518193865714,4.239160355313438e-08,1090
nama,internal,aec_segment,seg32_32,32.0,32.0,0.1309234561110857,1.449838935929765e-05,1090
lama,internal,aec_segment,seg32_1,32.0,1.0,0.1573545762468074,1.7730168505903497e-07,1090
lama,internal,aec_segment,seg32_2,32.0,2.0,0.1587970430028253,1.3630006933394412e-07,1090
lama,internal,aec_segment,seg32_3,32.0,3.0,0.1635875132193715,5.5946196645411266e-08,1090
lama,internal,aec_segment,seg32_4,32.0,4.0,0.1698562594813483,1.6765316118127532e-08,1090
lama,internal,aec_segment,seg32_5,32.0,5.0,0.1785633180160498,2.915242458060082e-09,1090
lama,internal,aec_segment,seg32_6,32.0,6.0,0.1921337286832747,1.597891434388565e-10,1090
lama,internal,aec_segment,seg32_7,32.0,7.0,0.2066489734083422,5.610287457159584e-12,1090
lama,internal,aec_segment,seg32_8,32.0,8.0,0.2209446243666316,1.612779166297827e-13,1090
lama,internal,aec_segment,seg32_9,32.0,9.0,0.238066909355788,1.6443269626426805e-15,1090
lama,internal,aec_segment,seg32_10,32.0,10.0,0.2590075955041652,3.621967903982374e-18,1090
lama,internal,aec_segment,seg32_11,32.0,11.0,0.2825310995819201,1.878443353876833e-21,1090
lama,internal,aec_segment,seg32_12,32.0,12.0,0.3068101895844547,3.436290963219855e-25,1090
lama,internal,aec_segment,seg32_13,32.0,13.0,0.3284403738835516,7.869173255426659e-29,1090
lama,internal,aec_segment,seg32_14,32.0,14.0,0.3536672740457491,1.831557239166317e-33,1090
lama,internal,aec_segment,seg32_15,32.0,15.0,0.3885756033879312,1.3186396723280035e-40,1090
lama,internal,aec_segment,seg32_16,32.0,16.0,0.427884574994192,9.431834669300951e-50,1090
lama,internal,aec_segment,seg32_17,32.0,17.0,0.4647358804117882,1.6944129030491562e-59,1090
lama,internal,aec_segment,seg32_18,32.0,18.0,0.4899398823152309,6.949469029092896e-67,1090
lama,internal,aec_segment,seg32_19,32.0,19.0,0.5069730778445405,3.0790068724920257e-72,1090
lama,internal,aec_segment,seg32_20,32.0,20.0,0.5193550448122015,2.5240658709262396e-76,1090
lama,internal,aec_segment,seg32_21,32.0,21.0,0.5288845829283267,1.381155741426805e-79,1090
lama,internal,aec_segment,seg32_22,32.0,22.0,0.5348484171350563,1.1100510962405194e-81,1090
lama,internal,aec_segment,seg32_23,32.0,23.0,0.535806060030032,5.070293980418989e-82,1090
lama,internal,aec_segment,seg32_24,32.0,24.0,0.5327785200947566,5.986595294133315e-81,1090
lama,internal,aec_segment,seg32_25,32.0,25.0,0.5285167055523448,1.8539611721456992e-79,1090
lama,internal,aec_segment,seg32_26,32.0,26.0,0.52245133926214,2.257550051852708e-77,1090
lama,internal,aec_segment,seg32_27,32.0,27.0,0.5123190246012491,5.556146524130169e-74,1090
lama,internal,aec_segment,seg32_28,32.0,28.0,0.5007285839243906,3.063932544497342e-70,1090
lama,internal,aec_segment,seg32_29,32.0,29.0,0.4900399700014927,6.476930891700139e-67,1090
lama,internal,aec_segment,seg32_30,32.0,30.0,0.4834554576286178,6.336324699845427e-65,1090
lama,internal,aec_segment,seg32_31,32.0,31.0,0.4835827989790605,5.804344795382345e-65,1090
lama,internal,aec_segment,seg32_32,32.0,32.0,0.4867623650108338,6.421026335589939e-66,1090
tama,internal,aec_segment,seg32_1,32.0,1.0,0.1150759460204021,0.0001403529272572,1090
tama,internal,aec_segment,seg32_2,32.0,2.0,0.1154994854367362,0.0001325598095296,1090
tama,internal,aec_segment,seg32_3,32.0,3.0,0.120255475157975,6.887215776796911e-05,1090
tama,internal,aec_segment,seg32_4,32.0,4.0,0.1258713541801916,3.079877193896313e-05,1090
tama,internal,aec_segment,seg32_5,32.0,5.0,0.1329460469672621,1.063912597324912e-05,1090
tama,internal,aec_segment,seg32_6,32.0,6.0,0.1419647557886091,2.532932058561281e-06,1090
tama,internal,aec_segment,seg32_7,32.0,7.0,0.1502294076172645,6.278199981452774e-07,1090
tama,internal,aec_segment,seg32_8,32.0,8.0,0.1581154268659857,1.54381724502038e-07,1090
tama,internal,aec_segment,seg32_9,32.0,9.0,0.1652332705773005,4.0951946457955785e-08,1090
tama,internal,aec_segment,seg32_10,32.0,10.0,0.1716267773782195,1.1831119376795738e-08,1090
tama,internal,aec_segment,seg32_11,32.0,11.0,0.1771175261631233,3.921796515242054e-09,1090
tama,internal,aec_segment,seg32_12,32.0,12.0,0.1815354957567496,1.572289678456037e-09,1090
tama,internal,aec_segment,seg32_13,32.0,13.0,0.1830280058271243,1.1486356338832764e-09,1090
tama,internal,aec_segment,seg32_14,32.0,14.0,0.1890103231345285,3.1783268036922357e-10,1090
tama,internal,aec_segment,seg32_15,32.0,15.0,0.2099139150894303,2.5500355078471827e-12,1090
tama,internal,aec_segment,seg32_16,32.0,16.0,0.2411581849166853,6.906191379663753e-16,1090
tama,internal,aec_segment,seg32_17,32.0,17.0,0.2772981117813013,1.0782378111925354e-20,1090
tama,internal,aec_segment,seg32_18,32.0,18.0,0.3101288111806485,9.929506514888786e-26,1090
tama,internal,aec_segment,seg32_19,32.0,19.0,0.3376676942065927,1.7813363829450684e-30,1090
tama,internal,aec_segment,seg32_20,32.0,20.0,0.3588883321764848,1.7774814344631692e-34,1090
tama,internal,aec_segment,seg32_21,32.0,21.0,0.3765687975269468,4.746076599618789e-38,1090
tama,internal,aec_segment,seg32_22,32.0,22.0,0.3911356986066767,3.640687888187068e-41,1090
tama,internal,aec_segment,seg32_23,32.0,23.0,0.4032499577546028,7.054744283389552e-44,1090
tama,internal,aec_segment,seg32_24,32.0,24.0,0.4160574953724419,7.174971669448377e-47,1090
tama,internal,aec_segment,seg32_25,32.0,25.0,0.4268352363694456,1.717494564537035e-49,1090
tama,internal,aec_segment,seg32_26,32.0,26.0,0.437412873392607,3.703091601812333e-52,1090
tama,internal,aec_segment,seg32_27,32.0,27.0,0.4381268624693991,2.427499414942327e-52,1090
tama,internal,aec_segment,seg32_28,32.0,28.0,0.4313520631496275,1.2820157589540114e-50,1090
tama,internal,aec_segment,seg32_29,32.0,29.0,0.4164337026100422,5.833538910641228e-47,1090
tama,internal,aec_segment,seg32_30,32.0,30.0,0.3936312589687632,1.0269698278625424e-41,1090
tama,internal,aec_segment,seg32_31,32.0,31.0,0.3626433960433498,3.2318665914973327e-35,1090
tama,internal,aec_segment,seg32_32,32.0,32.0,0.3392579112928712,9.151942726415628e-31,1090
sat,internal,aec_segment,seg32_1,32.0,1.0,0.3032417579357424,1.2827761946060555e-24,1090
sat,internal,aec_segment,seg32_2,32.0,2.0,0.3144043240253693,1.9591718362877835e-26,1090
sat,internal,aec_segment,seg32_3,32.0,3.0,0.3240465144812646,4.56768140254657e-28,1090
sat,internal,aec_segment,seg32_4,32.0,4.0,0.3318006949462935,2.010504542034387e-29,1090
sat,internal,aec_segment,seg32_5,32.0,5.0,0.3373091981955524,2.0687923803979198e-30,1090
sat,internal,aec_segment,seg32_6,32.0,6.0,0.3438064934639511,1.3330352036719408e-31,1090
sat,internal,aec_segment,seg32_7,32.0,7.0,0.3522535467831793,3.418754590890162e-33,1090
sat,internal,aec_segment,seg32_8,32.0,8.0,0.359899930383145,1.125464378833442e-34,1090
sat,internal,aec_segment,seg32_9,32.0,9.0,0.3703420273368196,9.127997068751921e-37,1090
sat,internal,aec_segment,seg32_10,32.0,10.0,0.3822903353876533,2.9617630413394524e-39,1090
sat,internal,aec_segment,seg32_11,32.0,11.0,0.4000548322075419,3.757790977718707e-43,1090
sat,internal,aec_segment,seg32_12,32.0,12.0,0.4226528392379809,1.833564729385758e-48,1090
sat,internal,aec_segment,seg32_13,32.0,13.0,0.4438710611308875,7.826819646096312e-54,1090
sat,internal,aec_segment,seg32_14,32.0,14.0,0.4604951999373595,2.5843764570235198e-58,1090
sat,internal,aec_segment,seg32_15,32.0,15.0,0.4663726958657985,5.858697620366527e-60,1090
sat,internal,aec_segment,seg32_16,32.0,16.0,0.4655340783570073,1.0102243277317217e-59,1090
sat,internal,aec_segment,seg32_17,32.0,17.0,0.4543628857221877,1.2425736878351912e-56,1090
sat,internal,aec_segment,seg32_18,32.0,18.0,0.4378633549314257,2.8372553293371504e-52,1090
sat,internal,aec_segment,seg32_19,32.0,19.0,0.4181921698346058,2.2093110492637027e-47,1090
sat,internal,aec_segment,seg32_20,32.0,20.0,0.3974179950876379,1.4739871651607535e-42,1090
sat,internal,aec_segment,seg32_21,32.0,21.0,0.377286439385671,3.361536138546758e-38,1090
sat,internal,aec_segment,seg32_22,32.0,22.0,0.3586312108705318,1.995894312391635e-34,1090
sat,internal,aec_segment,seg32_23,32.0,23.0,0.3400021318891141,6.6922411405240155e-31,1090
sat,internal,aec_segment,seg32_24,32.0,24.0,0.3218263954780466,1.098616132161904e-27,1090
sat,internal,aec_segment,seg32_25,32.0,25.0,0.302362710885436,1.7695209288877593e-24,1090
sat,internal,aec_segment,seg32_26,32.0,26.0,0.2839477287530442,1.1629018591324202e-21,1090
sat,internal,aec_segment,seg32_27,32.0,27.0,0.2662631856189807,3.8029031438462743e-19,1090
sat,internal,aec_segment,seg32_28,32.0,28.0,0.2528341028650661,2.333512443731805e-17,1090
sat,internal,aec_segment,seg32_29,32.0,29.0,0.2369184777859084,2.2625755753260857e-15,1090
sat,internal,aec_segment,seg32_30,32.0,30.0,0.2240665985339884,7.18385685412228e-14,1090
sat,internal,aec_segment,seg32_31,32.0,31.0,0.2450753945043863,2.2603807675911433e-16,1090
sat,internal,aec_segment,seg32_32,32.0,32.0,0.3113891222005429,6.171000514710144e-26,1090
vat,internal,aec_segment,seg32_1,32.0,1.0,0.153615645355845,3.4672177313554644e-07,1090
vat,internal,aec_segment,seg32_2,32.0,2.0,0.1570224175190311,1.8830760996799085e-07,1090
vat,internal,aec_segment,seg32_3,32.0,3.0,0.1655832042598873,3.8308042041941255e-08,1090
vat,internal,aec_segment,seg32_4,32.0,4.0,0.1752299072176815,5.75523134376672e-09,1090
vat,internal,aec_segment,seg32_5,32.0,5.0,0.1864785968540188,5.502780591478823e-10,1090
vat,internal,aec_segment,seg32_6,32.0,6.0,0.202374160636683,1.5446448145241558e-11,1090
vat,internal,aec_segment,seg32_7,32.0,7.0,0.2238304078726357,7.640349809971022e-14,1090
vat,internal,aec_segment,seg32_8,32.0,8.0,0.2454426446987061,2.0336025051699806e-16,1090
vat,internal,aec_segment,seg32_9,32.0,9.0,0.2671728856403514,2.8526094949834763e-19,1090
vat,internal,aec_segment,seg32_10,32.0,10.0,0.2884162072084384,2.516239583409514e-22,1090
vat,internal,aec_segment,seg32_11,32.0,11.0,0.3089569078387945,1.542096780886106e-25,1090
vat,internal,aec_segment,seg32_12,32.0,12.0,0.3310796369969282,2.6983309922778383e-29,1090
vat,internal,aec_segment,seg32_13,32.0,13.0,0.3549102417369169,1.0552879978960589e-33,1090
vat,internal,aec_segment,seg32_14,32.0,14.0,0.388657182076435,1.265876456031016e-40,1090
vat,internal,aec_segment,seg32_15,32.0,15.0,0.4363488042185449,6.935605005660596e-52,1090
vat,internal,aec_segment,seg32_16,32.0,16.0,0.4929244418434506,8.426124682323492e-68,1090
vat,internal,aec_segment,seg32_17,32.0,17.0,0.5452639457979953,1.9254996923377788e-85,1090
vat,internal,aec_segment,seg32_18,32.0,18.0,0.5846678893179827,6.157748953355273e-101,1090
vat,internal,aec_segment,seg32_19,32.0,19.0,0.6098383531624385,5.299620576073613e-112,1090
vat,internal,aec_segment,seg32_20,32.0,20.0,0.6224805831458637,6.045058749024461e-118,1090
vat,internal,aec_segment,seg32_21,32.0,21.0,0.6276638918450647,1.8413013926865496e-120,1090
vat,internal,aec_segment,seg32_22,32.0,22.0,0.6288793849973908,4.657264478812004e-121,1090
vat,internal,aec_segment,seg32_23,32.0,23.0,0.6254988567128369,2.0986576258032272e-119,1090
vat,internal,aec_segment,seg32_24,32.0,24.0,0.61978501174763,1.1785922122602474e-116,1090
vat,internal,aec_segment,seg32_25,32.0,25.0,0.6126657423930912,2.6212509741083897e-113,1090
vat,internal,aec_segment,seg32_26,32.0,26.0,0.6039003832082237,2.654456851883339e-109,1090
vat,internal,aec_segment,seg32_27,32.0,27.0,0.5906623322093516,1.7471374729309512e-103,1090
vat,internal,aec_segment,seg32_28,32.0,28.0,0.5731942345592554,3.3058315215229568e-96,1090
vat,internal,aec_segment,seg32_29,32.0,29.0,0.5458872064217228,1.1357617320227288e-85,1090
vat,internal,aec_segment,seg32_30,32.0,30.0,0.517350511275108,1.1888363928299695e-75,1090
vat,internal,aec_segment,seg32_31,32.0,31.0,0.506368120228657,4.828133025400528e-72,1090
vat,internal,aec_segment,seg32_32,32.0,32.0,0.5144139678273294,1.1297538916682669e-74,1090
total_fat,internal,aec_segment,seg32_1,32.0,1.0,0.2870854202898507,3.98101967299897e-22,1090
total_fat,internal,aec_segment,seg32_2,32.0,2.0,0.29662469280296,1.4061997969729746e-23,1090
total_fat,internal,aec_segment,seg32_3,32.0,3.0,0.3074352689096296,2.7231028034484764e-25,1090
total_fat,internal,aec_segment,seg32_4,32.0,4.0,0.3173929182080074,6.201372924962857e-27,1090
total_fat,internal,aec_segment,seg32_5,32.0,5.0,0.3264780660165843,1.7321368066122004e-28,1090
total_fat,internal,aec_segment,seg32_6,32.0,6.0,0.3383963538367187,1.313485290348963e-30,1090
total_fat,internal,aec_segment,seg32_7,32.0,7.0,0.3542529287948892,1.4129643474965784e-33,1090
total_fat,internal,aec_segment,seg32_8,32.0,8.0,0.3696084541581125,1.2876710413464688e-36,1090
total_fat,internal,aec_segment,seg32_9,32.0,9.0,0.3870167173392062,2.871180411992564e-40,1090
total_fat,internal,aec_segment,seg32_10,32.0,10.0,0.4052790239057898,2.4155369490745804e-44,1090
total_fat,internal,aec_segment,seg32_11,32.0,11.0,0.4273780169417489,1.259991936434728e-49,1090
total_fat,internal,aec_segment,seg32_12,32.0,12.0,0.4536565114808055,1.931399952429666e-56,1090
total_fat,internal,aec_segment,seg32_13,32.0,13.0,0.4797300086399386,8.10831573876713e-64,1090
total_fat,internal,aec_segment,seg32_14,32.0,14.0,0.5070563638310497,2.8938966723691597e-72,1090
total_fat,internal,aec_segment,seg32_15,32.0,15.0,0.5330801254227505,4.686619439941625e-81,1090
total_fat,internal,aec_segment,seg32_16,32.0,16.0,0.5583672905646478,2.298397259383957e-90,1090
total_fat,internal,aec_segment,seg32_17,32.0,17.0,0.5743290877693454,1.1475295983409613e-96,1090
total_fat,internal,aec_segment,seg32_18,32.0,18.0,0.5805626991648941,3.18677924522779e-99,1090
total_fat,internal,aec_segment,seg32_19,32.0,19.0,0.5780161310072021,3.583934381000826e-98,1090
total_fat,internal,aec_segment,seg32_20,32.0,20.0,0.5689485884869032,1.669471471922826e-94,1090
total_fat,internal,aec_segment,seg32_21,32.0,21.0,0.5569275745069091,8.186717915061637e-90,1090
total_fat,internal,aec_segment,seg32_22,32.0,22.0,0.5441465219168466,4.947255584308399e-85,1090
total_fat,internal,aec_segment,seg32_23,32.0,23.0,0.5292812112772994,1.005114677333201e-79,1090
total_fat,internal,aec_segment,seg32_24,32.0,24.0,0.5136723784154413,1.9880279352665883e-74,1090
total_fat,internal,aec_segment,seg32_25,32.0,25.0,0.4964996854030166,6.545547858546807e-69,1090
total_fat,internal,aec_segment,seg32_26,32.0,26.0,0.4793235589473748,1.0687853746789429e-63,1090
total_fat,internal,aec_segment,seg32_27,32.0,27.0,0.4606231238980793,2.381785244067871e-58,1090
total_fat,internal,aec_segment,seg32_28,32.0,28.0,0.4430295541459531,1.2998392098633308e-53,1090
total_fat,internal,aec_segment,seg32_29,32.0,29.0,0.4191563807094765,1.294123011278819e-47,1090
total_fat,internal,aec_segment,seg32_30,32.0,30.0,0.3969109302862315,1.914351362627595e-42,1090
total_fat,internal,aec_segment,seg32_31,32.0,31.0,0.4069056859819162,1.0174760272213889e-44,1090
total_fat,internal,aec_segment,seg32_32,32.0,32.0,0.4579969215221018,1.2639297368197754e-57,1090
imata,external,aec_segment,seg32_1,32.0,1.0,0.2519507594154163,7.113147449196369e-15,926
imata,external,aec_segment,seg32_2,32.0,2.0,0.2559304398084123,2.5820720218797804e-15,926
imata,external,aec_segment,seg32_3,32.0,3.0,0.2622360882436607,4.999835629185956e-16,926
imata,external,aec_segment,seg32_4,32.0,4.0,0.2744665592204975,1.8213581040220238e-17,926
imata,external,aec_segment,seg32_5,32.0,5.0,0.2885844461208058,3.2124708582910543e-19,926
imata,external,aec_segment,seg32_6,32.0,6.0,0.2983020115030921,1.740398543134112e-20,926
imata,external,aec_segment,seg32_7,32.0,7.0,0.3128709265697463,1.776993396907773e-22,926
imata,external,aec_segment,seg32_8,32.0,8.0,0.3291370114637769,7.79628067720303e-25,926
imata,external,aec_segment,seg32_9,32.0,9.0,0.3463854187113813,1.7019836877322384e-27,926
imata,external,aec_segment,seg32_10,32.0,10.0,0.361969207158793,4.779503707028369e-30,926
imata,external,aec_segment,seg32_11,32.0,11.0,0.371097001351017,1.311485568745837e-31,926
imata,external,aec_segment,seg32_12,32.0,12.0,0.3809226920790141,2.39780185810333e-33,926
imata,external,aec_segment,seg32_13,32.0,13.0,0.3954240177270903,5.058264441314112e-36,926
imata,external,aec_segment,seg32_14,32.0,14.0,0.4142558270320801,1.0580185390365662e-39,926
imata,external,aec_segment,seg32_15,32.0,15.0,0.4360856525592455,2.852536808208091e-44,926
imata,external,aec_segment,seg32_16,32.0,16.0,0.4569914247039002,5.690382704987788e-49,926
imata,external,aec_segment,seg32_17,32.0,17.0,0.4743506134700266,3.9488553210191077e-53,926
imata,external,aec_segment,seg32_18,32.0,18.0,0.4847468620059056,9.747925621589903e-56,926
imata,external,aec_segment,seg32_19,32.0,19.0,0.4863219650415091,3.85442377573549e-56,926
imata,external,aec_segment,seg32_20,32.0,20.0,0.4826148498812684,3.3962510054488124e-55,926
imata,external,aec_segment,seg32_21,32.0,21.0,0.4768100475961967,9.720420083985819e-54,926
imata,external,aec_segment,seg32_22,32.0,22.0,0.4645088485295724,9.628761264250981e-51,926
imata,external,aec_segment,seg32_23,32.0,23.0,0.4508088824163899,1.511292601603084e-47,926
imata,external,aec_segment,seg32_24,32.0,24.0,0.4379956063219105,1.0947166189838402e-44,926
imata,external,aec_segment,seg32_25,32.0,25.0,0.4260773415040118,3.906330350148344e-42,926
imata,external,aec_segment,seg32_26,32.0,26.0,0.4155714440741269,5.734962751053958e-40,926
imata,external,aec_segment,seg32_27,32.0,27.0,0.4048066719122619,7.947860204488193e-38,926
imata,external,aec_segment,seg32_28,32.0,28.0,0.4000063582486249,6.765603543077326e-37,926
imata,external,aec_segment,seg32_29,32.0,29.0,0.4015391071765459,3.4276192563871338e-37,926
imata,external,aec_segment,seg32_30,32.0,30.0,0.4062281726604594,4.1869865148936067e-38,926
imata,external,aec_segment,seg32_31,32.0,31.0,0.4157132743370357,5.367693681427437e-40,926
imata,external,aec_segment,seg32_32,32.0,32.0,0.4180360502339535,1.8075711407269886e-40,926
nama,external,aec_segment,seg32_1,32.0,1.0,0.1890106081339985,6.783729979111693e-09,926
nama,external,aec_segment,seg32_2,32.0,2.0,0.1868903488051641,1.0043283825665357e-08,926
nama,external,aec_segment,seg32_3,32.0,3.0,0.1812593901148684,2.785838113747896e-08,926
nama,external,aec_segment,seg32_4,32.0,4.0,0.1767452371968297,6.169671554071585e-08,926
nama,external,aec_segment,seg32_5,32.0,5.0,0.1742188112034375,9.543267895297377e-08,926
nama,external,aec_segment,seg32_6,32.0,6.0,0.169322176161045,2.18316489574298e-07,926
nama,external,aec_segment,seg32_7,32.0,7.0,0.1601752619440075,9.620096382519314e-07,926
nama,external,aec_segment,seg32_8,32.0,8.0,0.1552134154007861,2.0789862464271348e-06,926
nama,external,aec_segment,seg32_9,32.0,9.0,0.1557276882472846,1.92150936079993e-06,926
nama,external,aec_segment,seg32_10,32.0,10.0,0.1531354289172822,2.850725873898178e-06,926
nama,external,aec_segment,seg32_11,32.0,11.0,0.1482795000353428,5.8661369650493776e-06,926
nama,external,aec_segment,seg32_12,32.0,12.0,0.1321434641400073,5.496930059516916e-05,926
nama,external,aec_segment,seg32_13,32.0,13.0,0.1063060517546417,0.0011964115012932,926
nama,external,aec_segment,seg32_14,32.0,14.0,0.0832715126237663,0.0112462148774918,926
nama,external,aec_segment,seg32_15,32.0,15.0,0.0703541518650258,0.0323018294231783,926
nama,external,aec_segment,seg32_16,32.0,16.0,0.0757185028968322,0.0212041680958715,926
nama,external,aec_segment,seg32_17,32.0,17.0,0.0943372962632849,0.004062857982948,926
nama,external,aec_segment,seg32_18,32.0,18.0,0.1220242584082311,0.0001975489865568,926
nama,external,aec_segment,seg32_19,32.0,19.0,0.1502697617920006,4.376074719701994e-06,926
nama,external,aec_segment,seg32_20,32.0,20.0,0.1678086500743372,2.8061258705848777e-07,926
nama,external,aec_segment,seg32_21,32.0,21.0,0.1787115876400199,4.3744793232571526e-08,926
nama,external,aec_segment,seg32_22,32.0,22.0,0.1892536044746721,6.483558839026181e-09,926
nama,external,aec_segment,seg32_23,32.0,23.0,0.2006770908611742,7.220242648893121e-10,926
nama,external,aec_segment,seg32_24,32.0,24.0,0.213945415851456,4.7704994515607255e-11,926
nama,external,aec_segment,seg32_25,32.0,25.0,0.2248523051122661,4.456451379194425e-12,926
nama,external,aec_segment,seg32_26,32.0,26.0,0.2317478792269213,9.330178740540364e-13,926
nama,external,aec_segment,seg32_27,32.0,27.0,0.2386496157185524,1.8537252152524729e-13,926
nama,external,aec_segment,seg32_28,32.0,28.0,0.2470582512606032,2.413682974665557e-14,926
nama,external,aec_segment,seg32_29,32.0,29.0,0.2509257653656746,9.208244362675504e-15,926
nama,external,aec_segment,seg32_30,32.0,30.0,0.2409831782406492,1.0609383165757287e-13,926
nama,external,aec_segment,seg32_31,32.0,31.0,0.2180936307851871,1.965067151503465e-11,926
nama,external,aec_segment,seg32_32,32.0,32.0,0.1957238994718626,1.90082066367636e-09,926
lama,external,aec_segment,seg32_1,32.0,1.0,0.1819342540354258,2.469321985435145e-08,926
lama,external,aec_segment,seg32_2,32.0,2.0,0.1845736383750094,1.534032747483447e-08,926
lama,external,aec_segment,seg32_3,32.0,3.0,0.1895711341991924,6.11069705781038e-09,926
lama,external,aec_segment,seg32_4,32.0,4.0,0.2000745059789154,8.1334522418645e-10,926
lama,external,aec_segment,seg32_5,32.0,5.0,0.2115694448508752,7.864596107159766e-11,926
lama,external,aec_segment,seg32_6,32.0,6.0,0.2215252884759766,9.306955061828687e-12,926
lama,external,aec_segment,seg32_7,32.0,7.0,0.2363410550976512,3.2009968980440365e-13,926
lama,external,aec_segment,seg32_8,32.0,8.0,0.2500461116176599,1.1481341277283334e-14,926
lama,external,aec_segment,seg32_9,32.0,9.0,0.2645558981680608,2.7024872597246536e-16,926
lama,external,aec_segment,seg32_10,32.0,10.0,0.2797896663974607,4.0836596985231305e-18,926
lama,external,aec_segment,seg32_11,32.0,11.0,0.2861576736467823,6.538222684671542e-19,926
lama,external,aec_segment,seg32_12,32.0,12.0,0.2905069681803481,1.8205563440171088e-19,926
lama,external,aec_segment,seg32_13,32.0,13.0,0.3005414894257139,8.74764531547999e-21,926
lama,external,aec_segment,seg32_14,32.0,14.0,0.3178599952736155,3.482125726780005e-23,926
lama,external,aec_segment,seg32_15,32.0,15.0,0.3405314501937164,1.4222336089749203e-26,926
lama,external,aec_segment,seg32_16,32.0,16.0,0.3641780795625764,2.0234381521930493e-30,926
lama,external,aec_segment,seg32_17,32.0,17.0,0.3902440291265935,4.734106216302232e-35,926
lama,external,aec_segment,seg32_18,32.0,18.0,0.408360087343161,1.591887924819207e-38,926
lama,external,aec_segment,seg32_19,32.0,19.0,0.4198897473955987,7.536904391477728e-41,926
lama,external,aec_segment,seg32_20,32.0,20.0,0.4270457688608639,2.4442923669991468e-42,926
lama,external,aec_segment,seg32_21,32.0,21.0,0.4304208666974298,4.713329025783969e-43,926
lama,external,aec_segment,seg32_22,32.0,22.0,0.426966566173289,2.539982521017122e-42,926
lama,external,aec_segment,seg32_23,32.0,23.0,0.4203970327218432,5.926710188355445e-41,926
lama,external,aec_segment,seg32_24,32.0,24.0,0.4128726762024166,2.008326769640779e-39,926
lama,external,aec_segment,seg32_25,32.0,25.0,0.4061717310268941,4.2951593590353855e-38,926
lama,external,aec_segment,seg32_26,32.0,26.0,0.3994631282248122,8.602002322075775e-37,926
lama,external,aec_segment,seg32_27,32.0,27.0,0.3878539912862802,1.310855210018106e-34,926
lama,external,aec_segment,seg32_28,32.0,28.0,0.379327870955064,4.634169403881594e-33,926
lama,external,aec_segment,seg32_29,32.0,29.0,0.3769421262198332,1.2333537308389922e-32,926
lama,external,aec_segment,seg32_30,32.0,30.0,0.3783435530092919,6.946983493133819e-33,926
lama,external,aec_segment,seg32_31,32.0,31.0,0.3905457199768383,4.160498130030338e-35,926
lama,external,aec_segment,seg32_32,32.0,32.0,0.4021853941587082,2.570446527594879e-37,926
tama,external,aec_segment,seg32_1,32.0,1.0,0.2833033770627843,1.4948792697111224e-18,926
tama,external,aec_segment,seg32_2,32.0,2.0,0.282984257007064,1.638711741673706e-18,926
tama,external,aec_segment,seg32_3,32.0,3.0,0.280737447220459,3.11845132667164e-18,926
tama,external,aec_segment,seg32_4,32.0,4.0,0.282615724875753,1.821848501388292e-18,926
tama,external,aec_segment,seg32_5,32.0,5.0,0.2869838944275823,5.137176799241368e-19,926
tama,external,aec_segment,seg32_6,32.0,6.0,0.2879576164830019,3.862279336466467e-19,926
tama,external,aec_segment,seg32_7,32.0,7.0,0.2877102875876346,4.152941360644821e-19,926
tama,external,aec_segment,seg32_8,32.0,8.0,0.2910537425267803,1.5477936648769451e-19,926
tama,external,aec_segment,seg32_9,32.0,9.0,0.2998995892372476,1.0660858062719526e-20,926
tama,external,aec_segment,seg32_10,32.0,10.0,0.3059857334891904,1.6018200478639278e-21,926
tama,external,aec_segment,seg32_11,32.0,11.0,0.3053941585447512,1.929675556861741e-21,926
tama,external,aec_segment,seg32_12,32.0,12.0,0.2936609108668806,7.103513468363963e-20,926
tama,external,aec_segment,seg32_13,32.0,13.0,0.2760239229518711,1.1800183856695324e-17,926
tama,external,aec_segment,seg32_14,32.0,14.0,0.2646164174648404,2.6592418470921115e-16,926
tama,external,aec_segment,seg32_15,32.0,15.0,0.2651713874523442,2.2931354154985725e-16,926
tama,external,aec_segment,seg32_16,32.0,16.0,0.2828321947053023,1.7119664585933322e-18,926
tama,external,aec_segment,seg32_17,32.0,17.0,0.3132579571814126,1.5676700632657725e-22,926
tama,external,aec_segment,seg32_18,32.0,18.0,0.3477499512452064,1.030875251421174e-27,926
tama,external,aec_segment,seg32_19,32.0,19.0,0.3788285350345892,5.691692982657871e-33,926
tama,external,aec_segment,seg32_20,32.0,20.0,0.3975290327152257,2.0153492602844627e-36,926
tama,external,aec_segment,seg32_21,32.0,21.0,0.4082516186109514,1.6724552517453562e-38,926
tama,external,aec_segment,seg32_22,32.0,22.0,0.4149077987011869,7.813396477737954e-40,926
tama,external,aec_segment,seg32_23,32.0,23.0,0.4208699653750855,4.735238587964045e-41,926
tama,external,aec_segment,seg32_24,32.0,24.0,0.4282345514554376,1.3718273858282728e-42,926
tama,external,aec_segment,seg32_25,32.0,25.0,0.4338925269604905,8.502785050963215e-44,926
tama,external,aec_segment,seg32_26,32.0,26.0,0.4360389640353596,2.9198824488242577e-44,926
tama,external,aec_segment,seg32_27,32.0,27.0,0.4360715144917956,2.872765672593245e-44,926
tama,external,aec_segment,seg32_28,32.0,28.0,0.4395612125555318,4.9702111329444893e-45,926
tama,external,aec_segment,seg32_29,32.0,29.0,0.4422962149776746,1.2387611553750061e-45,926
tama,external,aec_segment,seg32_30,32.0,30.0,0.4343484051605076,6.780318887563317e-44,926
tama,external,aec_segment,seg32_31,32.0,31.0,0.4197063341596379,8.2203116921393e-41,926
tama,external,aec_segment,seg32_32,32.0,32.0,0.404391267906933,9.579386267053454e-38,926
sat,external,aec_segment,seg32_1,32.0,1.0,0.3795498915450611,4.228924361847601e-33,926
sat,external,aec_segment,seg32_2,32.0,2.0,0.3860149366396591,2.8538097984653667e-34,926
sat,external,aec_segment,seg32_3,32.0,3.0,0.3898875801902481,5.513616483386341e-35,926
sat,external,aec_segment,seg32_4,32.0,4.0,0.3993138219109445,9.18820053460989e-37,926
sat,external,aec_segment,seg32_5,32.0,5.0,0.407360331031382,2.507520730926859e-38,926
sat,external,aec_segment,seg32_6,32.0,6.0,0.4060038857709794,4.633503137164383e-38,926
sat,external,aec_segment,seg32_7,32.0,7.0,0.4064346878232331,3.813739127983156e-38,926
sat,external,aec_segment,seg32_8,32.0,8.0,0.4114533122640872,3.8646508971532654e-39,926
sat,external,aec_segment,seg32_9,32.0,9.0,0.4173968805721215,2.4408360927988368e-40,926
sat,external,aec_segment,seg32_10,32.0,10.0,0.4281655928030209,1.4186599573647179e-42,926
sat,external,aec_segment,seg32_11,32.0,11.0,0.4371364909905255,1.685463854114343e-44,926
sat,external,aec_segment,seg32_12,32.0,12.0,0.4401888729676579,3.617338312356759e-45,926
sat,external,aec_segment,seg32_13,32.0,13.0,0.4466961465246047,1.2902202437463184e-46,926
sat,external,aec_segment,seg32_14,32.0,14.0,0.4567095363343512,6.617832142202487e-49,926
sat,external,aec_segment,seg32_15,32.0,15.0,0.4655199014873819,5.519695069115776e-51,926
sat,external,aec_segment,seg32_16,32.0,16.0,0.4683888393586007,1.1266088037444668e-51,926
sat,external,aec_segment,seg32_17,32.0,17.0,0.4595962029345964,1.4005286972745526e-49,926
sat,external,aec_segment,seg32_18,32.0,18.0,0.4497964599553179,2.569167988625096e-47,926
sat,external,aec_segment,seg32_19,32.0,19.0,0.438024825689509,1.0787429733614777e-44,926
sat,external,aec_segment,seg32_20,32.0,20.0,0.4272655924736009,2.1970604688895632e-42,926
sat,external,aec_segment,seg32_21,32.0,21.0,0.4126941312467401,2.1810684874077177e-39,926
sat,external,aec_segment,seg32_22,32.0,22.0,0.3912563534071007,3.067525720024094e-35,926
sat,external,aec_segment,seg32_23,32.0,23.0,0.366844724950376,7.104384268266688e-31,926
sat,external,aec_segment,seg32_24,32.0,24.0,0.3456076323699844,2.2625181803906942e-27,926
sat,external,aec_segment,seg32_25,32.0,25.0,0.3303953782422722,5.051524438761211e-25,926
sat,external,aec_segment,seg32_26,32.0,26.0,0.3199530319570036,1.741299166404754e-23,926
sat,external,aec_segment,seg32_27,32.0,27.0,0.3126839654316967,1.8877774581227357e-22,926
sat,external,aec_segment,seg32_28,32.0,28.0,0.3121783895895711,2.2227055932458623e-22,926
sat,external,aec_segment,seg32_29,32.0,29.0,0.3158335987207341,6.775911484276152e-23,926
sat,external,aec_segment,seg32_30,32.0,30.0,0.3220756265128291,8.574592538972736e-24,926
sat,external,aec_segment,seg32_31,32.0,31.0,0.334439820762164,1.235100397148275e-25,926
sat,external,aec_segment,seg32_32,32.0,32.0,0.3566564996194397,3.6753400515469163e-29,926
vat,external,aec_segment,seg32_1,32.0,1.0,0.1822753561842963,2.3228912919700285e-08,926
vat,external,aec_segment,seg32_2,32.0,2.0,0.1875341234076133,8.919533579472924e-09,926
vat,external,aec_segment,seg32_3,32.0,3.0,0.1945994620089056,2.359750660519348e-09,926
vat,external,aec_segment,seg32_4,32.0,4.0,0.2065988348814728,2.1961399055713827e-10,926
vat,external,aec_segment,seg32_5,32.0,5.0,0.2202593052040981,1.2279243088879527e-11,926
vat,external,aec_segment,seg32_6,32.0,6.0,0.2307081979761596,1.184924925739423e-12,926
vat,external,aec_segment,seg32_7,32.0,7.0,0.2445006113680866,4.524017766407259e-14,926
vat,external,aec_segment,seg32_8,32.0,8.0,0.2620726588349831,5.220113734706284e-16,926
vat,external,aec_segment,seg32_9,32.0,9.0,0.2857183988451044,7.43022890647318e-19,926
vat,external,aec_segment,seg32_10,32.0,10.0,0.3060775278102567,1.5561393125363202e-21,926
vat,external,aec_segment,seg32_11,32.0,11.0,0.3163531396112807,5.715474747270089e-23,926
vat,external,aec_segment,seg32_12,32.0,12.0,0.3231363078736635,6.00550196464323e-24,926
vat,external,aec_segment,seg32_13,32.0,13.0,0.3333450776596436,1.8121146403666715e-25,926
vat,external,aec_segment,seg32_14,32.0,14.0,0.3551937229573811,6.40156385059693e-29,926
vat,external,aec_segment,seg32_15,32.0,15.0,0.3888273960702849,8.66662749799609e-35,926
vat,external,aec_segment,seg32_16,32.0,16.0,0.4345452145641911,6.148389577202899e-44,926
vat,external,aec_segment,seg32_17,32.0,17.0,0.4822678977050448,4.1577145605963445e-55,926
vat,external,aec_segment,seg32_18,32.0,18.0,0.5210190821109517,1.425972776060431e-65,926
vat,external,aec_segment,seg32_19,32.0,19.0,0.5444610003607449,1.366700441724411e-72,926
vat,external,aec_segment,seg32_20,32.0,20.0,0.5552080793220664,5.3488021130428854e-76,926
vat,external,aec_segment,seg32_21,32.0,21.0,0.5553613289959334,4.772716418935695e-76,926
vat,external,aec_segment,seg32_22,32.0,22.0,0.5483917434914443,8.012141303157362e-74,926
vat,external,aec_segment,seg32_23,32.0,23.0,0.53912422137724,6.058316232864689e-71,926
vat,external,aec_segment,seg32_24,32.0,24.0,0.5272668075654062,2.173067549389372e-67,926
vat,external,aec_segment,seg32_25,32.0,25.0,0.5144670068414751,1.0457595700870714e-63,926
vat,external,aec_segment,seg32_26,32.0,26.0,0.4999816147954444,1.0042888356560738e-59,926
vat,external,aec_segment,seg32_27,32.0,27.0,0.4853297967630356,6.918741764395545e-56,926
vat,external,aec_segment,seg32_28,32.0,28.0,0.4775186117465524,6.476961607142203e-54,926
vat,external,aec_segment,seg32_29,32.0,29.0,0.4726920149036913,1.0097982756527689e-52,926
vat,external,aec_segment,seg32_30,32.0,30.0,0.4661493892429967,3.899862209657808e-51,926
vat,external,aec_segment,seg32_31,32.0,31.0,0.4630552523054844,2.135909051792428e-50,926
vat,external,aec_segment,seg32_32,32.0,32.0,0.4621183078372031,3.5622901404783946e-50,926
total_fat,external,aec_segment,seg32_1,32.0,1.0,0.3540529021423431,9.848248099360171e-29,926
total_fat,external,aec_segment,seg32_2,32.0,2.0,0.3610202453745861,6.900138402941389e-30,926
total_fat,external,aec_segment,seg32_3,32.0,3.0,0.3668962145520278,6.961569331170807e-31,926
total_fat,external,aec_segment,seg32_4,32.0,4.0,0.3789384347945196,5.440105161512088e-33,926
total_fat,external,aec_segment,seg32_5,32.0,5.0,0.390704003234811,3.8877001346117886e-35,926
total_fat,external,aec_segment,seg32_6,32.0,6.0,0.3942653312694503,8.370611614347514e-36,926
total_fat,external,aec_segment,seg32_7,32.0,7.0,0.4005744675004231,5.260531276201788e-37,926
total_fat,external,aec_segment,seg32_8,32.0,8.0,0.4118486714024016,3.2215399740772155e-39,926
total_fat,external,aec_segment,seg32_9,32.0,9.0,0.4264335088214693,3.2882160879059224e-42,926
total_fat,external,aec_segment,seg32_10,32.0,10.0,0.4430826825167053,8.288153190230383e-46,926
total_fat,external,aec_segment,seg32_11,32.0,11.0,0.4540457042745098,2.7375803229241003e-48,926
total_fat,external,aec_segment,seg32_12,32.0,12.0,0.45920510698779,1.7299929925200795e-49,926
total_fat,external,aec_segment,seg32_13,32.0,13.0,0.4683553898569506,1.1477769871779224e-51,926
total_fat,external,aec_segment,seg32_14,32.0,14.0,0.4851053802307007,7.895479273372776e-56,926
total_fat,external,aec_segment,seg32_15,32.0,15.0,0.5061087556419921,2.191241870747815e-61,926
total_fat,external,aec_segment,seg32_16,32.0,16.0,0.5280649553791195,1.2653273755281123e-67,926
total_fat,external,aec_segment,seg32_17,32.0,17.0,0.5424498840760861,5.750232536070307e-72,926
total_fat,external,aec_segment,seg32_18,32.0,18.0,0.552204665560295,4.931891326622011e-75,926
total_fat,external,aec_segment,seg32_19,32.0,19.0,0.5538749960067453,1.43774725037035e-75,926
total_fat,external,aec_segment,seg32_20,32.0,20.0,0.5507583238085856,1.4259911570794446e-74,926
total_fat,external,aec_segment,seg32_21,32.0,21.0,0.5402751609835389,2.689819457268675e-71,926
total_fat,external,aec_segment,seg32_22,32.0,22.0,0.5217235963997595,8.935239225381019e-66,926
total_fat,external,aec_segment,seg32_23,32.0,23.0,0.5000197599450869,9.808914845361326e-60,926
total_fat,external,aec_segment,seg32_24,32.0,24.0,0.47948816096175,2.084993668280646e-54,926
total_fat,external,aec_segment,seg32_25,32.0,25.0,0.4629088004749105,2.313937159005393e-50,926
total_fat,external,aec_segment,seg32_26,32.0,26.0,0.4490499424271199,3.7950328168980334e-47,926
total_fat,external,aec_segment,seg32_27,32.0,27.0,0.4374161866852805,1.4647460777426497e-44,926
total_fat,external,aec_segment,seg32_28,32.0,28.0,0.4336536788151143,9.572148577008561e-44,926
total_fat,external,aec_segment,seg32_29,32.0,29.0,0.4342013589238466,7.294194494493043e-44,926
total_fat,external,aec_segment,seg32_30,32.0,30.0,0.4358757408812516,3.1679753900559534e-44,926
total_fat,external,aec_segment,seg32_31,32.0,31.0,0.4434820730303054,6.755401209645535e-46,926
total_fat,external,aec_segment,seg32_32,32.0,32.0,0.4591596383684179,1.7729794299281004e-49,926
imata,internal,aec_segment,seg64_1,64.0,1.0,0.2065154356075082,5.792565058996798e-12,1090
imata,internal,aec_segment,seg64_2,64.0,2.0,0.2080570303910098,3.999406648725476e-12,1090
imata,internal,aec_segment,seg64_3,64.0,3.0,0.2111618428090206,1.880031369797873e-12,1090
imata,internal,aec_segment,seg64_4,64.0,4.0,0.2153393153735788,6.68310081600258e-13,1090
imata,internal,aec_segment,seg64_5,64.0,5.0,0.2194466675372271,2.367138180935312e-13,1090
imata,internal,aec_segment,seg64_6,64.0,6.0,0.2236776125464488,7.95070646493525e-14,1090
imata,internal,aec_segment,seg64_7,64.0,7.0,0.228138933194036,2.4562863518401232e-14,1090
imata,internal,aec_segment,seg64_8,64.0,8.0,0.2326772345729174,7.247812732700907e-15,1090
imata,internal,aec_segment,seg64_9,64.0,9.0,0.2371165423584809,2.1416521124903605e-15,1090
imata,internal,aec_segment,seg64_10,64.0,10.0,0.2431551820166594,3.917662756788096e-16,1090
imata,internal,aec_segment,seg64_11,64.0,11.0,0.2498637644556652,5.617811770949777e-17,1090
imata,internal,aec_segment,seg64_12,64.0,12.0,0.255685678163884,9.9311329770164e-18,1090
imata,internal,aec_segment,seg64_13,64.0,13.0,0.2644650777417237,6.691538055550143e-19,1090
imata,internal,aec_segment,seg64_14,64.0,14.0,0.2726968001467054,4.8598770640165373e-20,1090
imata,internal,aec_segment,seg64_15,64.0,15.0,0.2798152619650841,4.674080688851658e-21,1090
imata,internal,aec_segment,seg64_16,64.0,16.0,0.2876328689105157,3.2973186985581523e-22,1090
imata,internal,aec_segment,seg64_17,64.0,17.0,0.2959123175889373,1.812975505712451e-23,1090
imata,internal,aec_segment,seg64_18,64.0,18.0,0.3031682027528166,1.3178295213951394e-24,1090
imata,internal,aec_segment,seg64_19,64.0,19.0,0.312304669475084,4.361777282225153e-26,1090
imata,internal,aec_segment,seg64_20,64.0,20.0,0.3220774957877326,9.951688180630632e-28,1090
imata,internal,aec_segment,seg64_21,64.0,21.0,0.3313063943913816,2.4600549579533458e-29,1090
imata,internal,aec_segment,seg64_22,64.0,22.0,0.3417676698757636,3.1738504165775957e-31,1090
imata,internal,aec_segment,seg64_23,64.0,23.0,0.3547300895300013,1.143253164793291e-33,1090
imata,internal,aec_segment,seg64_24,64.0,24.0,0.3661628677855187,6.405005910717128e-36,1090
imata,internal,aec_segment,seg64_25,64.0,25.0,0.3776156801649043,2.868717610874373e-38,1090
imata,internal,aec_segment,seg64_26,64.0,26.0,0.3908836492115631,4.1345920621673675e-41,1090
imata,internal,aec_segment,seg64_27,64.0,27.0,0.4054586772357876,2.1960677162785242e-44,1090
imata,internal,aec_segment,seg64_28,64.0,28.0,0.4212690044055139,3.984610898238753e-48,1090
imata,internal,aec_segment,seg64_29,64.0,29.0,0.4381919937419617,2.3356447022968626e-52,1090
imata,internal,aec_segment,seg64_30,64.0,30.0,0.4566455919307313,2.966375417330226e-57,1090
imata,internal,aec_segment,seg64_31,64.0,31.0,0.4720158356574556,1.4399537963688224e-61,1090
imata,internal,aec_segment,seg64_32,64.0,32.0,0.4874055921242096,4.101539005487066e-66,1090
imata,internal,aec_segment,seg64_33,64.0,33.0,0.4986586346289769,1.37864384707619e-69,1090
imata,internal,aec_segment,seg64_34,64.0,34.0,0.5067161824941061,3.727536758052725e-72,1090
imata,internal,aec_segment,seg64_35,64.0,35.0,0.5117164679386994,8.767135975677582e-74,1090
imata,internal,aec_segment,seg64_36,64.0,36.0,0.5126255500188293,4.404070103014103e-74,1090
imata,internal,aec_segment,seg64_37,64.0,37.0,0.5129978335076311,3.320062404989533e-74,1090
imata,internal,aec_segment,seg64_38,64.0,38.0,0.5129097505352503,3.549710349660767e-74,1090
imata,internal,aec_segment,seg64_39,64.0,39.0,0.5118470771154129,7.942460800914763e-74,1090
imata,internal,aec_segment,seg64_40,64.0,40.0,0.5106891996459568,1.903912313933473e-73,1090
imata,internal,aec_segment,seg64_41,64.0,41.0,0.5091446492038194,6.079471565169951e-73,1090
imata,internal,aec_segment,seg64_42,64.0,42.0,0.5077683907722562,1.702038101982001e-72,1090
imata,internal,aec_segment,seg64_43,64.0,43.0,0.5058028345753935,7.344822408188241e-72,1090
imata,internal,aec_segment,seg64_44,64.0,44.0,0.502101086909819,1.1238407490896157e-70,1090
imata,internal,aec_segment,seg64_45,64.0,45.0,0.497994518767172,2.2287692447545665e-69,1090
imata,internal,aec_segment,seg64_46,64.0,46.0,0.4943427727541961,3.0688882539030987e-68,1090
imata,internal,aec_segment,seg64_47,64.0,47.0,0.4883139441328323,2.174440738674056e-66,1090
imata,internal,aec_segment,seg64_48,64.0,48.0,0.4802000733938151,5.888351609935338e-64,1090
imata,internal,aec_segment,seg64_49,64.0,49.0,0.4742771509127569,3.1982220731607377e-62,1090
imata,internal,aec_segment,seg64_50,64.0,50.0,0.4674408310878788,2.920590562867859e-60,1090
imata,internal,aec_segment,seg64_51,64.0,51.0,0.4596905639071429,4.315285918917713e-58,1090
imata,internal,aec_segment,seg64_52,64.0,52.0,0.4521140967838288,5.041650126258278e-56,1090
imata,internal,aec_segment,seg64_53,64.0,53.0,0.4450507001940303,3.834558774504327e-54,1090
imata,internal,aec_segment,seg64_54,64.0,54.0,0.4369545262017156,4.853681286641741e-52,1090
imata,internal,aec_segment,seg64_55,64.0,55.0,0.4298350760532591,3.0782817196528764e-50,1090
imata,internal,aec_segment,seg64_56,64.0,56.0,0.421416459472774,3.668952141236149e-48,1090
imata,internal,aec_segment,seg64_57,64.0,57.0,0.4134922793158734,2.922067194396825e-46,1090
imata,internal,aec_segment,seg64_58,64.0,58.0,0.4041832112167107,4.313137761639636e-44,1090
imata,internal,aec_segment,seg64_59,64.0,59.0,0.3961668676509665,2.807076367428392e-42,1090
imata,internal,aec_segment,seg64_60,64.0,60.0,0.3948502168318389,5.5127791631851884e-42,1090
imata,internal,aec_segment,seg64_61,64.0,61.0,0.3971047948583949,1.732368102513319e-42,1090
imata,internal,aec_segment,seg64_62,64.0,62.0,0.4071434521626267,8.963240226954648e-45,1090
imata,internal,aec_segment,seg64_63,64.0,63.0,0.4210046556119381,4.6195543646549404e-48,1090
imata,internal,aec_segment,seg64_64,64.0,64.0,0.4373678535840421,3.80289382580579e-52,1090
nama,internal,aec_segment,seg64_1,64.0,1.0,0.0404947907907316,0.181563818161207,1090
nama,internal,aec_segment,seg64_2,64.0,2.0,0.0394533526080594,0.1930632520976457,1090
nama,internal,aec_segment,seg64_3,64.0,3.0,0.0383492461374042,0.2058287832915902,1090
nama,internal,aec_segment,seg64_4,64.0,4.0,0.0397003406397477,0.190288860760677,1090
nama,internal,aec_segment,seg64_5,64.0,5.0,0.0409687538802435,0.1765017136517701,1090
nama,internal,aec_segment,seg64_6,64.0,6.0,0.0420888270899653,0.1649575208652521,1090
nama,internal,aec_segment,seg64_7,64.0,7.0,0.0429247810709959,0.1567185073965576,1090
nama,internal,aec_segment,seg64_8,64.0,8.0,0.0457205265092354,0.1314197327435936,1090
nama,internal,aec_segment,seg64_9,64.0,9.0,0.0477520710242408,0.1151107157748176,1090
nama,internal,aec_segment,seg64_10,64.0,10.0,0.0475264675166162,0.1168393216839694,1090
nama,internal,aec_segment,seg64_11,64.0,11.0,0.049394762191296,0.1031228022894228,1090
nama,internal,aec_segment,seg64_12,64.0,12.0,0.0519265968623763,0.0866107923586615,1090
nama,internal,aec_segment,seg64_13,64.0,13.0,0.0519077939256091,0.0867250509881604,1090
nama,internal,aec_segment,seg64_14,64.0,14.0,0.0518384607435596,0.0871474142647056,1090
nama,internal,aec_segment,seg64_15,64.0,15.0,0.05288696170974,0.0809345869665284,1090
nama,internal,aec_segment,seg64_16,64.0,16.0,0.0527342400419375,0.0818165283068999,1090
nama,internal,aec_segment,seg64_17,64.0,17.0,0.0521948028575192,0.0849941786876439,1090
nama,internal,aec_segment,seg64_18,64.0,18.0,0.0505220190018126,0.0954860131199265,1090
nama,internal,aec_segment,seg64_19,64.0,19.0,0.0481530399593624,0.1120880809803233,1090
nama,internal,aec_segment,seg64_20,64.0,20.0,0.0457261140092414,0.131372543641013,1090
nama,internal,aec_segment,seg64_21,64.0,21.0,0.0418828401886691,0.1670368296220524,1090
nama,internal,aec_segment,seg64_22,64.0,22.0,0.0380089942627912,0.2098835057047806,1090
nama,internal,aec_segment,seg64_23,64.0,23.0,0.0341228821416019,0.2603318295584175,1090
nama,internal,aec_segment,seg64_24,64.0,24.0,0.0271850342499044,0.3699036622168584,1090
nama,internal,aec_segment,seg64_25,64.0,25.0,0.021058089279299,0.4873591496687304,1090
nama,internal,aec_segment,seg64_26,64.0,26.0,0.0170062465598311,0.5748929217643725,1090
nama,internal,aec_segment,seg64_27,64.0,27.0,0.0118508673062339,0.6959281211115198,1090
nama,internal,aec_segment,seg64_28,64.0,28.0,0.0092325631806816,0.76076894103454,1090
nama,internal,aec_segment,seg64_29,64.0,29.0,0.013054524061577,0.6668167918738986,1090
nama,internal,aec_segment,seg64_30,64.0,30.0,0.0174140254682217,0.5657576997018617,1090
nama,internal,aec_segment,seg64_31,64.0,31.0,0.0254261687611779,0.4016819535394745,1090
nama,internal,aec_segment,seg64_32,64.0,32.0,0.0362663995349961,0.2315559916572995,1090
nama,internal,aec_segment,seg64_33,64.0,33.0,0.0487427341447404,0.1077567546209412,1090
nama,internal,aec_segment,seg64_34,64.0,34.0,0.061172489525242,0.0434671947083813,1090
nama,internal,aec_segment,seg64_35,64.0,35.0,0.0753385946314871,0.012846464866288,1090
nama,internal,aec_segment,seg64_36,64.0,36.0,0.0893509971351436,0.0031525423568288,1090
nama,internal,aec_segment,seg64_37,64.0,37.0,0.1019571293813154,0.0007488075100028,1090
nama,internal,aec_segment,seg64_38,64.0,38.0,0.1145612908940527,0.0001504026214247,1090
nama,internal,aec_segment,seg64_39,64.0,39.0,0.1244270495409696,3.800554740290705e-05,1090
nama,internal,aec_segment,seg64_40,64.0,40.0,0.1333794438404479,9.950597294299073e-06,1090
nama,internal,aec_segment,seg64_41,64.0,41.0,0.1429116452268594,2.1672265420779966e-06,1090
nama,internal,aec_segment,seg64_42,64.0,42.0,0.1503847665803875,6.111222675909988e-07,1090
nama,internal,aec_segment,seg64_43,64.0,43.0,0.1584577131292352,1.4502985822143266e-07,1090
nama,internal,aec_segment,seg64_44,64.0,44.0,0.1664386555470776,3.2521917247367834e-08,1090
nama,internal,aec_segment,seg64_45,64.0,45.0,0.1738392430678042,7.614320706897787e-09,1090
nama,internal,aec_segment,seg64_46,64.0,46.0,0.1822224564092048,1.3611805785139146e-09,1090
nama,internal,aec_segment,seg64_47,64.0,47.0,0.1919645380862102,1.659029254621083e-10,1090
nama,internal,aec_segment,seg64_48,64.0,48.0,0.2018697006169859,1.7381970518692178e-11,1090
nama,internal,aec_segment,seg64_49,64.0,49.0,0.2097102707499388,2.679602929708181e-12,1090
nama,internal,aec_segment,seg64_50,64.0,50.0,0.2184428865997829,3.056459003876117e-13,1090
nama,internal,aec_segment,seg64_51,64.0,51.0,0.2289144897761575,1.997526466396131e-14,1090
nama,internal,aec_segment,seg64_52,64.0,52.0,0.2351727680973602,3.663636011185057e-15,1090
nama,internal,aec_segment,seg64_53,64.0,53.0,0.2376244451892888,1.859857933460357e-15,1090
nama,internal,aec_segment,seg64_54,64.0,54.0,0.2417700659421576,5.808119342443761e-16,1090
nama,internal,aec_segment,seg64_55,64.0,55.0,0.2418598327200553,5.662200211567054e-16,1090
nama,internal,aec_segment,seg64_56,64.0,56.0,0.2357708400556,3.107373693429633e-15,1090
nama,internal,aec_segment,seg64_57,64.0,57.0,0.2317120584918136,9.416379423579115e-15,1090
nama,internal,aec_segment,seg64_58,64.0,58.0,0.2234641329000032,8.405139079427905e-14,1090
nama,internal,aec_segment,seg64_59,64.0,59.0,0.2132447878590052,1.1255332809424738e-12,1090
nama,internal,aec_segment,seg64_60,64.0,60.0,0.1949635848082589,8.484028121996113e-11,1090
nama,internal,aec_segment,seg64_61,64.0,61.0,0.1743426274620455,6.882393667220914e-09,1090
nama,internal,aec_segment,seg64_62,64.0,62.0,0.154826705708846,2.795070488207498e-07,1090
nama,internal,aec_segment,seg64_63,64.0,63.0,0.1366181101167749,5.995981159306501e-06,1090
nama,internal,aec_segment,seg64_64,64.0,64.0,0.1242037516206031,3.925331448917728e-05,1090
lama,internal,aec_segment,seg64_1,64.0,1.0,0.1576194469119687,1.6897294734830932e-07,1090
lama,internal,aec_segment,seg64_2,64.0,2.0,0.1570288695106341,1.8808767795094478e-07,1090
lama,internal,aec_segment,seg64_3,64.0,3.0,0.1575186841338542,1.720958743506926e-07,1090
lama,internal,aec_segment,seg64_4,64.0,4.0,0.160029124194889,1.0867298244419705e-07,1090
lama,internal,aec_segment,seg64_5,64.0,5.0,0.1621430864192684,7.338005938663883e-08,1090
lama,internal,aec_segment,seg64_6,64.0,6.0,0.1649889659354078,4.2901624888801216e-08,1090
lama,internal,aec_segment,seg64_7,64.0,7.0,0.167963395605195,2.423906318251885e-08,1090
lama,internal,aec_segment,seg64_8,64.0,8.0,0.1717103372847532,1.1637029851141662e-08,1090
lama,internal,aec_segment,seg64_9,64.0,9.0,0.1758506882584967,5.075509932250075e-09,1090
lama,internal,aec_segment,seg64_10,64.0,10.0,0.181229303531435,1.6763492435479003e-09,1090
lama,internal,aec_segment,seg64_11,64.0,11.0,0.1889863890495803,3.1949760609496024e-10,1090
lama,internal,aec_segment,seg64_12,64.0,12.0,0.195233056609661,7.983690459728015e-11,1090
lama,internal,aec_segment,seg64_13,64.0,13.0,0.2027837548161091,1.4031416618178731e-11,1090
lama,internal,aec_segment,seg64_14,64.0,14.0,0.2104496791025719,2.237759299650996e-12,1090
lama,internal,aec_segment,seg64_15,64.0,15.0,0.2170917542925617,4.302959388810258e-13,1090
lama,internal,aec_segment,seg64_16,64.0,16.0,0.2247221775474118,6.052508767866066e-14,1090
lama,internal,aec_segment,seg64_17,64.0,17.0,0.2336511794735171,5.558765565919511e-15,1090
lama,internal,aec_segment,seg64_18,64.0,18.0,0.2424010586104334,4.85584695715756e-16,1090
lama,internal,aec_segment,seg64_19,64.0,19.0,0.2528030011199279,2.355218552355353e-17,1090
lama,internal,aec_segment,seg64_20,64.0,20.0,0.2651078635221099,5.470310334819251e-19,1090
lama,internal,aec_segment,seg64_21,64.0,21.0,0.2766938614654112,1.3161322147061105e-20,1090
lama,internal,aec_segment,seg64_22,64.0,22.0,0.2882293032800988,2.684103877222186e-22,1090
lama,internal,aec_segment,seg64_23,64.0,23.0,0.3013090090583039,2.5982831802467824e-24,1090
lama,internal,aec_segment,seg64_24,64.0,24.0,0.3120723746307131,4.763735099845666e-26,1090
lama,internal,aec_segment,seg64_25,64.0,25.0,0.3223306159271542,9.006600321237623e-28,1090
lama,internal,aec_segment,seg64_26,64.0,26.0,0.3342288989566404,7.420671082901794e-30,1090
lama,internal,aec_segment,seg64_27,64.0,27.0,0.3461677055241757,4.8418533584381187e-32,1090
lama,internal,aec_segment,seg64_28,64.0,28.0,0.3607052979162685,7.812814437723981e-35,1090
lama,internal,aec_segment,seg64_29,64.0,29.0,0.3782476307934103,2.1150162046044515e-38,1090
lama,internal,aec_segment,seg64_30,64.0,30.0,0.3982212986188371,9.732744589932885e-43,1090
lama,internal,aec_segment,seg64_31,64.0,31.0,0.4172672070740258,3.684451320378721e-47,1090
lama,internal,aec_segment,seg64_32,64.0,32.0,0.4376924283691805,3.139107598621772e-52,1090
lama,internal,aec_segment,seg64_33,64.0,33.0,0.4565117815244348,3.227181036956972e-57,1090
lama,internal,aec_segment,seg64_34,64.0,34.0,0.4721810382421716,1.2905552004713862e-61,1090
lama,internal,aec_segment,seg64_35,64.0,35.0,0.4850858209719941,2.0560087704568256e-65,1090
lama,internal,aec_segment,seg64_36,64.0,36.0,0.4942096258177793,3.37479343303648e-68,1090
lama,internal,aec_segment,seg64_37,64.0,37.0,0.502696176386257,7.26491999825895e-71,1090
lama,internal,aec_segment,seg64_38,64.0,38.0,0.5108184325825809,1.7271946080952915e-73,1090
lama,internal,aec_segment,seg64_39,64.0,39.0,0.5165400977830366,2.2179115129022643e-75,1090
lama,internal,aec_segment,seg64_40,64.0,40.0,0.5218792094114266,3.5333616927292085e-77,1090
lama,internal,aec_segment,seg64_41,64.0,41.0,0.5266254921153546,8.373842499923709e-79,1090
lama,internal,aec_segment,seg64_42,64.0,42.0,0.5309204951378639,2.6902641507288088e-80,1090
lama,internal,aec_segment,seg64_43,64.0,43.0,0.5344784743479266,1.5014605705965623e-81,1090
lama,internal,aec_segment,seg64_44,64.0,44.0,0.5350094565740882,9.731777463601867e-82,1090
lama,internal,aec_segment,seg64_45,64.0,45.0,0.5353256202241793,7.514496853217552e-82,1090
lama,internal,aec_segment,seg64_46,64.0,46.0,0.5360873753942126,4.025837843330735e-82,1090
lama,internal,aec_segment,seg64_47,64.0,47.0,0.534131646421879,1.9922380747549534e-81,1090
lama,internal,aec_segment,seg64_48,64.0,48.0,0.5312174179170107,2.117268802142179e-80,1090
lama,internal,aec_segment,seg64_49,64.0,49.0,0.5296244699443926,7.631558741338218e-80,1090
lama,internal,aec_segment,seg64_50,64.0,50.0,0.5272058119542873,5.277545891220906e-79,1090
lama,internal,aec_segment,seg64_51,64.0,51.0,0.5243029078205848,5.265799698363743e-78,1090
lama,internal,aec_segment,seg64_52,64.0,52.0,0.5203707054456759,1.1464945888854144e-76,1090
lama,internal,aec_segment,seg64_53,64.0,53.0,0.5153542213081099,5.507089552083812e-75,1090
lama,internal,aec_segment,seg64_54,64.0,54.0,0.508914062048321,7.226352483224846e-73,1090
lama,internal,aec_segment,seg64_55,64.0,55.0,0.5042257153908002,2.357820834114423e-71,1090
lama,internal,aec_segment,seg64_56,64.0,56.0,0.4967368566362402,5.519077450104139e-69,1090
lama,internal,aec_segment,seg64_57,64.0,57.0,0.4917918325613882,1.881183633474488e-67,1090
lama,internal,aec_segment,seg64_58,64.0,58.0,0.487603014277462,3.573702327958024e-66,1090
lama,internal,aec_segment,seg64_59,64.0,59.0,0.4835712844770388,5.850561219253627e-65,1090
lama,internal,aec_segment,seg64_60,64.0,60.0,0.4822779382254809,1.423114859413129e-64,1090
lama,internal,aec_segment,seg64_61,64.0,61.0,0.48156622496039,2.31723339895172e-64,1090
lama,internal,aec_segment,seg64_62,64.0,62.0,0.4835832053326058,5.802720444931399e-65,1090
lama,internal,aec_segment,seg64_63,64.0,63.0,0.4841526344947298,3.918631045806275e-65,1090
lama,internal,aec_segment,seg64_64,64.0,64.0,0.4863390899188459,8.619310307619872e-66,1090
tama,internal,aec_segment,seg64_1,64.0,1.0,0.1155047253742195,0.0001324659951891,1090
tama,internal,aec_segment,seg64_2,64.0,2.0,0.1146013676543191,0.000149596377672,1090
tama,internal,aec_segment,seg64_3,64.0,3.0,0.1142308516336309,0.0001572076577995,1090
tama,internal,aec_segment,seg64_4,64.0,4.0,0.1167356005465027,0.0001120788810486,1090
tama,internal,aec_segment,seg64_5,64.0,5.0,0.1190133610014903,8.191004161269978e-05,1090
tama,internal,aec_segment,seg64_6,64.0,6.0,0.1214665496556665,5.806732623715892e-05,1090
tama,internal,aec_segment,seg64_7,64.0,7.0,0.1237645345330056,4.182177973950445e-05,1090
tama,internal,aec_segment,seg64_8,64.0,8.0,0.1279505039462601,2.2664354228752232e-05,1090
tama,internal,aec_segment,seg64_9,64.0,9.0,0.1316604968325272,1.295882123129215e-05,1090
tama,internal,aec_segment,seg64_10,64.0,10.0,0.1341963997674692,8.766615391962346e-06,1090
tama,internal,aec_segment,seg64_11,64.0,11.0,0.1394106607906965,3.8381316666054905e-06,1090
tama,internal,aec_segment,seg64_12,64.0,12.0,0.1444838783834199,1.669169250928634e-06,1090
tama,internal,aec_segment,seg64_13,64.0,13.0,0.1483166954757462,8.729684784433941e-07,1090
tama,internal,aec_segment,seg64_14,64.0,14.0,0.1520945206934805,4.534275795034155e-07,1090
tama,internal,aec_segment,seg64_15,64.0,15.0,0.1562612612436906,2.160715293682937e-07,1090
tama,internal,aec_segment,seg64_16,64.0,16.0,0.1599137899999312,1.110100484157226e-07,1090
tama,internal,aec_segment,seg64_17,64.0,17.0,0.1638037892052973,5.3708323545065795e-08,1090
tama,internal,aec_segment,seg64_18,64.0,18.0,0.1666003313887767,3.15278867883339e-08,1090
tama,internal,aec_segment,seg64_19,64.0,19.0,0.1696724458533752,1.7379534623495302e-08,1090
tama,internal,aec_segment,seg64_20,64.0,20.0,0.1734989315006719,8.151385611368853e-09,1090
tama,internal,aec_segment,seg64_21,64.0,21.0,0.1758468722557224,5.079439665320169e-09,1090
tama,internal,aec_segment,seg64_22,64.0,22.0,0.1782824900179973,3.08871398379906e-09,1090
tama,internal,aec_segment,seg64_23,64.0,23.0,0.1815706755950125,1.560744302202714e-09,1090
tama,internal,aec_segment,seg64_24,64.0,24.0,0.1813392046296192,1.6382505931131566e-09,1090
tama,internal,aec_segment,seg64_25,64.0,25.0,0.1815699293368462,1.5609883516746624e-09,1090
tama,internal,aec_segment,seg64_26,64.0,26.0,0.1843018771979073,8.768084747122202e-10,1090
tama,internal,aec_segment,seg64_27,64.0,27.0,0.1862983695471761,5.72040002262464e-10,1090
tama,internal,aec_segment,seg64_28,64.0,28.0,0.1914763519570221,1.84851458638924e-10,1090
tama,internal,aec_segment,seg64_29,64.0,29.0,0.2031301572441539,1.293430781348621e-11,1090
tama,internal,aec_segment,seg64_30,64.0,30.0,0.2163183017483594,5.228324454694538e-13,1090
tama,internal,aec_segment,seg64_31,64.0,31.0,0.2317679889232897,9.274927103225292e-15,1090
tama,internal,aec_segment,seg64_32,64.0,32.0,0.2500342550138371,5.3432033020194076e-17,1090
tama,internal,aec_segment,seg64_33,64.0,33.0,0.2685601865563171,1.836045009610048e-19,1090
tama,internal,aec_segment,seg64_34,64.0,34.0,0.2854931378890687,6.8704505628809285e-22,1090
tama,internal,aec_segment,seg64_35,64.0,35.0,0.3024358194935755,1.7228799374855902e-24,1090
tama,internal,aec_segment,seg64_36,64.0,36.0,0.3173601812871122,6.280455361008231e-27,1090
tama,internal,aec_segment,seg64_37,64.0,37.0,0.3308463358765012,2.967351529688733e-29,1090
tama,internal,aec_segment,seg64_38,64.0,38.0,0.3441413115035241,1.155324142818743e-31,1090
tama,internal,aec_segment,seg64_39,64.0,39.0,0.3541965059085705,1.4487658245891685e-33,1090
tama,internal,aec_segment,seg64_40,64.0,40.0,0.3633567784723513,2.331740782361527e-35,1090
tama,internal,aec_segment,seg64_41,64.0,41.0,0.372715387133879,2.9803485147513605e-37,1090
tama,internal,aec_segment,seg64_42,64.0,42.0,0.380255844227367,7.993018280369397e-39,1090
tama,internal,aec_segment,seg64_43,64.0,43.0,0.3879335728837991,1.8177156692539799e-40,1090
tama,internal,aec_segment,seg64_44,64.0,44.0,0.3941851818968028,7.743170656717349e-42,1090
tama,internal,aec_segment,seg64_45,64.0,45.0,0.3998422056219085,4.197538166352007e-43,1090
tama,internal,aec_segment,seg64_46,64.0,46.0,0.4065128212307762,1.2543005563804041e-44,1090
tama,internal,aec_segment,seg64_47,64.0,47.0,0.4129792895409327,3.863817683102256e-46,1090
tama,internal,aec_segment,seg64_48,64.0,48.0,0.418985114849853,1.4232766212887935e-47,1090
tama,internal,aec_segment,seg64_49,64.0,49.0,0.424067570707497,8.261347094103058e-49,1090
tama,internal,aec_segment,seg64_50,64.0,50.0,0.4294543730572544,3.8324237351042507e-50,1090
tama,internal,aec_segment,seg64_51,64.0,51.0,0.4359607477106927,8.71422156125488e-52,1090
tama,internal,aec_segment,seg64_52,64.0,52.0,0.4386877537317757,1.7408971255020132e-52,1090
tama,internal,aec_segment,seg64_53,64.0,53.0,0.4379788528292012,2.6498115472759133e-52,1090
tama,internal,aec_segment,seg64_54,64.0,54.0,0.4379785446121736,2.650294996244637e-52,1090
tama,internal,aec_segment,seg64_55,64.0,55.0,0.4354832775299089,1.1535606227297952e-51,1090
tama,internal,aec_segment,seg64_56,64.0,56.0,0.4267820273424244,1.7703941317158712e-49,1090
tama,internal,aec_segment,seg64_57,64.0,57.0,0.4207526501594234,5.318174200417985e-48,1090
tama,internal,aec_segment,seg64_58,64.0,58.0,0.4114845282229096,8.696384813125951e-46,1090
tama,internal,aec_segment,seg64_59,64.0,59.0,0.4008236767952445,2.5168132555193897e-43,1090
tama,internal,aec_segment,seg64_60,64.0,60.0,0.385426083537867,6.324141248810863e-40,1090
tama,internal,aec_segment,seg64_61,64.0,61.0,0.3687456972560022,1.927770019572833e-36,1090
tama,internal,aec_segment,seg64_62,64.0,62.0,0.3548413135966358,1.0881219367713572e-33,1090
tama,internal,aec_segment,seg64_63,64.0,63.0,0.3418436073195462,3.0732971718938996e-31,1090
tama,internal,aec_segment,seg64_64,64.0,64.0,0.3344142069356306,6.874630323544117e-30,1090
sat,internal,aec_segment,seg64_1,64.0,1.0,0.3004112225257983,3.599889652661113e-24,1090
sat,internal,aec_segment,seg64_2,64.0,2.0,0.3059736531428435,4.687154563210863e-25,1090
sat,internal,aec_segment,seg64_3,64.0,3.0,0.3112586519665594,6.48316212391022e-26,1090
sat,internal,aec_segment,seg64_4,64.0,4.0,0.3174604399217887,6.041361958914506e-27,1090
sat,internal,aec_segment,seg64_5,64.0,5.0,0.322406884747709,8.739670268667994e-28,1090
sat,internal,aec_segment,seg64_6,64.0,6.0,0.3255972832723884,2.463577346051017e-28,1090
sat,internal,aec_segment,seg64_7,64.0,7.0,0.3298373665249065,4.4715300207703424e-29,1090
sat,internal,aec_segment,seg64_8,64.0,8.0,0.3336856165755746,9.281736510436194e-30,1090
sat,internal,aec_segment,seg64_9,64.0,9.0,0.3358815332450316,3.7463340669771295e-30,1090
sat,internal,aec_segment,seg64_10,64.0,10.0,0.338646388591973,1.1828740989933241e-30,1090
sat,internal,aec_segment,seg64_11,64.0,11.0,0.3424017333168619,2.425052150253856e-31,1090
sat,internal,aec_segment,seg64_12,64.0,12.0,0.3451160435076907,7.609823796238826e-32,1090
sat,internal,aec_segment,seg64_13,64.0,13.0,0.349651899328361,1.0692384351465842e-32,1090
sat,internal,aec_segment,seg64_14,64.0,14.0,0.3547421169862863,1.1371602695919292e-33,1090
sat,internal,aec_segment,seg64_15,64.0,15.0,0.3576050118606663,3.166356551378241e-34,1090
sat,internal,aec_segment,seg64_16,64.0,16.0,0.3620637742531701,4.210943098223909e-35,1090
sat,internal,aec_segment,seg64_17,64.0,17.0,0.3677973388823005,2.9997067493041184e-36,1090
sat,internal,aec_segment,seg64_18,64.0,18.0,0.3727444732346905,2.939574487668468e-37,1090
sat,internal,aec_segment,seg64_19,64.0,19.0,0.3782499425761808,2.1126566225148454e-38,1090
sat,internal,aec_segment,seg64_20,64.0,20.0,0.386145790044606,4.4265648180096086e-40,1090
sat,internal,aec_segment,seg64_21,64.0,21.0,0.3950464903932033,4.986085747064989e-42,1090
sat,internal,aec_segment,seg64_22,64.0,22.0,0.4048410400022713,3.0462117776526403e-44,1090
sat,internal,aec_segment,seg64_23,64.0,23.0,0.4158148637534836,8.198455713142101e-47,1090
sat,internal,aec_segment,seg64_24,64.0,24.0,0.4291571487328243,4.546600421380706e-50,1090
sat,internal,aec_segment,seg64_25,64.0,25.0,0.4395756289691081,1.0272108545006658e-52,1090
sat,internal,aec_segment,seg64_26,64.0,26.0,0.4477217935042203,7.543005195568973e-55,1090
sat,internal,aec_segment,seg64_27,64.0,27.0,0.4568360330910182,2.6309480514920947e-57,1090
sat,internal,aec_segment,seg64_28,64.0,28.0,0.4635568878456029,3.6281402001316663e-59,1090
sat,internal,aec_segment,seg64_29,64.0,29.0,0.4655208673389217,1.0189199321547745e-59,1090
sat,internal,aec_segment,seg64_30,64.0,30.0,0.4665091165717254,5.361021371472919e-60,1090
sat,internal,aec_segment,seg64_31,64.0,31.0,0.4664176216498162,5.689926252708019e-60,1090
sat,internal,aec_segment,seg64_32,64.0,32.0,0.4639810927038282,2.75968144203943e-59,1090
sat,internal,aec_segment,seg64_33,64.0,33.0,0.4573561911045775,1.8949764944467092e-57,1090
sat,internal,aec_segment,seg64_34,64.0,34.0,0.4508330394509332,1.1144019824948474e-55,1090
sat,internal,aec_segment,seg64_35,64.0,35.0,0.4426448830698037,1.6382853663355252e-53,1090
sat,internal,aec_segment,seg64_36,64.0,36.0,0.4327407153091261,5.727420208154849e-51,1090
sat,internal,aec_segment,seg64_37,64.0,37.0,0.4231170491236667,1.4121021995871235e-48,1090
sat,internal,aec_segment,seg64_38,64.0,38.0,0.4130396395147455,3.738989954112611e-46,1090
sat,internal,aec_segment,seg64_39,64.0,39.0,0.4021024744095529,1.2891090558879866e-43,1090
sat,internal,aec_segment,seg64_40,64.0,40.0,0.3925668794518664,1.7642347677440886e-41,1090
sat,internal,aec_segment,seg64_41,64.0,41.0,0.3824282493625231,2.7682936178291057e-39,1090
sat,internal,aec_segment,seg64_42,64.0,42.0,0.3720078617280249,4.1649171845725495e-37,1090
sat,internal,aec_segment,seg64_43,64.0,43.0,0.363274187845623,2.4216546755436876e-35,1090
sat,internal,aec_segment,seg64_44,64.0,44.0,0.3538479429898233,1.690760979234058e-33,1090
sat,internal,aec_segment,seg64_45,64.0,45.0,0.3443203405252327,1.0701565971860895e-31,1090
sat,internal,aec_segment,seg64_46,64.0,46.0,0.335550018702976,4.298297996804565e-30,1090
sat,internal,aec_segment,seg64_47,64.0,47.0,0.3266624395813161,1.608771091108465e-28,1090
sat,internal,aec_segment,seg64_48,64.0,48.0,0.3168532291393088,7.640567533825637e-27,1090
sat,internal,aec_segment,seg64_49,64.0,49.0,0.3076958478364722,2.4710228708122438e-25,1090
sat,internal,aec_segment,seg64_50,64.0,50.0,0.2968934492662326,1.277428389012442e-23,1090
sat,internal,aec_segment,seg64_51,64.0,51.0,0.2879377832571848,2.9682708790666214e-22,1090
sat,internal,aec_segment,seg64_52,64.0,52.0,0.2798187338384453,4.6686670301103184e-21,1090
sat,internal,aec_segment,seg64_53,64.0,53.0,0.2700574948633948,1.1378673327295125e-19,1090
sat,internal,aec_segment,seg64_54,64.0,54.0,0.2622606300216568,1.3299722520162352e-18,1090
sat,internal,aec_segment,seg64_55,64.0,55.0,0.2569482548698262,6.7802951579642835e-18,1090
sat,internal,aec_segment,seg64_56,64.0,56.0,0.2484434418866589,8.516350934783269e-17,1090
sat,internal,aec_segment,seg64_57,64.0,57.0,0.2405308475652642,8.243751855933686e-16,1090
sat,internal,aec_segment,seg64_58,64.0,58.0,0.2329279500190094,6.77008871607618e-15,1090
sat,internal,aec_segment,seg64_59,64.0,59.0,0.2240897542880396,7.140571437466596e-14,1090
sat,internal,aec_segment,seg64_60,64.0,60.0,0.2235520191204418,8.215049246218899e-14,1090
sat,internal,aec_segment,seg64_61,64.0,61.0,0.2328485980051963,6.917840639277683e-15,1090
sat,internal,aec_segment,seg64_62,64.0,62.0,0.25655681874285,7.633670133502429e-18,1090
sat,internal,aec_segment,seg64_63,64.0,63.0,0.2912476724369316,9.403057113695758e-23,1090
sat,internal,aec_segment,seg64_64,64.0,64.0,0.330194637813602,3.8678778837840964e-29,1090
vat,internal,aec_segment,seg64_1,64.0,1.0,0.1536281215653997,3.4595583531426213e-07,1090
vat,internal,aec_segment,seg64_2,64.0,2.0,0.1535451485994652,3.51080508900396e-07,1090
vat,internal,aec_segment,seg64_3,64.0,3.0,0.1550713815531436,2.67545061359688e-07,1090
vat,internal,aec_segment,seg64_4,64.0,4.0,0.1589300061446739,1.330197035994339e-07,1090
vat,internal,aec_segment,seg64_5,64.0,5.0,0.1633937535365313,5.802751650970783e-08,1090
vat,internal,aec_segment,seg64_6,64.0,6.0,0.1677313804219982,2.5352259243057673e-08,1090
vat,internal,aec_segment,seg64_7,64.0,7.0,0.1723523633794156,1.0245412043835713e-08,1090
vat,internal,aec_segment,seg64_8,64.0,8.0,0.1780688464216837,3.22736653495919e-09,1090
vat,internal,aec_segment,seg64_9,64.0,9.0,0.1831339056589106,1.1232188738570902e-09,1090
vat,internal,aec_segment,seg64_10,64.0,10.0,0.1897749033267579,2.6887933338803327e-10,1090
vat,internal,aec_segment,seg64_11,64.0,11.0,0.1979963368675522,4.259130332531057e-11,1090
vat,internal,aec_segment,seg64_12,64.0,12.0,0.2067037511817493,5.5371510515341966e-12,1090
vat,internal,aec_segment,seg64_13,64.0,13.0,0.2182063886962918,3.245569261605278e-13,1090
vat,internal,aec_segment,seg64_14,64.0,14.0,0.2293856711147855,1.7610970555273548e-14,1090
vat,internal,aec_segment,seg64_15,64.0,15.0,0.2396980847450204,1.041957396886286e-15,1090
vat,internal,aec_segment,seg64_16,64.0,16.0,0.251106623046919,3.895134357714446e-17,1090
vat,internal,aec_segment,seg64_17,64.0,17.0,0.262400937196052,1.2733245802029378e-18,1090
vat,internal,aec_segment,seg64_18,64.0,18.0,0.2718526282584734,6.386186616373581e-20,1090
vat,internal,aec_segment,seg64_19,64.0,19.0,0.2827260099875771,1.7587982763806662e-21,1090
vat,internal,aec_segment,seg64_20,64.0,20.0,0.293982859717127,3.5950045752448354e-23,1090
vat,internal,aec_segment,seg64_21,64.0,21.0,0.30328049694587,1.2646872968485996e-24,1090
vat,internal,aec_segment,seg64_22,64.0,22.0,0.3144757971808787,1.9062996286637526e-26,1090
vat,internal,aec_segment,seg64_23,64.0,23.0,0.3262112956344306,1.9273965994077726e-28,1090
vat,internal,aec_segment,seg64_24,64.0,24.0,0.3356836827761459,4.066668327591153e-30,1090
vat,internal,aec_segment,seg64_25,64.0,25.0,0.3472295464948551,3.0618615161599556e-32,1090
vat,internal,aec_segment,seg64_26,64.0,26.0,0.3622466925592755,3.8737926919872727e-35,1090
vat,internal,aec_segment,seg64_27,64.0,27.0,0.3789794554398469,1.484750461031861e-38,1090
vat,internal,aec_segment,seg64_28,64.0,28.0,0.3978268830601373,1.1934460974200897e-42,1090
vat,internal,aec_segment,seg64_29,64.0,29.0,0.4219815157161851,2.6731361903209716e-48,1090
vat,internal,aec_segment,seg64_30,64.0,30.0,0.4499251094988676,1.951151110863368e-55,1090
vat,internal,aec_segment,seg64_31,64.0,31.0,0.4780509545935116,2.531887572727911e-63,1090
vat,internal,aec_segment,seg64_32,64.0,32.0,0.5068204679080937,3.4493118224600853e-72,1090
vat,internal,aec_segment,seg64_33,64.0,33.0,0.5328491810886353,5.6530200807202525e-81,1090
vat,internal,aec_segment,seg64_34,64.0,34.0,0.5567083973503728,9.927951885932397e-90,1090
vat,internal,aec_segment,seg64_35,64.0,35.0,0.5764069229300908,1.635871867474904e-97,1090
vat,internal,aec_segment,seg64_36,64.0,36.0,0.5921825448369098,3.871251064677026e-104,1090
vat,internal,aec_segment,seg64_37,64.0,37.0,0.6047798058332967,1.0659349511456376e-109,1090
vat,internal,aec_segment,seg64_38,64.0,38.0,0.6143791002906318,4.176262150448332e-114,1090
vat,internal,aec_segment,seg64_39,64.0,39.0,0.6203418018147179,6.396520268671197e-117,1090
vat,internal,aec_segment,seg64_40,64.0,40.0,0.6242809345380543,8.180631733652383e-119,1090
vat,internal,aec_segment,seg64_41,64.0,41.0,0.6267877705179241,4.940740205901533e-120,1090
vat,internal,aec_segment,seg64_42,64.0,42.0,0.6282811488790873,9.16829815537109e-121,1090
vat,internal,aec_segment,seg64_43,64.0,43.0,0.6291723105309686,3.3408859903264444e-121,1090
vat,internal,aec_segment,seg64_44,64.0,44.0,0.6283407970745902,8.570143821098837e-121,1090
vat,internal,aec_segment,seg64_45,64.0,45.0,0.6263745651323844,7.861198337871088e-120,1090
vat,internal,aec_segment,seg64_46,64.0,46.0,0.6243883454561595,7.25745543433368e-119,1090
vat,internal,aec_segment,seg64_47,64.0,47.0,0.6216389476548707,1.5329178013197083e-117,1090
vat,internal,aec_segment,seg64_48,64.0,48.0,0.6176883357121354,1.1642866859396406e-115,1090
vat,internal,aec_segment,seg64_49,64.0,49.0,0.6144554116556714,3.8471906314036014e-114,1090
vat,internal,aec_segment,seg64_50,64.0,50.0,0.61063845989108,2.270290384238737e-112,1090
vat,internal,aec_segment,seg64_51,64.0,51.0,0.6064724198170698,1.8263703800307377e-110,1090
vat,internal,aec_segment,seg64_52,64.0,52.0,0.6010614799883514,4.9512067377587306e-108,1090
vat,internal,aec_segment,seg64_53,64.0,53.0,0.5941250772516182,5.5778902817110364e-105,1090
vat,internal,aec_segment,seg64_54,64.0,54.0,0.586773542367674,7.957383716592775e-102,1090
vat,internal,aec_segment,seg64_55,64.0,55.0,0.5789475166246721,1.4826429249416726e-98,1090
vat,internal,aec_segment,seg64_56,64.0,56.0,0.5668548277094394,1.1310299300816582e-93,1090
vat,internal,aec_segment,seg64_57,64.0,57.0,0.5531442768216371,2.2388882950750287e-88,1090
vat,internal,aec_segment,seg64_58,64.0,58.0,0.5377769143633339,1.0027972576805296e-82,1090
vat,internal,aec_segment,seg64_59,64.0,59.0,0.521689892932344,4.097158055883171e-77,1090
vat,internal,aec_segment,seg64_60,64.0,60.0,0.5117869152803606,8.312265939248541e-74,1090
vat,internal,aec_segment,seg64_61,64.0,61.0,0.5042257511050641,2.357758723668325e-71,1090
vat,internal,aec_segment,seg64_62,64.0,62.0,0.506400083711517,4.714835845061889e-72,1090
vat,internal,aec_segment,seg64_63,64.0,63.0,0.5106481987981204,1.9636549321158977e-73,1090
vat,internal,aec_segment,seg64_64,64.0,64.0,0.5150074052495089,7.180274314980584e-75,1090
total_fat,internal,aec_segment,seg64_1,64.0,1.0,0.285067489592123,7.944733721015116e-22,1090
total_fat,internal,aec_segment,seg64_2,64.0,2.0,0.2890062821349532,2.0514700974460265e-22,1090
total_fat,internal,aec_segment,seg64_3,64.0,3.0,0.2934830373361201,4.288895991228268e-23,1090
total_fat,internal,aec_segment,seg64_4,64.0,4.0,0.2996824419938825,4.68672297345686e-24,1090
total_fat,internal,aec_segment,seg64_5,64.0,5.0,0.3052612418108014,6.100697489227306e-25,1090
total_fat,internal,aec_segment,seg64_6,64.0,6.0,0.3095268809429103,1.2451861866458945e-25,1090
total_fat,internal,aec_segment,seg64_7,64.0,7.0,0.3146726251495751,1.767887473463186e-26,1090
total_fat,internal,aec_segment,seg64_8,64.0,8.0,0.3200394918540676,2.21468578683748e-27,1090
total_fat,internal,aec_segment,seg64_9,64.0,9.0,0.323926988017002,4.789578764853745e-28,1090
total_fat,internal,aec_segment,seg64_10,64.0,10.0,0.3289423220069665,6.425045911070215e-29,1090
total_fat,internal,aec_segment,seg64_11,64.0,11.0,0.3353889316024225,4.594881454959213e-30,1090
total_fat,internal,aec_segment,seg64_12,64.0,12.0,0.3413136377873376,3.84683599215872e-31,1090
total_fat,internal,aec_segment,seg64_13,64.0,13.0,0.3498196054395808,9.937859886240988e-33,1090
total_fat,internal,aec_segment,seg64_14,64.0,14.0,0.3585739497163742,2.048048959612901e-34,1090
total_fat,internal,aec_segment,seg64_15,64.0,15.0,0.3653392664442023,9.371352410849766e-36,1090
total_fat,internal,aec_segment,seg64_16,64.0,16.0,0.3737470615790786,1.8268070379880133e-37,1090
total_fat,internal,aec_segment,seg64_17,64.0,17.0,0.3830139888160603,2.0770744267756488e-39,1090
total_fat,internal,aec_segment,seg64_18,64.0,18.0,0.390875562509034,4.1514945860022367e-41,1090
total_fat,internal,aec_segment,seg64_19,64.0,19.0,0.3997868155901294,4.320253700878087e-43,1090
total_fat,internal,aec_segment,seg64_20,64.0,20.0,0.4105824850302049,1.4160908672214408e-45,1090
total_fat,internal,aec_segment,seg64_21,64.0,21.0,0.4212000993288961,4.141231250704178e-48,1090
total_fat,internal,aec_segment,seg64_22,64.0,22.0,0.4333250484381203,4.0758832750601815e-51,1090
total_fat,internal,aec_segment,seg64_23,64.0,23.0,0.4465402707526335,1.5512641558061156e-54,1090
total_fat,internal,aec_segment,seg64_24,64.0,24.0,0.4604132728881588,2.723035708654116e-58,1090
total_fat,internal,aec_segment,seg64_25,64.0,25.0,0.473144693385472,6.803950015260721e-62,1090
total_fat,internal,aec_segment,seg64_26,64.0,26.0,0.4858398816503739,1.21912721488017e-65,1090
total_fat,internal,aec_segment,seg64_27,64.0,27.0,0.5000121741319355,5.1623847213919636e-70,1090
total_fat,internal,aec_segment,seg64_28,64.0,28.0,0.5134409449831581,2.3707971836356004e-74,1090
total_fat,internal,aec_segment,seg64_29,64.0,29.0,0.525897237207168,1.492716422741594e-78,1090
total_fat,internal,aec_segment,seg64_30,64.0,30.0,0.5393896240842362,2.6412738103359512e-83,1090
total_fat,internal,aec_segment,seg64_31,64.0,31.0,0.5521934585240058,5.108207382228155e-88,1090
total_fat,internal,aec_segment,seg64_32,64.0,32.0,0.5636152704531465,2.125157515587212e-92,1090
total_fat,internal,aec_segment,seg64_33,64.0,33.0,0.5707886031936595,3.072123846334648e-95,1090
total_fat,internal,aec_segment,seg64_34,64.0,34.0,0.5770420063071886,8.994047572872999e-98,1090
total_fat,internal,aec_segment,seg64_35,64.0,35.0,0.5802012814057351,4.498621073003421e-99,1090
total_fat,internal,aec_segment,seg64_36,64.0,36.0,0.5803387639204205,3.945894951609974e-99,1090
total_fat,internal,aec_segment,seg64_37,64.0,37.0,0.5792224967194392,1.141901733288485e-98,1090
total_fat,internal,aec_segment,seg64_38,64.0,38.0,0.5764100859808889,1.6310105972434907e-97,1090
total_fat,internal,aec_segment,seg64_39,64.0,39.0,0.5713190512693476,1.8821098743504297e-95,1090
total_fat,internal,aec_segment,seg64_40,64.0,40.0,0.5663041403054548,1.8664767807229627e-93,1090
total_fat,internal,aec_segment,seg64_41,64.0,41.0,0.5602027394965061,4.5099131189423276e-91,1090
total_fat,internal,aec_segment,seg64_42,64.0,42.0,0.5534361841644769,1.7370796268703465e-88,1090
total_fat,internal,aec_segment,seg64_43,64.0,43.0,0.5475999638870006,2.6472015721390653e-86,1090
total_fat,internal,aec_segment,seg64_44,64.0,44.0,0.5404803763852577,1.066970367221406e-83,1090
total_fat,internal,aec_segment,seg64_45,64.0,45.0,0.5327691239224153,6.0324045517344715e-81,1090
total_fat,internal,aec_segment,seg64_46,64.0,46.0,0.5255901297693991,1.9039865603661015e-78,1090
total_fat,internal,aec_segment,seg64_47,64.0,47.0,0.5179781052777341,7.32640705388846e-76,1090
total_fat,internal,aec_segment,seg64_48,64.0,48.0,0.5091575504824499,6.020948638057255e-73,1090
total_fat,internal,aec_segment,seg64_49,64.0,49.0,0.5011313938546987,2.2837577838131564e-70,1090
total_fat,internal,aec_segment,seg64_50,64.0,50.0,0.4916619349296405,2.0622977644820007e-67,1090
total_fat,internal,aec_segment,seg64_51,64.0,51.0,0.4833530348667846,6.799195590814361e-65,1090
total_fat,internal,aec_segment,seg64_52,64.0,52.0,0.4750726427855405,1.8787644528304448e-62,1090
total_fat,internal,aec_segment,seg64_53,64.0,53.0,0.4649202074266636,1.5038520248633456e-59,1090
total_fat,internal,aec_segment,seg64_54,64.0,54.0,0.4559822176272969,4.5029766807500683e-57,1090
total_fat,internal,aec_segment,seg64_55,64.0,55.0,0.4486033603108577,4.396390370493279e-55,1090
total_fat,internal,aec_segment,seg64_56,64.0,56.0,0.4369898760171899,4.75351656125592e-52,1090
total_fat,internal,aec_segment,seg64_57,64.0,57.0,0.4250595194963094,4.7129458832825285e-49,1090
total_fat,internal,aec_segment,seg64_58,64.0,58.0,0.4125924851563974,4.768256930219863e-46,1090
total_fat,internal,aec_segment,seg64_59,64.0,59.0,0.398913010281567,6.8017294795674675e-43,1090
total_fat,internal,aec_segment,seg64_60,64.0,60.0,0.3939973650954528,8.521730183424914e-42,1090
total_fat,internal,aec_segment,seg64_61,64.0,61.0,0.397184101080366,1.6629735454351766e-42,1090
total_fat,internal,aec_segment,seg64_62,64.0,62.0,0.4151287445677862,1.1946461604912841e-46,1090
total_fat,internal,aec_segment,seg64_63,64.0,63.0,0.4418740986132824,2.6024242521275523e-53,1090
total_fat,internal,aec_segment,seg64_64,64.0,64.0,0.4717131124455277,1.7597604877036138e-61,1090
imata,external,aec_segment,seg64_1,64.0,1.0,0.2513819946489789,8.209868880557031e-15,926
imata,external,aec_segment,seg64_2,64.0,2.0,0.2522993135688968,6.513607963994967e-15,926
imata,external,aec_segment,seg64_3,64.0,3.0,0.2545444552878536,3.682172922890944e-15,926
imata,external,aec_segment,seg64_4,64.0,4.0,0.2571140766615785,1.9037082188565227e-15,926
imata,external,aec_segment,seg64_5,64.0,5.0,0.2603158254243689,8.282058428746631e-16,926
imata,external,aec_segment,seg64_6,64.0,6.0,0.2640090846808542,3.1259517438782907e-16,926
imata,external,aec_segment,seg64_7,64.0,7.0,0.2701594998872773,5.962582442186856e-17,926
imata,external,aec_segment,seg64_8,64.0,8.0,0.2785615724556987,5.7825966437327886e-18,926
imata,external,aec_segment,seg64_9,64.0,9.0,0.2859096599956312,7.027987414005503e-19,926
imata,external,aec_segment,seg64_10,64.0,10.0,0.2910511403959537,1.5489910205098941e-19,926
imata,external,aec_segment,seg64_11,64.0,11.0,0.2950837658394761,4.62804456726545e-20,926
imata,external,aec_segment,seg64_12,64.0,12.0,0.3013536588232315,6.806042383869934e-21,926
imata,external,aec_segment,seg64_13,64.0,13.0,0.3084728152165213,7.287674800001573e-22,926
imata,external,aec_segment,seg64_14,64.0,14.0,0.3170784502739627,4.5041995554730914e-23,926
imata,external,aec_segment,seg64_15,64.0,15.0,0.3248357530007538,3.3841992290749185e-24,926
imata,external,aec_segment,seg64_16,64.0,16.0,0.3332219387456858,1.8917772181447463e-25,926
imata,external,aec_segment,seg64_17,64.0,17.0,0.3416782542062648,9.416537764795095e-27,926
imata,external,aec_segment,seg64_18,64.0,18.0,0.3508551673651227,3.263330073647209e-28,926
imata,external,aec_segment,seg64_19,64.0,19.0,0.3592778850047196,1.3497931913400538e-29,926
imata,external,aec_segment,seg64_20,64.0,20.0,0.36442822801803,1.8349787035454447e-30,926
imata,external,aec_segment,seg64_21,64.0,21.0,0.3692187151534186,2.774800756790888e-31,926
imata,external,aec_segment,seg64_22,64.0,22.0,0.3727824775377956,6.666078879659348e-32,926
imata,external,aec_segment,seg64_23,64.0,23.0,0.3784265860816874,6.714098790542166e-33,926
imata,external,aec_segment,seg64_24,64.0,24.0,0.3831522359561042,9.486297268817484e-34,926
imata,external,aec_segment,seg64_25,64.0,25.0,0.3910121517806043,3.4064960148303276e-35,926
imata,external,aec_segment,seg64_26,64.0,26.0,0.3995119584729185,8.418461219822902e-37,926
imata,external,aec_segment,seg64_27,64.0,27.0,0.4086333675819475,1.4055801125430078e-38,926
imata,external,aec_segment,seg64_28,64.0,28.0,0.4194627269193025,9.223986427835823e-41,926
imata,external,aec_segment,seg64_29,64.0,29.0,0.4300241318542221,5.724984191504718e-43,926
imata,external,aec_segment,seg64_30,64.0,30.0,0.4416249763873697,1.7441524847245402e-45,926
imata,external,aec_segment,seg64_31,64.0,31.0,0.4518988174503112,8.519073963431445e-48,926
imata,external,aec_segment,seg64_32,64.0,32.0,0.4614638583434832,5.08730831986031e-50,926
imata,external,aec_segment,seg64_33,64.0,33.0,0.4707370077953209,3.033900865091464e-52,926
imata,external,aec_segment,seg64_34,64.0,34.0,0.477385596073434,6.990391245817919e-54,926
imata,external,aec_segment,seg64_35,64.0,35.0,0.4826413238120163,3.3441976040065974e-55,926
imata,external,aec_segment,seg64_36,64.0,36.0,0.4864085096549064,3.662335266582317e-56,926
imata,external,aec_segment,seg64_37,64.0,37.0,0.4864462651233178,3.581547070670723e-56,926
imata,external,aec_segment,seg64_38,64.0,38.0,0.4858660574382947,5.044392012967897e-56,926
imata,external,aec_segment,seg64_39,64.0,39.0,0.4830496970695267,2.634787354547627e-55,926
imata,external,aec_segment,seg64_40,64.0,40.0,0.4819381863892668,5.037909476714727e-55,926
imata,external,aec_segment,seg64_41,64.0,41.0,0.4794704822807403,2.1063843676261235e-54,926
imata,external,aec_segment,seg64_42,64.0,42.0,0.4739158208621936,5.053368269293809e-53,926
imata,external,aec_segment,seg64_43,64.0,43.0,0.4679565137026852,1.432822529878001e-51,926
imata,external,aec_segment,seg64_44,64.0,44.0,0.4608148811658747,7.238045012418283e-50,926
imata,external,aec_segment,seg64_45,64.0,45.0,0.4536069087046022,3.454785937501836e-48,926
imata,external,aec_segment,seg64_46,64.0,46.0,0.4478321582987099,7.156342615018553e-47,926
imata,external,aec_segment,seg64_47,64.0,47.0,0.4413409882199471,2.0153608068142496e-45,926
imata,external,aec_segment,seg64_48,64.0,48.0,0.4344422229258804,6.471418754493187e-44,926
imata,external,aec_segment,seg64_49,64.0,49.0,0.4283715747872472,1.2832780470370737e-42,926
imata,external,aec_segment,seg64_50,64.0,50.0,0.4235674737463631,1.3073861983229264e-41,926
imata,external,aec_segment,seg64_51,64.0,51.0,0.4179588213982637,1.874439363801291e-40,926
imata,external,aec_segment,seg64_52,64.0,52.0,0.4129865714190764,1.905301342035938e-39,926
imata,external,aec_segment,seg64_53,64.0,53.0,0.4072598971289379,2.624406719663189e-38,926
imata,external,aec_segment,seg64_54,64.0,54.0,0.4021602825154889,2.5993814182706874e-37,926
imata,external,aec_segment,seg64_55,64.0,55.0,0.4002976168820461,5.947149885821864e-37,926
imata,external,aec_segment,seg64_56,64.0,56.0,0.3993525013773019,9.032640220723928e-37,926
imata,external,aec_segment,seg64_57,64.0,57.0,0.4002827701080974,5.986385606192784e-37,926
imata,external,aec_segment,seg64_58,64.0,58.0,0.4023054658495607,2.436451573384756e-37,926
imata,external,aec_segment,seg64_59,64.0,59.0,0.4042348976798459,1.0276178902751177e-37,926
imata,external,aec_segment,seg64_60,64.0,60.0,0.4077267662583714,2.1232216802972495e-38,926
imata,external,aec_segment,seg64_61,64.0,61.0,0.4124038050799379,2.4939804903453814e-39,926
imata,external,aec_segment,seg64_62,64.0,62.0,0.4184162349058822,1.5113769724135767e-40,926
imata,external,aec_segment,seg64_63,64.0,63.0,0.4169518751971497,3.007393096888823e-40,926
imata,external,aec_segment,seg64_64,64.0,64.0,0.4182523873382874,1.632604594926779e-40,926
nama,external,aec_segment,seg64_1,64.0,1.0,0.1900258026331791,5.612830101663696e-09,926
nama,external,aec_segment,seg64_2,64.0,2.0,0.1878406420674084,8.428341923925437e-09,926
nama,external,aec_segment,seg64_3,64.0,3.0,0.1871126870113643,9.640468990010712e-09,926
nama,external,aec_segment,seg64_4,64.0,4.0,0.1865293295727805,1.0732379951053237e-08,926
nama,external,aec_segment,seg64_5,64.0,5.0,0.1829299634680539,2.065086090052437e-08,926
nama,external,aec_segment,seg64_6,64.0,6.0,0.1794885389730441,3.8147126197573596e-08,926
nama,external,aec_segment,seg64_7,64.0,7.0,0.1770046380159728,5.8973490713441854e-08,926
nama,external,aec_segment,seg64_8,64.0,8.0,0.176350933921498,6.60705158998637e-08,926
nama,external,aec_segment,seg64_9,64.0,9.0,0.1748042856729017,8.630596881350968e-08,926
nama,external,aec_segment,seg64_10,64.0,10.0,0.1735145567590339,1.0765048988217149e-07,926
nama,external,aec_segment,seg64_11,64.0,11.0,0.1714575155952011,1.526229739773543e-07,926
nama,external,aec_segment,seg64_12,64.0,12.0,0.1670816806601227,3.163194089018903e-07,926
nama,external,aec_segment,seg64_13,64.0,13.0,0.16235488505134,6.806161031136662e-07,926
nama,external,aec_segment,seg64_14,64.0,14.0,0.1578593437145198,1.3825099385186018e-06,926
nama,external,aec_segment,seg64_15,64.0,15.0,0.1550700765559938,2.1250383276743053e-06,926
nama,external,aec_segment,seg64_16,64.0,16.0,0.1552399921948152,2.0705534590683894e-06,926
nama,external,aec_segment,seg64_17,64.0,17.0,0.1559762468300078,1.8495623604944609e-06,926
nama,external,aec_segment,seg64_18,64.0,18.0,0.1553500836530703,2.0359696210376954e-06,926
nama,external,aec_segment,seg64_19,64.0,19.0,0.1536032340420867,2.6561150465624003e-06,926
nama,external,aec_segment,seg64_20,64.0,20.0,0.1525574336028578,3.1100806699200207e-06,926
nama,external,aec_segment,seg64_21,64.0,21.0,0.1500304298329355,4.5339378221039725e-06,926
nama,external,aec_segment,seg64_22,64.0,22.0,0.1464372733267055,7.668222203406029e-06,926
nama,external,aec_segment,seg64_23,64.0,23.0,0.1382479450617812,2.426569211508924e-05,926
nama,external,aec_segment,seg64_24,64.0,24.0,0.1258862557179406,0.0001226015887121,926
nama,external,aec_segment,seg64_25,64.0,25.0,0.1125594431307095,0.0006002628510437,926
nama,external,aec_segment,seg64_26,64.0,26.0,0.0998993307285059,0.002338655723612,926
nama,external,aec_segment,seg64_27,64.0,27.0,0.0879967045393631,0.0073766639804288,926
nama,external,aec_segment,seg64_28,64.0,28.0,0.0784266763799762,0.0169866284043957,926
nama,external,aec_segment,seg64_29,64.0,29.0,0.0710918000044344,0.030529146306396,926
nama,external,aec_segment,seg64_30,64.0,30.0,0.0695278689044597,0.0343913628966624,926
nama,external,aec_segment,seg64_31,64.0,31.0,0.0720790928040156,0.0282875484028066,926
nama,external,aec_segment,seg64_32,64.0,32.0,0.0792497190755425,0.015859805653514,926
nama,external,aec_segment,seg64_33,64.0,33.0,0.0884893496867433,0.0070514891636879,926
nama,external,aec_segment,seg64_34,64.0,34.0,0.1000382625279173,0.0023058046571668,926
nama,external,aec_segment,seg64_35,64.0,35.0,0.1146486177399947,0.0004729870948175,926
nama,external,aec_segment,seg64_36,64.0,36.0,0.1292393332014071,8.012551459400026e-05,926
nama,external,aec_segment,seg64_37,64.0,37.0,0.1446921765762186,9.854005007158953e-06,926
nama,external,aec_segment,seg64_38,64.0,38.0,0.1557010161874526,1.9293873498465318e-06,926
nama,external,aec_segment,seg64_39,64.0,39.0,0.1648761842677505,4.5349442454562493e-07,926
nama,external,aec_segment,seg64_40,64.0,40.0,0.1706303500176084,1.754176410048125e-07,926
nama,external,aec_segment,seg64_41,64.0,41.0,0.1756568679632343,7.45083523540859e-08,926
nama,external,aec_segment,seg64_42,64.0,42.0,0.1816468290241011,2.599618855119337e-08,926
nama,external,aec_segment,seg64_43,64.0,43.0,0.186584204449775,1.0624757158691366e-08,926
nama,external,aec_segment,seg64_44,64.0,44.0,0.1918092041556748,4.0136236531353234e-09,926
nama,external,aec_segment,seg64_45,64.0,45.0,0.1972015747800213,1.4277839283371494e-09,926
nama,external,aec_segment,seg64_46,64.0,46.0,0.2040609779190413,3.673640007577719e-10,926
nama,external,aec_segment,seg64_47,64.0,47.0,0.2106471199352009,9.533901461214389e-11,926
nama,external,aec_segment,seg64_48,64.0,48.0,0.2171450539193117,2.4107248777291048e-11,926
nama,external,aec_segment,seg64_49,64.0,49.0,0.2228914902317834,6.887986820711948e-12,926
nama,external,aec_segment,seg64_50,64.0,50.0,0.2267091692884662,2.939549005073469e-12,926
nama,external,aec_segment,seg64_51,64.0,51.0,0.2306245839700243,1.2078610433591073e-12,926
nama,external,aec_segment,seg64_52,64.0,52.0,0.2327710427856876,7.366268312375063e-13,926
nama,external,aec_segment,seg64_53,64.0,53.0,0.2360482328863961,3.429246062700115e-13,926
nama,external,aec_segment,seg64_54,64.0,54.0,0.2411472481579717,1.0198912771848233e-13,926
nama,external,aec_segment,seg64_55,64.0,55.0,0.2450929429529115,3.913922070685377e-14,926
nama,external,aec_segment,seg64_56,64.0,56.0,0.2488157555533825,1.560943004822497e-14,926
nama,external,aec_segment,seg64_57,64.0,57.0,0.2517304924861194,7.519646130984268e-15,926
nama,external,aec_segment,seg64_58,64.0,58.0,0.2498019726548729,1.2204489432514955e-14,926
nama,external,aec_segment,seg64_59,64.0,59.0,0.2453375940899575,3.686200164226466e-14,926
nama,external,aec_segment,seg64_60,64.0,60.0,0.2363131074668332,3.222122074524175e-13,926
nama,external,aec_segment,seg64_61,64.0,61.0,0.2240367657199545,5.34386178299516e-12,926
nama,external,aec_segment,seg64_62,64.0,62.0,0.2117969954151623,7.498831099158503e-11,926
nama,external,aec_segment,seg64_63,64.0,63.0,0.2024399722550221,5.085201175566606e-10,926
nama,external,aec_segment,seg64_64,64.0,64.0,0.188544095407026,7.398281135554356e-09,926
lama,external,aec_segment,seg64_1,64.0,1.0,0.181758670387968,2.5481455160548763e-08,926
lama,external,aec_segment,seg64_2,64.0,2.0,0.1819525235222011,2.4612574195384964e-08,926
lama,external,aec_segment,seg64_3,64.0,3.0,0.1837268348687933,1.78851923185075e-08,926
lama,external,aec_segment,seg64_4,64.0,4.0,0.1852756351288174,1.3500153616421387e-08,926
lama,external,aec_segment,seg64_5,64.0,5.0,0.1876791111656078,8.683825604944172e-09,926
lama,external,aec_segment,seg64_6,64.0,6.0,0.1913564435714479,4.371638044289696e-09,926
lama,external,aec_segment,seg64_7,64.0,7.0,0.1966909750401215,1.5765763264667474e-09,926
lama,external,aec_segment,seg64_8,64.0,8.0,0.2033033318943017,4.2780271502329615e-10,926
lama,external,aec_segment,seg64_9,64.0,9.0,0.209796045850956,1.1378035253049112e-10,926
lama,external,aec_segment,seg64_10,64.0,10.0,0.2131908693516857,5.5948640973572124e-11,926
lama,external,aec_segment,seg64_11,64.0,11.0,0.2180284243334706,1.992932961843705e-11,926
lama,external,aec_segment,seg64_12,64.0,12.0,0.2249013922823308,4.407907590529817e-12,926
lama,external,aec_segment,seg64_13,64.0,13.0,0.2317951632682445,9.22905478165469e-13,926
lama,external,aec_segment,seg64_14,64.0,14.0,0.2407536704767226,1.1210880648499483e-13,926
lama,external,aec_segment,seg64_15,64.0,15.0,0.2466438605757741,2.6736088791768955e-14,926
lama,external,aec_segment,seg64_16,64.0,16.0,0.2532850680718487,5.074080918242257e-15,926
lama,external,aec_segment,seg64_17,64.0,17.0,0.2602705877092003,8.38069681979056e-16,926
lama,external,aec_segment,seg64_18,64.0,18.0,0.2686663902394339,8.950170322660011e-17,926
lama,external,aec_segment,seg64_19,64.0,19.0,0.2777886167007367,7.191483718214388e-18,926
lama,external,aec_segment,seg64_20,64.0,20.0,0.2816105675599268,2.430256942796208e-18,926
lama,external,aec_segment,seg64_21,64.0,21.0,0.2851065583793337,8.875651197151853e-19,926
lama,external,aec_segment,seg64_22,64.0,22.0,0.2870578466783309,5.027279357753366e-19,926
lama,external,aec_segment,seg64_23,64.0,23.0,0.289514338205206,2.442208934703924e-19,926
lama,external,aec_segment,seg64_24,64.0,24.0,0.2912884319337169,1.4434751639650412e-19,926
lama,external,aec_segment,seg64_25,64.0,25.0,0.29696207660345,2.6190889300343792e-20,926
lama,external,aec_segment,seg64_26,64.0,26.0,0.3038767173744774,3.1051170645463293e-21,926
lama,external,aec_segment,seg64_27,64.0,27.0,0.3123383680523329,2.1108246757730651e-22,926
lama,external,aec_segment,seg64_28,64.0,28.0,0.3230702088681195,6.1405266059130496e-24,926
lama,external,aec_segment,seg64_29,64.0,29.0,0.3343763143807972,1.2629274432578417e-25,926
lama,external,aec_segment,seg64_30,64.0,30.0,0.3462824487006994,1.7674352230807202e-27,926
lama,external,aec_segment,seg64_31,64.0,31.0,0.357070685185853,3.1392955088027757e-29,926
lama,external,aec_segment,seg64_32,64.0,32.0,0.3707853244856949,1.485660587983578e-31,926
lama,external,aec_segment,seg64_33,64.0,33.0,0.3848993094070824,4.56396350778872e-34,926
lama,external,aec_segment,seg64_34,64.0,34.0,0.39509796726421,5.829706107583741e-36,926
lama,external,aec_segment,seg64_35,64.0,35.0,0.4044071870696656,9.51113522745044e-38,926
lama,external,aec_segment,seg64_36,64.0,36.0,0.4119235028856243,3.1123615931054506e-39,926
lama,external,aec_segment,seg64_37,64.0,37.0,0.4167938923419707,3.238470570367613e-40,926
lama,external,aec_segment,seg64_38,64.0,38.0,0.4226742728795648,2.0046678412717696e-41,926
lama,external,aec_segment,seg64_39,64.0,39.0,0.4254170620027555,5.372989371195994e-42,926
lama,external,aec_segment,seg64_40,64.0,40.0,0.4284430787911574,1.239348021391008e-42,926
lama,external,aec_segment,seg64_41,64.0,41.0,0.4307633838182986,3.984109356811233e-43,926
lama,external,aec_segment,seg64_42,64.0,42.0,0.4298511170087681,6.2311182583509914e-43,926
lama,external,aec_segment,seg64_43,64.0,43.0,0.4285276078001189,1.1893386118610929e-42,926
lama,external,aec_segment,seg64_44,64.0,44.0,0.4251738202973605,6.041452250425553e-42,926
lama,external,aec_segment,seg64_45,64.0,45.0,0.4220289037999656,2.72788335866511e-41,926
lama,external,aec_segment,seg64_46,64.0,46.0,0.4185960175743576,1.3886231268533654e-40,926
lama,external,aec_segment,seg64_47,64.0,47.0,0.4149154953377136,7.785453879289373e-40,926
lama,external,aec_segment,seg64_48,64.0,48.0,0.4106344491266471,5.6298168314419416e-39,926
lama,external,aec_segment,seg64_49,64.0,49.0,0.4070214165513915,2.924067745976238e-38,926
lama,external,aec_segment,seg64_50,64.0,50.0,0.4051206366462599,6.900612732212078e-38,926
lama,external,aec_segment,seg64_51,64.0,51.0,0.4011176082530999,4.133869966093325e-37,926
lama,external,aec_segment,seg64_52,64.0,52.0,0.3976214178768156,1.935281853733781e-36,926
lama,external,aec_segment,seg64_53,64.0,53.0,0.3907392960028116,3.8293359030430064e-35,926
lama,external,aec_segment,seg64_54,64.0,54.0,0.3847822736532384,4.793896094261549e-34,926
lama,external,aec_segment,seg64_55,64.0,55.0,0.3812372867198872,2.1046400159732637e-33,926
lama,external,aec_segment,seg64_56,64.0,56.0,0.3770623063399218,1.1742411824717102e-32,926
lama,external,aec_segment,seg64_57,64.0,57.0,0.3771276413996329,1.1432927837220904e-32,926
lama,external,aec_segment,seg64_58,64.0,58.0,0.3762855952219458,1.6123342006653798e-32,926
lama,external,aec_segment,seg64_59,64.0,59.0,0.376752480707576,1.3326894389884748e-32,926
lama,external,aec_segment,seg64_60,64.0,60.0,0.3794728362146625,4.365423776076122e-33,926
lama,external,aec_segment,seg64_61,64.0,61.0,0.3859620467774698,2.918167146345416e-34,926
lama,external,aec_segment,seg64_62,64.0,62.0,0.3945663831494371,7.345196238563904e-36,926
lama,external,aec_segment,seg64_63,64.0,63.0,0.3992975307911953,9.254512746606025e-37,926
lama,external,aec_segment,seg64_64,64.0,64.0,0.4042529870342277,1.0193066511632726e-37,926
tama,external,aec_segment,seg64_1,64.0,1.0,0.2840896089058764,1.191490853461084e-18,926
tama,external,aec_segment,seg64_2,64.0,2.0,0.2822798432050266,2.0062531199960818e-18,926
tama,external,aec_segment,seg64_3,64.0,3.0,0.2826517450672022,1.8030938218830607e-18,926
tama,external,aec_segment,seg64_4,64.0,4.0,0.2831018591991865,1.5841851191996889e-18,926
tama,external,aec_segment,seg64_5,64.0,5.0,0.2812234086273016,2.7146650760959527e-18,926
tama,external,aec_segment,seg64_6,64.0,6.0,0.2800951128599979,3.7441839987492254e-18,926
tama,external,aec_segment,seg64_7,64.0,7.0,0.2808654609521845,3.006674802824473e-18,926
tama,external,aec_segment,seg64_8,64.0,8.0,0.2841491043296786,1.1711785639755128e-18,926
tama,external,aec_segment,seg64_9,64.0,9.0,0.2864267119896203,6.044961580156897e-19,926
tama,external,aec_segment,seg64_10,64.0,10.0,0.2873406812176761,4.627952991163796e-19,926
tama,external,aec_segment,seg64_11,64.0,11.0,0.2880223856499875,3.789538146657141e-19,926
tama,external,aec_segment,seg64_12,64.0,12.0,0.2877235483066043,4.136824033301489e-19,926
tama,external,aec_segment,seg64_13,64.0,13.0,0.2872189646978484,4.795813845407927e-19,926
tama,external,aec_segment,seg64_14,64.0,14.0,0.2879953003119435,3.8197913792553273e-19,926
tama,external,aec_segment,seg64_15,64.0,15.0,0.2889259671354108,2.905125796106131e-19,926
tama,external,aec_segment,seg64_16,64.0,16.0,0.2929771090828635,8.720179939639167e-20,926
tama,external,aec_segment,seg64_17,64.0,17.0,0.2977044725129555,2.088913680299755e-20,926
tama,external,aec_segment,seg64_18,64.0,18.0,0.3018714134758021,5.7973440713937985e-21,926
tama,external,aec_segment,seg64_19,64.0,19.0,0.3052213297210642,2.0373971365262e-21,926
tama,external,aec_segment,seg64_20,64.0,20.0,0.3065425621030153,1.343766159021738e-21,926
tama,external,aec_segment,seg64_21,64.0,21.0,0.306317393360175,1.442757816503248e-21,926
tama,external,aec_segment,seg64_22,64.0,22.0,0.3042981801541813,2.7215698957291146e-21,926
tama,external,aec_segment,seg64_23,64.0,23.0,0.2985330843351714,1.6216000732301468e-20,926
tama,external,aec_segment,seg64_24,64.0,24.0,0.2885244866497788,3.2696460466085856e-19,926
tama,external,aec_segment,seg64_25,64.0,25.0,0.2796877908302223,4.203495783443077e-18,926
tama,external,aec_segment,seg64_26,64.0,26.0,0.2720738921403594,3.5289875532352835e-17,926
tama,external,aec_segment,seg64_27,64.0,27.0,0.2658942303851963,1.8898008438373368e-16,926
tama,external,aec_segment,seg64_28,64.0,28.0,0.2630431258829621,4.039255265762032e-16,926
tama,external,aec_segment,seg64_29,64.0,29.0,0.2624574396648357,4.716007655406418e-16,926
tama,external,aec_segment,seg64_30,64.0,30.0,0.2675653160279148,1.2056099298462297e-16,926
tama,external,aec_segment,seg64_31,64.0,31.0,0.2758118107450257,1.2520874144096849e-17,926
tama,external,aec_segment,seg64_32,64.0,32.0,0.2894612280012157,2.4808162091833615e-19,926
tama,external,aec_segment,seg64_33,64.0,33.0,0.3051457824022427,2.0863302289532333e-21,926
tama,external,aec_segment,seg64_34,64.0,34.0,0.3209523971838639,1.2483223771136608e-23,926
tama,external,aec_segment,seg64_35,64.0,35.0,0.3390177432852453,2.4445455480955196e-26,926
tama,external,aec_segment,seg64_36,64.0,36.0,0.3561122100678778,4.5197578114217447e-29,926
tama,external,aec_segment,seg64_37,64.0,37.0,0.372398130053597,7.781108783452892e-32,926
tama,external,aec_segment,seg64_38,64.0,38.0,0.3849496445223044,4.468468996967912e-34,926
tama,external,aec_segment,seg64_39,64.0,39.0,0.3941947677569392,8.630803232619478e-36,926
tama,external,aec_segment,seg64_40,64.0,40.0,0.4006321612775702,5.12767179815577e-37,926
tama,external,aec_segment,seg64_41,64.0,41.0,0.4059274926704184,4.796131440501159e-38,926
tama,external,aec_segment,seg64_42,64.0,42.0,0.4103393921926964,6.445468301191147e-39,926
tama,external,aec_segment,seg64_43,64.0,43.0,0.4135569494863887,1.4631748043317754e-39,926
tama,external,aec_segment,seg64_44,64.0,44.0,0.4160240199332767,4.642637649752722e-40,926
tama,external,aec_segment,seg64_45,64.0,45.0,0.4187254650756488,1.306417831405031e-40,926
tama,external,aec_segment,seg64_46,64.0,46.0,0.4228354623332763,1.8560208735518966e-41,926
tama,external,aec_segment,seg64_47,64.0,47.0,0.4264976171377458,3.187760359459456e-42,926
tama,external,aec_segment,seg64_48,64.0,48.0,0.4297711082700174,6.479965254489739e-43,926
tama,external,aec_segment,seg64_49,64.0,49.0,0.4327434860257693,1.5020676822964381e-43,926
tama,external,aec_segment,seg64_50,64.0,50.0,0.4348327976977125,5.328750047173899e-44,926
tama,external,aec_segment,seg64_51,64.0,51.0,0.436014466479671,2.9558481629031204e-44,926
tama,external,aec_segment,seg64_52,64.0,52.0,0.4358665479140437,3.1825550852444103e-44,926
tama,external,aec_segment,seg64_53,64.0,53.0,0.4352205185855229,4.3929732712030793e-44,926
tama,external,aec_segment,seg64_54,64.0,54.0,0.4367231688789255,2.073456367228551e-44,926
tama,external,aec_segment,seg64_55,64.0,55.0,0.438604386138365,8.056919749927474e-45,926
tama,external,aec_segment,seg64_56,64.0,56.0,0.4401291977463701,3.728384155834917e-45,926
tama,external,aec_segment,seg64_57,64.0,57.0,0.4429552024535098,8.846648046117431e-46,926
tama,external,aec_segment,seg64_58,64.0,58.0,0.441080973744926,2.300224604533462e-45,926
tama,external,aec_segment,seg64_59,64.0,59.0,0.4374207424476142,1.461399604626424e-44,926
tama,external,aec_segment,seg64_60,64.0,60.0,0.430726280093165,4.0573527343522814e-43,926
tama,external,aec_segment,seg64_61,64.0,61.0,0.4227976262960055,1.889898407750641e-41,926
tama,external,aec_segment,seg64_62,64.0,62.0,0.4159731299114931,4.7543421218566626e-40,926
tama,external,aec_segment,seg64_63,64.0,63.0,0.4091984315357893,1.0862315518700699e-38,926
tama,external,aec_segment,seg64_64,64.0,64.0,0.398698052136314,1.205468174783124e-36,926
sat,external,aec_segment,seg64_1,64.0,1.0,0.3771266768720058,1.1437437334989732e-32,926
sat,external,aec_segment,seg64_2,64.0,2.0,0.3816300425583289,1.788068823867127e-33,926
sat,external,aec_segment,seg64_3,64.0,3.0,0.3850894161234915,4.2135645597030226e-34,926
sat,external,aec_segment,seg64_4,64.0,4.0,0.3866438298705157,2.188400265236368e-34,926
sat,external,aec_segment,seg64_5,64.0,5.0,0.3884597370462631,1.0134359615006061e-34,926
sat,external,aec_segment,seg64_6,64.0,6.0,0.3910971911404472,3.284435397606408e-35,926
sat,external,aec_segment,seg64_7,64.0,7.0,0.3960473836716066,3.854356578636277e-36,926
sat,external,aec_segment,seg64_8,64.0,8.0,0.4022733886749466,2.471554375384549e-37,926
sat,external,aec_segment,seg64_9,64.0,9.0,0.4066971425882751,3.386687822367512e-38,926
sat,external,aec_segment,seg64_10,64.0,10.0,0.4077394644606568,2.1110088341875202e-38,926
sat,external,aec_segment,seg64_11,64.0,11.0,0.4061436046977886,4.3500956072931e-38,926
sat,external,aec_segment,seg64_12,64.0,12.0,0.40562533547676,5.496795841046603e-38,926
sat,external,aec_segment,seg64_13,64.0,13.0,0.4053142138874915,6.324430192675395e-38,926
sat,external,aec_segment,seg64_14,64.0,14.0,0.4072674433758266,2.615439511393191e-38,926
sat,external,aec_segment,seg64_15,64.0,15.0,0.4100934218544592,7.214300204546473e-39,926
sat,external,aec_segment,seg64_16,64.0,16.0,0.4125113447699928,2.3731930967650128e-39,926
sat,external,aec_segment,seg64_17,64.0,17.0,0.4147989823144886,8.219274437317116e-40,926
sat,external,aec_segment,seg64_18,64.0,18.0,0.4196796893960921,8.324581413157716e-41,926
sat,external,aec_segment,seg64_19,64.0,19.0,0.4253084996788938,5.6617392198772356e-42,926
sat,external,aec_segment,seg64_20,64.0,20.0,0.4307454811843991,4.019284033838266e-43,926
sat,external,aec_segment,seg64_21,64.0,21.0,0.4363472765241705,2.502732507805259e-44,926
sat,external,aec_segment,seg64_22,64.0,22.0,0.437690471933521,1.2762302281771e-44,926
sat,external,aec_segment,seg64_23,64.0,23.0,0.4392842989862265,5.71689212228734e-45,926
sat,external,aec_segment,seg64_24,64.0,24.0,0.440768296197124,2.6961930884901364e-45,926
sat,external,aec_segment,seg64_25,64.0,25.0,0.4442137013293613,4.64154510243777e-46,926
sat,external,aec_segment,seg64_26,64.0,26.0,0.4487903905855319,4.345328137313449e-47,926
sat,external,aec_segment,seg64_27,64.0,27.0,0.45364527168961,3.385260210631519e-48,926
sat,external,aec_segment,seg64_28,64.0,28.0,0.4592963239832827,1.646854389394504e-49,926
sat,external,aec_segment,seg64_29,64.0,29.0,0.4632900449198711,1.8784770974232522e-50,926
sat,external,aec_segment,seg64_30,64.0,30.0,0.4671814671288633,2.203000491983805e-51,926
sat,external,aec_segment,seg64_31,64.0,31.0,0.4691419366731948,7.404921439393288e-52,926
sat,external,aec_segment,seg64_32,64.0,32.0,0.4670117190561572,2.4202917665855241e-51,926
sat,external,aec_segment,seg64_33,64.0,33.0,0.4619803524881914,3.840429345006584e-50,926
sat,external,aec_segment,seg64_34,64.0,34.0,0.4566880366936722,6.694445048480492e-49,926
sat,external,aec_segment,seg64_35,64.0,35.0,0.4522111410023595,7.225815618797412e-48,926
sat,external,aec_segment,seg64_36,64.0,36.0,0.4470010506372962,1.1016817493346988e-46,926
sat,external,aec_segment,seg64_37,64.0,37.0,0.4407528219227615,2.717458675744605e-45,926
sat,external,aec_segment,seg64_38,64.0,38.0,0.4350185881683319,4.857928575177501e-44,926
sat,external,aec_segment,seg64_39,64.0,39.0,0.4297191869771864,6.646708646376549e-43,926
sat,external,aec_segment,seg64_40,64.0,40.0,0.424615815511603,7.903302644409759e-42,926
sat,external,aec_segment,seg64_41,64.0,41.0,0.4176630411357072,2.154041993868539e-40,926
sat,external,aec_segment,seg64_42,64.0,42.0,0.4075438259464372,2.307153623180455e-38,926
sat,external,aec_segment,seg64_43,64.0,43.0,0.3974615711332007,2.075884281276409e-36,926
sat,external,aec_segment,seg64_44,64.0,44.0,0.3848545737469154,4.650532009587998e-34,926
sat,external,aec_segment,seg64_45,64.0,45.0,0.3724741895350494,7.546681675838815e-32,926
sat,external,aec_segment,seg64_46,64.0,46.0,0.3610784251443174,6.746772116902374e-30,926
sat,external,aec_segment,seg64_47,64.0,47.0,0.3501228124427736,4.285307003129879e-28,926
sat,external,aec_segment,seg64_48,64.0,48.0,0.3409272060658765,1.2338325747041305e-26,926
sat,external,aec_segment,seg64_49,64.0,49.0,0.3331192309852933,1.960865105879592e-25,926
sat,external,aec_segment,seg64_50,64.0,50.0,0.3275013819460105,1.3662818468193364e-24,926
sat,external,aec_segment,seg64_51,64.0,51.0,0.3217809354955753,9.464000089552048e-24,926
sat,external,aec_segment,seg64_52,64.0,52.0,0.3179731160127537,3.354586243575526e-23,926
sat,external,aec_segment,seg64_53,64.0,53.0,0.3143081234145859,1.1146939828534903e-22,926
sat,external,aec_segment,seg64_54,64.0,54.0,0.3109112795653905,3.3423538859573294e-22,926
sat,external,aec_segment,seg64_55,64.0,55.0,0.3112561117577983,2.9917294161854094e-22,926
sat,external,aec_segment,seg64_56,64.0,56.0,0.3128263379752596,1.8028163458863616e-22,926
sat,external,aec_segment,seg64_57,64.0,57.0,0.3136232386869986,1.3925422906632192e-22,926
sat,external,aec_segment,seg64_58,64.0,58.0,0.3176684588795438,3.709093621911216e-23,926
sat,external,aec_segment,seg64_59,64.0,59.0,0.3201409601931928,1.6358117883892394e-23,926
sat,external,aec_segment,seg64_60,64.0,60.0,0.3236195081605778,5.1037157772184104e-24,926
sat,external,aec_segment,seg64_61,64.0,61.0,0.3292418390061817,7.520056766862924e-25,926
sat,external,aec_segment,seg64_62,64.0,62.0,0.3391615271607844,2.3222574074717798e-26,926
sat,external,aec_segment,seg64_63,64.0,63.0,0.349387487639378,5.629486259301843e-28,926
sat,external,aec_segment,seg64_64,64.0,64.0,0.3632355165130772,2.9223893255205067e-30,926
vat,external,aec_segment,seg64_1,64.0,1.0,0.1817783297194424,2.539200231470833e-08,926
vat,external,aec_segment,seg64_2,64.0,2.0,0.1826124511853068,2.1864647928600103e-08,926
vat,external,aec_segment,seg64_3,64.0,3.0,0.1857802502646867,1.2311598600120372e-08,926
vat,external,aec_segment,seg64_4,64.0,4.0,0.1891342942488978,6.629293573710368e-09,926
vat,external,aec_segment,seg64_5,64.0,5.0,0.1923987165103773,3.5899340161883132e-09,926
vat,external,aec_segment,seg64_6,64.0,6.0,0.1966905327464674,1.576711532641074e-09,926
vat,external,aec_segment,seg64_7,64.0,7.0,0.2020789993383245,5.465054393276881e-10,926
vat,external,aec_segment,seg64_8,64.0,8.0,0.2109583635639356,8.935197874363846e-11,926
vat,external,aec_segment,seg64_9,64.0,9.0,0.2179111892984558,2.0440077687693225e-11,926
vat,external,aec_segment,seg64_10,64.0,10.0,0.222447643084437,7.597180847242536e-12,926
vat,external,aec_segment,seg64_11,64.0,11.0,0.2275394230185601,2.4376242259217667e-12,926
vat,external,aec_segment,seg64_12,64.0,12.0,0.2337499421528751,5.86934036765463e-13,926
vat,external,aec_segment,seg64_13,64.0,13.0,0.240582611006935,1.1680837121160433e-13,926
vat,external,aec_segment,seg64_14,64.0,14.0,0.2482738755635129,1.786108288923934e-14,926
vat,external,aec_segment,seg64_15,64.0,15.0,0.2566859347087505,2.1259765169290668e-15,926
vat,external,aec_segment,seg64_16,64.0,16.0,0.2673024774014796,1.2942009648653055e-16,926
vat,external,aec_segment,seg64_17,64.0,17.0,0.2794615124847263,4.482203909580367e-18,926
vat,external,aec_segment,seg64_18,64.0,18.0,0.2918018480616067,1.2388441358657037e-19,926
vat,external,aec_segment,seg64_19,64.0,19.0,0.3021363865288241,5.3397582270005516e-21,926
vat,external,aec_segment,seg64_20,64.0,20.0,0.3098345871852992,4.719793514681321e-22,926
vat,external,aec_segment,seg64_21,64.0,21.0,0.3144211630785063,1.0744319478607915e-22,926
vat,external,aec_segment,seg64_22,64.0,22.0,0.3181226343488781,3.1930708794271455e-23,926
vat,external,aec_segment,seg64_23,64.0,23.0,0.3220516918125787,8.643635414446375e-24,926
vat,external,aec_segment,seg64_24,64.0,24.0,0.3239858712054799,4.5104967546971536e-24,926
vat,external,aec_segment,seg64_25,64.0,25.0,0.3298428175631377,6.113468930048502e-25,926
vat,external,aec_segment,seg64_26,64.0,26.0,0.3365723346119753,5.827259464454403e-26,926
vat,external,aec_segment,seg64_27,64.0,27.0,0.3475362494407722,1.1152680986119867e-27,926
vat,external,aec_segment,seg64_28,64.0,28.0,0.3625123786665738,3.871323732349144e-30,926
vat,external,aec_segment,seg64_29,64.0,29.0,0.3776355820794387,9.287211882643408e-33,926
vat,external,aec_segment,seg64_30,64.0,30.0,0.3995684063499318,8.211125266422522e-37,926
vat,external,aec_segment,seg64_31,64.0,31.0,0.4217387011943357,3.1324874542362937e-41,926
vat,external,aec_segment,seg64_32,64.0,32.0,0.4467465243578844,1.2569932286677326e-46,926
vat,external,aec_segment,seg64_33,64.0,33.0,0.4708572742811303,2.835957902545971e-52,926
vat,external,aec_segment,seg64_34,64.0,34.0,0.493042115822232,6.965536739059331e-58,926
vat,external,aec_segment,seg64_35,64.0,35.0,0.5128336976119356,3.0069077688758126e-63,926
vat,external,aec_segment,seg64_36,64.0,36.0,0.5286851203108464,8.303749524435813e-68,926
vat,external,aec_segment,seg64_37,64.0,37.0,0.540158534109222,2.9209077541923346e-71,926
vat,external,aec_segment,seg64_38,64.0,38.0,0.5483575222934107,8.21380687412648e-74,926
vat,external,aec_segment,seg64_39,64.0,39.0,0.5537035606687399,1.632173138638816e-75,926
vat,external,aec_segment,seg64_40,64.0,40.0,0.5564170601362337,2.1733222810868232e-76,926
vat,external,aec_segment,seg64_41,64.0,41.0,0.5564043735183957,2.1940012972445643e-76,926
vat,external,aec_segment,seg64_42,64.0,42.0,0.5540298171812497,1.2820637416967875e-75,926
vat,external,aec_segment,seg64_43,64.0,43.0,0.5504148499821884,1.8335268343231843e-74,926
vat,external,aec_segment,seg64_44,64.0,44.0,0.5460710981158376,4.295677890765308e-73,926
vat,external,aec_segment,seg64_45,64.0,45.0,0.5413747789981962,1.2346416607004977e-71,926
vat,external,aec_segment,seg64_46,64.0,46.0,0.5366571544399483,3.41696742611462e-70,926
vat,external,aec_segment,seg64_47,64.0,47.0,0.5305361230193267,2.3497731141133228e-68,926
vat,external,aec_segment,seg64_48,64.0,48.0,0.5237475485604531,2.3187040187223032e-66,926
vat,external,aec_segment,seg64_49,64.0,49.0,0.5174380915523584,1.5087999479295412e-64,926
vat,external,aec_segment,seg64_50,64.0,50.0,0.5112349306359463,8.408160679515956e-63,926
vat,external,aec_segment,seg64_51,64.0,51.0,0.5037198920703723,9.82585557870179e-61,926
vat,external,aec_segment,seg64_52,64.0,52.0,0.4960021980401158,1.1555828311281037e-58,926
vat,external,aec_segment,seg64_53,64.0,53.0,0.488313143483856,1.1845306276545857e-56,926
vat,external,aec_segment,seg64_54,64.0,54.0,0.4821147567113581,4.5457001550376224e-55,926
vat,external,aec_segment,seg64_55,64.0,55.0,0.4784368817947452,3.821726361529594e-54,926
vat,external,aec_segment,seg64_56,64.0,56.0,0.4761631846416976,1.4069692561226135e-53,926
vat,external,aec_segment,seg64_57,64.0,57.0,0.4742620504889006,4.1524167429407695e-53,926
vat,external,aec_segment,seg64_58,64.0,58.0,0.4705204879917218,3.4255051761074644e-52,926
vat,external,aec_segment,seg64_59,64.0,59.0,0.4671720175057395,2.2145700973400688e-51,926
vat,external,aec_segment,seg64_60,64.0,60.0,0.4645458402248674,9.435027611101342e-51,926
vat,external,aec_segment,seg64_61,64.0,61.0,0.4628640893422729,2.371171498277413e-50,926
vat,external,aec_segment,seg64_62,64.0,62.0,0.4625547652099275,2.807582636064804e-50,926
vat,external,aec_segment,seg64_63,64.0,63.0,0.4616556125605143,4.583301409434095e-50,926
vat,external,aec_segment,seg64_64,64.0,64.0,0.4616158030503544,4.683681846464112e-50,926
total_fat,external,aec_segment,seg64_1,64.0,1.0,0.3520823669138027,2.063910620460906e-28,926
total_fat,external,aec_segment,seg64_2,64.0,2.0,0.3557055162516094,5.273669930970139e-29,926
total_fat,external,aec_segment,seg64_3,64.0,3.0,0.3595875434155817,1.1984196716553615e-29,926
total_fat,external,aec_segment,seg64_4,64.0,4.0,0.3621713549159456,4.4191824311198084e-30,926
total_fat,external,aec_segment,seg64_5,64.0,5.0,0.3649055193302469,1.5223469882233473e-30,926
total_fat,external,aec_segment,seg64_6,64.0,6.0,0.3686812198392281,3.43536857153683e-31,926
total_fat,external,aec_segment,seg64_7,64.0,7.0,0.3746081994982071,3.188279252353472e-32,926
total_fat,external,aec_segment,seg64_8,64.0,8.0,0.382976789034364,1.020705414686448e-33,926
total_fat,external,aec_segment,seg64_9,64.0,9.0,0.3892028414457331,7.385432177072595e-35,926
total_fat,external,aec_segment,seg64_10,64.0,10.0,0.3919300331300633,2.2962241367996589e-35,926
total_fat,external,aec_segment,seg64_11,64.0,11.0,0.3929886378295341,1.4547414557418172e-35,926
total_fat,external,aec_segment,seg64_12,64.0,12.0,0.3953138741212982,5.306811772217466e-36,926
total_fat,external,aec_segment,seg64_13,64.0,13.0,0.3980596100546764,1.5964701139239006e-36,926
total_fat,external,aec_segment,seg64_14,64.0,14.0,0.4028180812770261,1.938149301328137e-37,926
total_fat,external,aec_segment,seg64_15,64.0,15.0,0.4085218431959497,1.4788428560898134e-38,926
total_fat,external,aec_segment,seg64_16,64.0,16.0,0.4148887273570168,7.883064618452566e-40,926
total_fat,external,aec_segment,seg64_17,64.0,17.0,0.4218319927549754,2.9963123884624517e-41,926
total_fat,external,aec_segment,seg64_18,64.0,18.0,0.4307314846697159,4.046998737067804e-43,926
total_fat,external,aec_segment,seg64_19,64.0,19.0,0.4393004433335218,5.670452314795926e-45,926
total_fat,external,aec_segment,seg64_20,64.0,20.0,0.4465841815883208,1.3672251685054027e-46,926
total_fat,external,aec_segment,seg64_21,64.0,21.0,0.4526342453374999,5.779628431607481e-48,926
total_fat,external,aec_segment,seg64_22,64.0,22.0,0.4552162026250634,1.4691969863443274e-48,926
total_fat,external,aec_segment,seg64_23,64.0,23.0,0.4580785775750438,3.1744381471118223e-49,926
total_fat,external,aec_segment,seg64_24,64.0,24.0,0.459994019982882,1.129381342339754e-49,926
total_fat,external,aec_segment,seg64_25,64.0,25.0,0.4650352321887048,7.208729146565915e-51,926
total_fat,external,aec_segment,seg64_26,64.0,26.0,0.4712749110789849,2.243140334921097e-52,926
total_fat,external,aec_segment,seg64_27,64.0,27.0,0.4795572079566468,2.003497949978012e-54,926
total_fat,external,aec_segment,seg64_28,64.0,28.0,0.4901605319920203,3.936449608288314e-57,926
total_fat,external,aec_segment,seg64_29,64.0,29.0,0.4996278921494964,1.2494866232405997e-59,926
total_fat,external,aec_segment,seg64_30,64.0,30.0,0.5119821551104171,5.203259904557979e-63,926
total_fat,external,aec_segment,seg64_31,64.0,31.0,0.5230416574847363,3.7155636680640324e-66,926
total_fat,external,aec_segment,seg64_32,64.0,32.0,0.5323733026684427,6.66043411757163e-69,926
total_fat,external,aec_segment,seg64_33,64.0,33.0,0.5392144373834038,5.685393258519597e-71,926
total_fat,external,aec_segment,seg64_34,64.0,34.0,0.5450292179707318,9.090719792852165e-73,926
total_fat,external,aec_segment,seg64_35,64.0,35.0,0.5503937260557252,1.862075143617888e-74,926
total_fat,external,aec_segment,seg64_36,64.0,36.0,0.5535141334192591,1.8775592190258792e-75,926
total_fat,external,aec_segment,seg64_37,64.0,37.0,0.5539792731817781,1.33094989968824e-75,926
total_fat,external,aec_segment,seg64_38,64.0,38.0,0.5533927577767204,2.0537535435104034e-75,926
total_fat,external,aec_segment,seg64_39,64.0,39.0,0.5518805399121696,6.25955282258287e-75,926
total_fat,external,aec_segment,seg64_40,64.0,40.0,0.5493655646646441,3.944661483997942e-74,926
total_fat,external,aec_segment,seg64_41,64.0,41.0,0.5443262104503964,1.5053188254209405e-72,926
total_fat,external,aec_segment,seg64_42,64.0,42.0,0.5359673487841182,5.528334920148237e-70,926
total_fat,external,aec_segment,seg64_43,64.0,43.0,0.527095889645909,2.4394262415122145e-67,926
total_fat,external,aec_segment,seg64_44,64.0,44.0,0.5160796152741811,3.665260279964213e-64,926
total_fat,external,aec_segment,seg64_45,64.0,45.0,0.5050741060758093,4.2031644912047236e-61,926
total_fat,external,aec_segment,seg64_46,64.0,46.0,0.4947722016995901,2.442902094253621e-58,926
total_fat,external,aec_segment,seg64_47,64.0,47.0,0.4841787379364276,1.3606244253700243e-55,926
total_fat,external,aec_segment,seg64_48,64.0,48.0,0.474569264267924,3.4877793047189247e-53,926
total_fat,external,aec_segment,seg64_49,64.0,49.0,0.4661727719016061,3.8498091796532185e-51,926
total_fat,external,aec_segment,seg64_50,64.0,50.0,0.459408159767362,1.5503237307171932e-49,926
total_fat,external,aec_segment,seg64_51,64.0,51.0,0.45199883446387,8.081684375664574e-48,926
total_fat,external,aec_segment,seg64_52,64.0,52.0,0.4458861402130345,1.9615009291634813e-46,926
total_fat,external,aec_segment,seg64_53,64.0,53.0,0.4398893062760614,4.210002469292042e-45,926
total_fat,external,aec_segment,seg64_54,64.0,54.0,0.434734787111971,5.595108500642677e-44,926
total_fat,external,aec_segment,seg64_55,64.0,55.0,0.433385229081494,1.0934144207127338e-43,926
total_fat,external,aec_segment,seg64_56,64.0,56.0,0.4335334277235387,1.0160056425373057e-43,926
total_fat,external,aec_segment,seg64_57,64.0,57.0,0.4332837337473371,1.1497805323486916e-43,926
total_fat,external,aec_segment,seg64_58,64.0,58.0,0.4345855794359465,6.026201322408654e-44,926
total_fat,external,aec_segment,seg64_59,64.0,59.0,0.4349196948011313,5.103150149898901e-44,926
total_fat,external,aec_segment,seg64_60,64.0,60.0,0.4362962605603911,2.5674232111616266e-44,926
total_fat,external,aec_segment,seg64_61,64.0,61.0,0.4396355907327851,4.7867256991807225e-45,926
total_fat,external,aec_segment,seg64_62,64.0,62.0,0.4466829858635205,1.2990432675640994e-46,926
total_fat,external,aec_segment,seg64_63,64.0,63.0,0.4536956534977032,3.2960605107481154e-48,926
total_fat,external,aec_segment,seg64_64,64.0,64.0,0.4637043744535089,1.4971751359972261e-50,926
imata,internal,aec_segment,seg128_1,128.0,1.0,0.206338686274846,6.042762797465226e-12,1090
imata,internal,aec_segment,seg128_2,128.0,2.0,0.2066657797071273,5.587748602559305e-12,1090
imata,internal,aec_segment,seg128_3,128.0,3.0,0.2076586381418473,4.402413834009053e-12,1090
imata,internal,aec_segment,seg128_4,128.0,4.0,0.2084289950556291,3.655865952185147e-12,1090
imata,internal,aec_segment,seg128_5,128.0,5.0,0.2100776068901888,2.4503540201894567e-12,1090
imata,internal,aec_segment,seg128_6,128.0,6.0,0.2122260762711125,1.4474910276041018e-12,1090
imata,internal,aec_segment,seg128_7,128.0,7.0,0.2143277551885551,8.602051098940978e-13,1090
imata,internal,aec_segment,seg128_8,128.0,8.0,0.2163320316396099,5.210310918857565e-13,1090
imata,internal,aec_segment,seg128_9,128.0,9.0,0.2186277002538464,2.916239417079775e-13,1090
imata,internal,aec_segment,seg128_10,128.0,10.0,0.2202453251949201,1.929847375886884e-13,1090
imata,internal,aec_segment,seg128_11,128.0,11.0,0.2224584064909814,1.0912776649232053e-13,1090
imata,internal,aec_segment,seg128_12,128.0,12.0,0.2248789726354254,5.80899856589478e-14,1090
imata,internal,aec_segment,seg128_13,128.0,13.0,0.2268300326542748,3.475895727764839e-14,1090
imata,internal,aec_segment,seg128_14,128.0,14.0,0.2294274860327859,1.7414951313074647e-14,1090
imata,internal,aec_segment,seg128_15,128.0,15.0,0.2315755055727774,9.770699589815684e-15,1090
imata,internal,aec_segment,seg128_16,128.0,16.0,0.233762750893854,5.391938134334451e-15,1090
imata,internal,aec_segment,seg128_17,128.0,17.0,0.2357350489102738,3.1381885000776445e-15,1090
imata,internal,aec_segment,seg128_18,128.0,18.0,0.2384805586544893,1.4651498414609037e-15,1090
imata,internal,aec_segment,seg128_19,128.0,19.0,0.2412849037551064,6.663177553843174e-16,1090
imata,internal,aec_segment,seg128_20,128.0,20.0,0.2450034793986267,2.307618200725638e-16,1090
imata,internal,aec_segment,seg128_21,128.0,21.0,0.2483758864847655,8.685989026295195e-17,1090
imata,internal,aec_segment,seg128_22,128.0,22.0,0.2513307163046778,3.6454653353256015e-17,1090
imata,internal,aec_segment,seg128_23,128.0,23.0,0.2536844867880024,1.810725550133281e-17,1090
imata,internal,aec_segment,seg128_24,128.0,24.0,0.2576638050766295,5.456415370177111e-18,1090
imata,internal,aec_segment,seg128_25,128.0,25.0,0.262225250726426,1.344644278988874e-18,1090
imata,internal,aec_segment,seg128_26,128.0,26.0,0.2666772645913844,3.336836863207289e-19,1090
imata,internal,aec_segment,seg128_27,128.0,27.0,0.2705188029711921,9.813161238245651e-20,1090
imata,internal,aec_segment,seg128_28,128.0,28.0,0.2748461376979544,2.413945461194092e-20,1090
imata,internal,aec_segment,seg128_29,128.0,29.0,0.2783071949818186,7.720366163519901e-21,1090
imata,internal,aec_segment,seg128_30,128.0,30.0,0.2812959258835374,2.84707687967858e-21,1090
imata,internal,aec_segment,seg128_31,128.0,31.0,0.2854877994859622,6.882991096038351e-22,1090
imata,internal,aec_segment,seg128_32,128.0,32.0,0.2897421489977965,1.589173104454049e-22,1090
imata,internal,aec_segment,seg128_33,128.0,33.0,0.2939736896992502,3.606675013983856e-23,1090
imata,internal,aec_segment,seg128_34,128.0,34.0,0.2978149690929992,9.18294101516522e-24,1090
imata,internal,aec_segment,seg128_35,128.0,35.0,0.3011082272727906,2.7951036566698163e-24,1090
imata,internal,aec_segment,seg128_36,128.0,36.0,0.3051898109003063,6.2638238484451825e-25,1090
imata,internal,aec_segment,seg128_37,128.0,37.0,0.309725348132334,1.1557024511188444e-25,1090
imata,internal,aec_segment,seg128_38,128.0,38.0,0.3148367811323171,1.6600962464523005e-26,1090
imata,internal,aec_segment,seg128_39,128.0,39.0,0.3195770754648459,2.6531857007274893e-27,1090
imata,internal,aec_segment,seg128_40,128.0,40.0,0.3245231104409081,3.779705185760385e-28,1090
imata,internal,aec_segment,seg128_41,128.0,41.0,0.3289897140781586,6.303098486352769e-29,1090
imata,internal,aec_segment,seg128_42,128.0,42.0,0.3335594062416063,9.776393081004969e-30,1090
imata,internal,aec_segment,seg128_43,128.0,43.0,0.3388024921755853,1.1079463785213021e-30,1090
imata,internal,aec_segment,seg128_44,128.0,44.0,0.3446655388632001,9.231279152548839e-32,1090
imata,internal,aec_segment,seg128_45,128.0,45.0,0.3515508949831624,4.656628618802585e-33,1090
imata,internal,aec_segment,seg128_46,128.0,46.0,0.3578206498732417,2.874124285757151e-34,1090
imata,internal,aec_segment,seg128_47,128.0,47.0,0.3629290463255647,2.836143623888604e-35,1090
imata,internal,aec_segment,seg128_48,128.0,48.0,0.3692854134616448,1.4979113050424996e-36,1090
imata,internal,aec_segment,seg128_49,128.0,49.0,0.3746412742942127,1.1934882289401848e-37,1090
imata,internal,aec_segment,seg128_50,128.0,50.0,0.3804776141432711,7.17563557377212e-39,1090
imata,internal,aec_segment,seg128_51,128.0,51.0,0.3875063388296732,2.2496605014177755e-40,1090
imata,internal,aec_segment,seg128_52,128.0,52.0,0.3941216635561341,7.998226501529028e-42,1090
imata,internal,aec_segment,seg128_53,128.0,53.0,0.4013732136510478,1.888617353831925e-43,1090
imata,internal,aec_segment,seg128_54,128.0,54.0,0.4093718976224533,2.7180378195704023e-45,1090
imata,internal,aec_segment,seg128_55,128.0,55.0,0.4173785917986292,3.464672808025271e-47,1090
imata,internal,aec_segment,seg128_56,128.0,56.0,0.4249965624850882,4.8841334774748336e-49,1090
imata,internal,aec_segment,seg128_57,128.0,57.0,0.4331076792565151,4.6260799897502073e-51,1090
imata,internal,aec_segment,seg128_58,128.0,58.0,0.4430618535092815,1.2748091222642887e-53,1090
imata,internal,aec_segment,seg128_59,128.0,59.0,0.4524072544663695,4.202787767032149e-56,1090
imata,internal,aec_segment,seg128_60,128.0,60.0,0.4606651337213554,2.3187642890478704e-58,1090
imata,internal,aec_segment,seg128_61,128.0,61.0,0.4680434472301255,1.9698347053479302e-60,1090
imata,internal,aec_segment,seg128_62,128.0,62.0,0.4757486503175028,1.1941494110534691e-62,1090
imata,internal,aec_segment,seg128_63,128.0,63.0,0.4839983234986307,4.358827025677709e-65,1090
imata,internal,aec_segment,seg128_64,128.0,64.0,0.4905727593501221,4.4504257976256357e-67,1090
imata,internal,aec_segment,seg128_65,128.0,65.0,0.4957589669056773,1.1141192177327366e-68,1090
imata,internal,aec_segment,seg128_66,128.0,66.0,0.5013315992265126,1.973113341195734e-70,1090
imata,internal,aec_segment,seg128_67,128.0,67.0,0.5052341280823343,1.1192857767633754e-71,1090
imata,internal,aec_segment,seg128_68,128.0,68.0,0.5080019371346158,1.429688369160904e-72,1090
imata,internal,aec_segment,seg128_69,128.0,69.0,0.5107269020853888,1.8505744350654642e-73,1090
imata,internal,aec_segment,seg128_70,128.0,70.0,0.512537527903294,4.708091404464134e-74,1090
imata,internal,aec_segment,seg128_71,128.0,71.0,0.5128978071867587,3.582042695275167e-74,1090
imata,internal,aec_segment,seg128_72,128.0,72.0,0.5122210466645574,5.984252826307428e-74,1090
imata,internal,aec_segment,seg128_73,128.0,73.0,0.5127059424308049,4.1435161198560944e-74,1090
imata,internal,aec_segment,seg128_74,128.0,74.0,0.5131681570741451,2.917127146419001e-74,1090
imata,internal,aec_segment,seg128_75,128.0,75.0,0.5129843446322784,3.354246353698836e-74,1090
imata,internal,aec_segment,seg128_76,128.0,76.0,0.5127408874246195,4.035099364563956e-74,1090
imata,internal,aec_segment,seg128_77,128.0,77.0,0.5121727454700118,6.207230884802006e-74,1090
imata,internal,aec_segment,seg128_78,128.0,78.0,0.5114400125408971,1.0804549868597012e-73,1090
imata,internal,aec_segment,seg128_79,128.0,79.0,0.5109546205930324,1.5586159187619202e-73,1090
imata,internal,aec_segment,seg128_80,128.0,80.0,0.5103489527084176,2.460045762481101e-73,1090
imata,internal,aec_segment,seg128_81,128.0,81.0,0.5095090929543731,4.6251563864148015e-73,1090
imata,internal,aec_segment,seg128_82,128.0,82.0,0.5087122788472744,8.405236237212203e-73,1090
imata,internal,aec_segment,seg128_83,128.0,83.0,0.5079958740560373,1.4361774166668684e-72,1090
imata,internal,aec_segment,seg128_84,128.0,84.0,0.5074804187961659,2.109909827496134e-72,1090
imata,internal,aec_segment,seg128_85,128.0,85.0,0.5067646911078894,3.595444958116618e-72,1090
imata,internal,aec_segment,seg128_86,128.0,86.0,0.504775662574579,1.571026039264806e-71,1090
imata,internal,aec_segment,seg128_87,128.0,87.0,0.5028352550459414,6.55986329053904e-71,1090
imata,internal,aec_segment,seg128_88,128.0,88.0,0.5013069107225709,2.009021700354493e-70,1090
imata,internal,aec_segment,seg128_89,128.0,89.0,0.4992607238190003,8.910975570167862e-70,1090
imata,internal,aec_segment,seg128_90,128.0,90.0,0.4966638978813393,5.816491256530796e-69,1090
imata,internal,aec_segment,seg128_91,128.0,91.0,0.4954778587956873,1.3628371765174015e-68,1090
imata,internal,aec_segment,seg128_92,128.0,92.0,0.4931533577183317,7.160950550769069e-68,1090
imata,internal,aec_segment,seg128_93,128.0,93.0,0.4899774424215874,6.76824559947008e-67,1090
imata,internal,aec_segment,seg128_94,128.0,94.0,0.486594239607329,7.217973544946412e-66,1090
imata,internal,aec_segment,seg128_95,128.0,95.0,0.4818370821666328,1.9250875080883603e-64,1090
imata,internal,aec_segment,seg128_96,128.0,96.0,0.4785028706824102,1.8647344147724749e-63,1090
imata,internal,aec_segment,seg128_97,128.0,97.0,0.4758519407302445,1.1141603711044906e-62,1090
imata,internal,aec_segment,seg128_98,128.0,98.0,0.4726464491688442,9.475802085862672e-62,1090
imata,internal,aec_segment,seg128_99,128.0,99.0,0.4690126626526253,1.043802992664644e-60,1090
imata,internal,aec_segment,seg128_100,128.0,100.0,0.4658016954865646,8.491431728294946e-60,1090
imata,internal,aec_segment,seg128_101,128.0,101.0,0.4616440554717008,1.2399908365585603e-58,1090
imata,internal,aec_segment,seg128_102,128.0,102.0,0.45766287676333,1.5612237970321094e-57,1090
imata,internal,aec_segment,seg128_103,128.0,103.0,0.4534190646719027,2.239548600658547e-56,1090
imata,internal,aec_segment,seg128_104,128.0,104.0,0.4507307650897451,1.1870789312117859e-55,1090
imata,internal,aec_segment,seg128_105,128.0,105.0,0.4468812715816501,1.2601905623615267e-54,1090
imata,internal,aec_segment,seg128_106,128.0,106.0,0.4431153151370877,1.2344285166295952e-53,1090
imata,internal,aec_segment,seg128_107,128.0,107.0,0.4386793384636837,1.7496105536679895e-52,1090
imata,internal,aec_segment,seg128_108,128.0,108.0,0.4350996633621642,1.4446636577754847e-51,1090
imata,internal,aec_segment,seg128_109,128.0,109.0,0.4316136030398348,1.1018208712243658e-50,1090
imata,internal,aec_segment,seg128_110,128.0,110.0,0.4279226404912973,9.2286116427095e-50,1090
imata,internal,aec_segment,seg128_111,128.0,111.0,0.4236872162111601,1.0240052880946156e-48,1090
imata,internal,aec_segment,seg128_112,128.0,112.0,0.4189745414884164,1.4316573941216576e-47,1090
imata,internal,aec_segment,seg128_113,128.0,113.0,0.4151783022660011,1.1626314139848111e-46,1090
imata,internal,aec_segment,seg128_114,128.0,114.0,0.4116154043891233,8.101435543786291e-46,1090
imata,internal,aec_segment,seg128_115,128.0,115.0,0.4067460113029504,1.1078342450276557e-44,1090
imata,internal,aec_segment,seg128_116,128.0,116.0,0.4014031706428017,1.8592554408827543e-43,1090
imata,internal,aec_segment,seg128_117,128.0,117.0,0.3974926727522668,1.418264537564474e-42,1090
imata,internal,aec_segment,seg128_118,128.0,118.0,0.3945773352229249,6.338031880856489e-42,1090
imata,internal,aec_segment,seg128_119,128.0,119.0,0.3944121564889022,6.89602717902439e-42,1090
imata,internal,aec_segment,seg128_120,128.0,120.0,0.3949287047748772,5.295836386990109e-42,1090
imata,internal,aec_segment,seg128_121,128.0,121.0,0.3957128252804526,3.543922709521372e-42,1090
imata,internal,aec_segment,seg128_122,128.0,122.0,0.3980444416341023,1.066507806087246e-42,1090
imata,internal,aec_segment,seg128_123,128.0,123.0,0.403861931467257,5.1101533208394e-44,1090
imata,internal,aec_segment,seg128_124,128.0,124.0,0.4098803619432855,2.0675891003442613e-45,1090
imata,internal,aec_segment,seg128_125,128.0,125.0,0.4174252627580401,3.376504355015772e-47,1090
imata,internal,aec_segment,seg128_126,128.0,126.0,0.4239018492832899,9.071840410152808e-49,1090
imata,internal,aec_segment,seg128_127,128.0,127.0,0.4327264862910919,5.775013049212012e-51,1090
imata,internal,aec_segment,seg128_128,128.0,128.0,0.4412743229337623,3.72749488419944e-53,1090
nama,internal,aec_segment,seg128_1,128.0,1.0,0.0406852040237921,0.1795173541269125,1090
nama,internal,aec_segment,seg128_2,128.0,2.0,0.0402984834857924,0.1836916750416642,1090
nama,internal,aec_segment,seg128_3,128.0,3.0,0.039743166844271,0.1898107962534085,1090
nama,internal,aec_segment,seg128_4,128.0,4.0,0.039157463780284,0.1964258730361405,1090
nama,internal,aec_segment,seg128_5,128.0,5.0,0.0382085537995827,0.2074984440516468,1090
nama,internal,aec_segment,seg128_6,128.0,6.0,0.0384861845927496,0.204213053266986,1090
nama,internal,aec_segment,seg128_7,128.0,7.0,0.0393332982336419,0.1944224797016281,1090
nama,internal,aec_segment,seg128_8,128.0,8.0,0.0400641291919207,0.1862560260713445,1090
nama,internal,aec_segment,seg128_9,128.0,9.0,0.0403579313619973,0.1830453565737669,1090
nama,internal,aec_segment,seg128_10,128.0,10.0,0.0415763706771465,0.1701667612927198,1090
nama,internal,aec_segment,seg128_11,128.0,11.0,0.0420808833562821,0.1650373454454377,1090
nama,internal,aec_segment,seg128_12,128.0,12.0,0.0420930694591342,0.1649149022573584,1090
nama,internal,aec_segment,seg128_13,128.0,13.0,0.0423644370865059,0.162205926345673,1090
nama,internal,aec_segment,seg128_14,128.0,14.0,0.0434815241394073,0.1514067283750307,1090
nama,internal,aec_segment,seg128_15,128.0,15.0,0.0447471390800063,0.1398424813257924,1090
nama,internal,aec_segment,seg128_16,128.0,16.0,0.0466914797247943,0.1234147432615951,1090
nama,internal,aec_segment,seg128_17,128.0,17.0,0.0477510737919698,0.1151183122645123,1090
nama,internal,aec_segment,seg128_18,128.0,18.0,0.0477493737197514,0.1151312635966973,1090
nama,internal,aec_segment,seg128_19,128.0,19.0,0.0473236074286836,0.1184109868662871,1090
nama,internal,aec_segment,seg128_20,128.0,20.0,0.0477250141260085,0.1153169632986858,1090
nama,internal,aec_segment,seg128_21,128.0,21.0,0.0485731488429501,0.1089885852461556,1090
nama,internal,aec_segment,seg128_22,128.0,22.0,0.050212594224911,0.0975357802508713,1090
nama,internal,aec_segment,seg128_23,128.0,23.0,0.0516613658613351,0.0882337674984166,1090
nama,internal,aec_segment,seg128_24,128.0,24.0,0.0521868960338063,0.085041486040472,1090
nama,internal,aec_segment,seg128_25,128.0,25.0,0.0520978472603532,0.0855757438033656,1090
nama,internal,aec_segment,seg128_26,128.0,26.0,0.0517121353546724,0.0879212231630215,1090
nama,internal,aec_segment,seg128_27,128.0,27.0,0.0516999638554689,0.0879960712960541,1090
nama,internal,aec_segment,seg128_28,128.0,28.0,0.0519713531156091,0.0863393131351184,1090
nama,internal,aec_segment,seg128_29,128.0,29.0,0.052684136487969,0.0821075580151636,1090
nama,internal,aec_segment,seg128_30,128.0,30.0,0.053084485119772,0.0798053714104117,1090
nama,internal,aec_segment,seg128_31,128.0,31.0,0.0528480286133229,0.0811586835680213,1090
nama,internal,aec_segment,seg128_32,128.0,32.0,0.0526136131082003,0.0825186175333587,1090
nama,internal,aec_segment,seg128_33,128.0,33.0,0.052447735899899,0.0834920349774256,1090
nama,internal,aec_segment,seg128_34,128.0,34.0,0.051934968418566,0.08655996051467,1090
nama,internal,aec_segment,seg128_35,128.0,35.0,0.0510701811416811,0.0919394305884182,1090
nama,internal,aec_segment,seg128_36,128.0,36.0,0.0499651294135221,0.0992002451269858,1090
nama,internal,aec_segment,seg128_37,128.0,37.0,0.0488701737529343,0.1068383263114003,1090
nama,internal,aec_segment,seg128_38,128.0,38.0,0.0474255952295416,0.1176187758895759,1090
nama,internal,aec_segment,seg128_39,128.0,39.0,0.0460870392611135,0.1283520594869734,1090
nama,internal,aec_segment,seg128_40,128.0,40.0,0.0453552028714512,0.134533633988318,1090
nama,internal,aec_segment,seg128_41,128.0,41.0,0.0431074283280686,0.1549605718723222,1090
nama,internal,aec_segment,seg128_42,128.0,42.0,0.0406463879934642,0.1799331332914282,1090
nama,internal,aec_segment,seg128_43,128.0,43.0,0.0390617701250337,0.1975224966250023,1090
nama,internal,aec_segment,seg128_44,128.0,44.0,0.036942250736562,0.2229693020286415,1090
nama,internal,aec_segment,seg128_45,128.0,45.0,0.0351221924188577,0.2466227920243127,1090
nama,internal,aec_segment,seg128_46,128.0,46.0,0.0331111770287953,0.2747383494162826,1090
nama,internal,aec_segment,seg128_47,128.0,47.0,0.0293163886623584,0.3335529309641598,1090
nama,internal,aec_segment,seg128_48,128.0,48.0,0.0250380415142203,0.40890868556165,1090
nama,internal,aec_segment,seg128_49,128.0,49.0,0.0222387310173632,0.463275923257275,1090
nama,internal,aec_segment,seg128_50,128.0,50.0,0.0198676324612924,0.5123100993882959,1090
nama,internal,aec_segment,seg128_51,128.0,51.0,0.0179451290129538,0.553965129286835,1090
nama,internal,aec_segment,seg128_52,128.0,52.0,0.0160613278887097,0.5963249003727272,1090
nama,internal,aec_segment,seg128_53,128.0,53.0,0.0128242925529054,0.6723481536059523,1090
nama,internal,aec_segment,seg128_54,128.0,54.0,0.0108721230205505,0.7199366232315695,1090
nama,internal,aec_segment,seg128_55,128.0,55.0,0.0090916130835855,0.7643123649350453,1090
nama,internal,aec_segment,seg128_56,128.0,56.0,0.0093698940307365,0.7573213163522943,1090
nama,internal,aec_segment,seg128_57,128.0,57.0,0.0121705722635611,0.6881498892172297,1090
nama,internal,aec_segment,seg128_58,128.0,58.0,0.0139293100714616,0.6459664358892284,1090
nama,internal,aec_segment,seg128_59,128.0,59.0,0.0157714087164053,0.6029727615196612,1090
nama,internal,aec_segment,seg128_60,128.0,60.0,0.0190409327660788,0.5300204179507372,1090
nama,internal,aec_segment,seg128_61,128.0,61.0,0.0230084057243442,0.4479394286676131,1090
nama,internal,aec_segment,seg128_62,128.0,62.0,0.0278139352818507,0.3589304309740918,1090
nama,internal,aec_segment,seg128_63,128.0,63.0,0.0332728471082436,0.2724004060984118,1090
nama,internal,aec_segment,seg128_64,128.0,64.0,0.0392154552450826,0.1957634774192191,1090
nama,internal,aec_segment,seg128_65,128.0,65.0,0.0455364560572185,0.1329816436231874,1090
nama,internal,aec_segment,seg128_66,128.0,66.0,0.0518991838524573,0.0867774118325239,1090
nama,internal,aec_segment,seg128_67,128.0,67.0,0.057941332527445,0.0558308670880827,1090
nama,internal,aec_segment,seg128_68,128.0,68.0,0.0643483972390275,0.0336504102819281,1090
nama,internal,aec_segment,seg128_69,128.0,69.0,0.0717789256894039,0.0177818096036153,1090
nama,internal,aec_segment,seg128_70,128.0,70.0,0.0788367297869934,0.0092176785867207,1090
nama,internal,aec_segment,seg128_71,128.0,71.0,0.0859102786926338,0.0045349555567757,1090
nama,internal,aec_segment,seg128_72,128.0,72.0,0.0927357016088393,0.0021783288328654,1090
nama,internal,aec_segment,seg128_73,128.0,73.0,0.0986288673738131,0.001112305393859,1090
nama,internal,aec_segment,seg128_74,128.0,74.0,0.1052340402675213,0.0005014182720741,1090
nama,internal,aec_segment,seg128_75,128.0,75.0,0.1117310342153154,0.0002188826088674,1090
nama,internal,aec_segment,seg128_76,128.0,76.0,0.1173516470823102,0.0001030222135967,1090
nama,internal,aec_segment,seg128_77,128.0,77.0,0.1222458278213774,5.198497683096439e-05,1090
nama,internal,aec_segment,seg128_78,128.0,78.0,0.1265767538900521,2.7770001868000187e-05,1090
nama,internal,aec_segment,seg128_79,128.0,79.0,0.1308274001118555,1.471142038120886e-05,1090
nama,internal,aec_segment,seg128_80,128.0,80.0,0.135903626822489,6.711592061880004e-06,1090
nama,internal,aec_segment,seg128_81,128.0,81.0,0.1406526356774154,3.1386629961203665e-06,1090
nama,internal,aec_segment,seg128_82,128.0,82.0,0.1451463490268022,1.4940218611635091e-06,1090
nama,internal,aec_segment,seg128_83,128.0,83.0,0.148599038080318,8.317222087539029e-07,1090
nama,internal,aec_segment,seg128_84,128.0,84.0,0.1521508292980033,4.4896723274800404e-07,1090
nama,internal,aec_segment,seg128_85,128.0,85.0,0.156136850037321,2.209699222382313e-07,1090
nama,internal,aec_segment,seg128_86,128.0,86.0,0.1607565575379383,9.499191226625061e-08,1090
nama,internal,aec_segment,seg128_87,128.0,87.0,0.1647517943900688,4.488018579485453e-08,1090
nama,internal,aec_segment,seg128_88,128.0,88.0,0.1681062370360659,2.3577437812172678e-08,1090
nama,internal,aec_segment,seg128_89,128.0,89.0,0.1717014920760418,1.1657428005864968e-08,1090
nama,internal,aec_segment,seg128_90,128.0,90.0,0.1759563641820653,4.967850560226799e-09,1090
nama,internal,aec_segment,seg128_91,128.0,91.0,0.1797501261848655,2.281096696825476e-09,1090
nama,internal,aec_segment,seg128_92,128.0,92.0,0.1846791502524898,8.091181995725183e-10,1090
nama,internal,aec_segment,seg128_93,128.0,93.0,0.189426925163589,2.901719883374178e-10,1090
nama,internal,aec_segment,seg128_94,128.0,94.0,0.1944845350302508,9.450141074354912e-11,1090
nama,internal,aec_segment,seg128_95,128.0,95.0,0.1998540778393588,2.7772995389431096e-11,1090
nama,internal,aec_segment,seg128_96,128.0,96.0,0.2038635524977058,1.0881156708201952e-11,1090
nama,internal,aec_segment,seg128_97,128.0,97.0,0.2077879442901177,4.267436179686167e-12,1090
nama,internal,aec_segment,seg128_98,128.0,98.0,0.2116138396608002,1.6827229112519925e-12,1090
nama,internal,aec_segment,seg128_99,128.0,99.0,0.215944518139472,5.742878550586961e-13,1090
nama,internal,aec_segment,seg128_100,128.0,100.0,0.2209158450255955,1.6247555437354794e-13,1090
nama,internal,aec_segment,seg128_101,128.0,101.0,0.2265999449883877,3.693829094826032e-14,1090
nama,internal,aec_segment,seg128_102,128.0,102.0,0.2311993739943239,1.0815815495668676e-14,1090
nama,internal,aec_segment,seg128_103,128.0,103.0,0.2345410801241372,4.357494007330901e-15,1090
nama,internal,aec_segment,seg128_104,128.0,104.0,0.2357667024237926,3.11092077035488e-15,1090
nama,internal,aec_segment,seg128_105,128.0,105.0,0.2367271728822312,2.3857369349846682e-15,1090
nama,internal,aec_segment,seg128_106,128.0,106.0,0.2384699038972546,1.4695144596212642e-15,1090
nama,internal,aec_segment,seg128_107,128.0,107.0,0.2406677967582317,7.931569598437811e-16,1090
nama,internal,aec_segment,seg128_108,128.0,108.0,0.2428080807650828,4.324951267570402e-16,1090
nama,internal,aec_segment,seg128_109,128.0,109.0,0.2428345269355764,4.2925053246424086e-16,1090
nama,internal,aec_segment,seg128_110,128.0,110.0,0.2408099223380043,7.619888632236188e-16,1090
nama,internal,aec_segment,seg128_111,128.0,111.0,0.2367124047163041,2.395514180847389e-15,1090
nama,internal,aec_segment,seg128_112,128.0,112.0,0.2347359163620611,4.130735315299155e-15,1090
nama,internal,aec_segment,seg128_113,128.0,113.0,0.232700838072226,7.201460293576644e-15,1090
nama,internal,aec_segment,seg128_114,128.0,114.0,0.2306159825109123,1.2657805582750351e-14,1090
nama,internal,aec_segment,seg128_115,128.0,115.0,0.2262789745711195,4.0204112114921174e-14,1090
nama,internal,aec_segment,seg128_116,128.0,116.0,0.2205152431819058,1.800808588320524e-13,1090
nama,internal,aec_segment,seg128_117,128.0,117.0,0.216131078665053,5.480138968004284e-13,1090
nama,internal,aec_segment,seg128_118,128.0,118.0,0.2101948743925712,2.3812996133905897e-12,1090
nama,internal,aec_segment,seg128_119,128.0,119.0,0.2001035512094473,2.6214892068048836e-11,1090
nama,internal,aec_segment,seg128_120,128.0,120.0,0.1895872661214129,2.8016402267238493e-10,1090
nama,internal,aec_segment,seg128_121,128.0,121.0,0.1797286803996713,2.29126376055836e-09,1090
nama,internal,aec_segment,seg128_122,128.0,122.0,0.1686891358396254,2.105441466181017e-08,1090
nama,internal,aec_segment,seg128_123,128.0,123.0,0.1591918694120763,1.2678078978214485e-07,1090
nama,internal,aec_segment,seg128_124,128.0,124.0,0.1501832874453469,6.32860868020321e-07,1090
nama,internal,aec_segment,seg128_125,128.0,125.0,0.1406720918509668,3.1287435937160345e-06,1090
nama,internal,aec_segment,seg128_126,128.0,126.0,0.1322619046831765,1.1819269431394894e-05,1090
nama,internal,aec_segment,seg128_127,128.0,127.0,0.1260904716387405,2.9825903822502565e-05,1090
nama,internal,aec_segment,seg128_128,128.0,128.0,0.1220562684366112,5.340640909744616e-05,1090
lama,internal,aec_segment,seg128_1,128.0,1.0,0.1577642937900687,1.645794127831457e-07,1090
lama,internal,aec_segment,seg128_2,128.0,2.0,0.1574535562785595,1.741439439068227e-07,1090
lama,internal,aec_segment,seg128_3,128.0,3.0,0.1571887171486553,1.8271737298229244e-07,1090
lama,internal,aec_segment,seg128_4,128.0,4.0,0.1568477357948828,1.943573011194127e-07,1090
lama,internal,aec_segment,seg128_5,128.0,5.0,0.1569268008956425,1.9159618233340878e-07,1090
lama,internal,aec_segment,seg128_6,128.0,6.0,0.1580951785553664,1.549528168060856e-07,1090
lama,internal,aec_segment,seg128_7,128.0,7.0,0.159469279670847,1.20480073622139e-07,1090
lama,internal,aec_segment,seg128_8,128.0,8.0,0.1605747308009636,9.8246584937389e-08,1090
lama,internal,aec_segment,seg128_9,128.0,9.0,0.1617130451189736,7.951545780482958e-08,1090
lama,internal,aec_segment,seg128_10,128.0,10.0,0.1625578974993405,6.789728655579351e-08,1090
lama,internal,aec_segment,seg128_11,128.0,11.0,0.1641226842042897,5.0565929028353883e-08,1090
lama,internal,aec_segment,seg128_12,128.0,12.0,0.1658420329314935,3.6459616815249274e-08,1090
lama,internal,aec_segment,seg128_13,128.0,13.0,0.166989095830284,2.9256631681444395e-08,1090
lama,internal,aec_segment,seg128_14,128.0,14.0,0.1689227224441214,2.0118607865387106e-08,1090
lama,internal,aec_segment,seg128_15,128.0,15.0,0.1705750308759604,1.4559428315131728e-08,1090
lama,internal,aec_segment,seg128_16,128.0,16.0,0.1728339990907243,9.308901080536562e-09,1090
lama,internal,aec_segment,seg128_17,128.0,17.0,0.1746683381357636,6.445721066684413e-09,1090
lama,internal,aec_segment,seg128_18,128.0,18.0,0.1770201764989231,4.0005537888764835e-09,1090
lama,internal,aec_segment,seg128_19,128.0,19.0,0.1794402150620377,2.4323792212725835e-09,1090
lama,internal,aec_segment,seg128_20,128.0,20.0,0.18300205079152,1.1549499710568664e-09,1090
lama,internal,aec_segment,seg128_21,128.0,21.0,0.1870582866417934,4.856133916959186e-10,1090
lama,internal,aec_segment,seg128_22,128.0,22.0,0.1908992048384171,2.0998663778265039e-10,1090
lama,internal,aec_segment,seg128_23,128.0,23.0,0.1934766357375412,1.184650557857527e-10,1090
lama,internal,aec_segment,seg128_24,128.0,24.0,0.1969722669343772,5.381648101814688e-11,1090
lama,internal,aec_segment,seg128_25,128.0,25.0,0.2009502179947493,2.153804311928588e-11,1090
lama,internal,aec_segment,seg128_26,128.0,26.0,0.204596131223487,9.149720059554046e-12,1090
lama,internal,aec_segment,seg128_27,128.0,27.0,0.208280215736282,3.789662142133626e-12,1090
lama,internal,aec_segment,seg128_28,128.0,28.0,0.212597302276759,1.320887133575879e-12,1090
lama,internal,aec_segment,seg128_29,128.0,29.0,0.2156293625114512,6.21504457258036e-13,1090
lama,internal,aec_segment,seg128_30,128.0,30.0,0.2185333211733243,2.9870385090663466e-13,1090
lama,internal,aec_segment,seg128_31,128.0,31.0,0.2224073251225816,1.1058082203173246e-13,1090
lama,internal,aec_segment,seg128_32,128.0,32.0,0.2270094172175157,3.3147937912775613e-14,1090
lama,internal,aec_segment,seg128_33,128.0,33.0,0.2312578994778377,1.0646264353274231e-14,1090
lama,internal,aec_segment,seg128_34,128.0,34.0,0.2360168583456979,2.903465914983506e-15,1090
lama,internal,aec_segment,seg128_35,128.0,35.0,0.240051811111064,9.433830663073877e-16,1090
lama,internal,aec_segment,seg128_36,128.0,36.0,0.2447214673028605,2.5024183716942514e-16,1090
lama,internal,aec_segment,seg128_37,128.0,37.0,0.2498056975338572,5.714476939078118e-17,1090
lama,internal,aec_segment,seg128_38,128.0,38.0,0.2557645628140013,9.697717162805452e-18,1090
lama,internal,aec_segment,seg128_39,128.0,39.0,0.2619415554672874,1.4682126303717314e-18,1090
lama,internal,aec_segment,seg128_40,128.0,40.0,0.2682324731404961,2.037923837364554e-19,1090
lama,internal,aec_segment,seg128_41,128.0,41.0,0.2741046292510254,3.0752287337439505e-20,1090
lama,internal,aec_segment,seg128_42,128.0,42.0,0.2792315657326413,5.678198566419388e-21,1090
lama,internal,aec_segment,seg128_43,128.0,43.0,0.2850286112628659,8.050760076946655e-22,1090
lama,internal,aec_segment,seg128_44,128.0,44.0,0.2913765126053838,8.988799986698182e-23,1090
lama,internal,aec_segment,seg128_45,128.0,45.0,0.2982035975959534,7.986729077511313e-24,1090
lama,internal,aec_segment,seg128_46,128.0,46.0,0.3043403348189333,8.568044969744865e-25,1090
lama,internal,aec_segment,seg128_47,128.0,47.0,0.3092657265726907,1.3734563157054988e-25,1090
lama,internal,aec_segment,seg128_48,128.0,48.0,0.3147843420406457,1.6938027974514816e-26,1090
lama,internal,aec_segment,seg128_49,128.0,49.0,0.3195465212377827,2.685015344732673e-27,1090
lama,internal,aec_segment,seg128_50,128.0,50.0,0.3250193503113742,3.102229279764825e-28,1090
lama,internal,aec_segment,seg128_51,128.0,51.0,0.3316392005524815,2.147611843233385e-29,1090
lama,internal,aec_segment,seg128_52,128.0,52.0,0.3366994975505651,2.6669663994781897e-30,1090
lama,internal,aec_segment,seg128_53,128.0,53.0,0.3423584738481726,2.470033937304812e-31,1090
lama,internal,aec_segment,seg128_54,128.0,54.0,0.3498299651080324,9.893022454071334e-33,1090
lama,internal,aec_segment,seg128_55,128.0,55.0,0.3569076629239955,4.328492249361156e-34,1090
lama,internal,aec_segment,seg128_56,128.0,56.0,0.3643630713072748,1.4692110880464248e-35,1090
lama,internal,aec_segment,seg128_57,128.0,57.0,0.3727709952463878,2.9028777660032265e-37,1090
lama,internal,aec_segment,seg128_58,128.0,58.0,0.383535024889246,1.607902795158641e-39,1090
lama,internal,aec_segment,seg128_59,128.0,59.0,0.3933291715557269,1.197682027029959e-41,1090
lama,internal,aec_segment,seg128_60,128.0,60.0,0.4029166746222007,8.406758064136212e-44,1090
lama,internal,aec_segment,seg128_61,128.0,61.0,0.412246923387511,5.752571185397573e-46,1090
lama,internal,aec_segment,seg128_62,128.0,62.0,0.4220640046374037,2.5522508261352342e-48,1090
lama,internal,aec_segment,seg128_63,128.0,63.0,0.4324330853836829,6.848903855649993e-51,1090
lama,internal,aec_segment,seg128_64,128.0,64.0,0.4427147803664891,1.5708605870932546e-53,1090
lama,internal,aec_segment,seg128_65,128.0,65.0,0.4517245393689864,6.419157339121879e-56,1090
lama,internal,aec_segment,seg128_66,128.0,66.0,0.4610712931228757,1.7888623172720356e-58,1090
lama,internal,aec_segment,seg128_67,128.0,67.0,0.4688307397608323,1.1761325390296064e-60,1090
lama,internal,aec_segment,seg128_68,128.0,68.0,0.4753280593459438,1.5832951433491855e-62,1090
lama,internal,aec_segment,seg128_69,128.0,69.0,0.4821092644426911,1.597586620958425e-64,1090
lama,internal,aec_segment,seg128_70,128.0,70.0,0.487880712350993,2.943717429633353e-66,1090
lama,internal,aec_segment,seg128_71,128.0,71.0,0.4923183721133387,1.295503793588882e-67,1090
lama,internal,aec_segment,seg128_72,128.0,72.0,0.495953031412383,9.693250667664715e-69,1090
lama,internal,aec_segment,seg128_73,128.0,73.0,0.5003365060094012,4.077032503830014e-70,1090
lama,internal,aec_segment,seg128_74,128.0,74.0,0.5049194795959842,1.4125984923174929e-71,1090
lama,internal,aec_segment,seg128_75,128.0,75.0,0.5088817352142962,7.403490680660949e-73,1090
lama,internal,aec_segment,seg128_76,128.0,76.0,0.5126479337153375,4.329927765776977e-74,1090
lama,internal,aec_segment,seg128_77,128.0,77.0,0.5152744309845891,5.853852719428523e-75,1090
lama,internal,aec_segment,seg128_78,128.0,78.0,0.5177153482353594,8.973518306616147e-76,1090
lama,internal,aec_segment,seg128_79,128.0,79.0,0.5204621756462616,1.0676991524464662e-76,1090
lama,internal,aec_segment,seg128_80,128.0,80.0,0.523214420458762,1.2404387537559247e-77,1090
lama,internal,aec_segment,seg128_81,128.0,81.0,0.5255045621512608,2.0374708878356216e-78,1090
lama,internal,aec_segment,seg128_82,128.0,82.0,0.5276728396684567,3.6374524062217326e-79,1090
lama,internal,aec_segment,seg128_83,128.0,83.0,0.5298004054392456,6.6261057686878256e-80,1090
lama,internal,aec_segment,seg128_84,128.0,84.0,0.5319760550139658,1.146931240517103e-80,1090
lama,internal,aec_segment,seg128_85,128.0,85.0,0.5340449786544861,2.13802047769999e-81,1090
lama,internal,aec_segment,seg128_86,128.0,86.0,0.534842090891748,1.115802784750696e-81,1090
lama,internal,aec_segment,seg128_87,128.0,87.0,0.5350758378118505,9.217758799941656e-82,1090
lama,internal,aec_segment,seg128_88,128.0,88.0,0.5348793612869951,1.0823399544276282e-81,1090
lama,internal,aec_segment,seg128_89,128.0,89.0,0.5352722461019485,7.849919925139764e-82,1090
lama,internal,aec_segment,seg128_90,128.0,90.0,0.5353107675452892,7.606376542734545e-82,1090
lama,internal,aec_segment,seg128_91,128.0,91.0,0.5360855250228518,4.0319534319139364e-82,1090
lama,internal,aec_segment,seg128_92,128.0,92.0,0.5360321811993705,4.2122921437259415e-82,1090
lama,internal,aec_segment,seg128_93,128.0,93.0,0.5346841094258986,1.2694681551946569e-81,1090
lama,internal,aec_segment,seg128_94,128.0,94.0,0.5335194819589772,3.279349125820857e-81,1090
lama,internal,aec_segment,seg128_95,128.0,95.0,0.5316372160731048,1.508461702162371e-80,1090
lama,internal,aec_segment,seg128_96,128.0,96.0,0.5307328488953456,3.1295249058091644e-80,1090
lama,internal,aec_segment,seg128_97,128.0,97.0,0.5302027338251716,4.79530693061302e-80,1090
lama,internal,aec_segment,seg128_98,128.0,98.0,0.5289864578788057,1.272938910510586e-79,1090
lama,internal,aec_segment,seg128_99,128.0,99.0,0.5273642953021482,4.651686666783412e-79,1090
lama,internal,aec_segment,seg128_100,128.0,100.0,0.5269744364962516,6.344768800645616e-79,1090
lama,internal,aec_segment,seg128_101,128.0,101.0,0.5251340127312764,2.731680226819918e-78,1090
lama,internal,aec_segment,seg128_102,128.0,102.0,0.5233902753092446,1.0803116550074394e-77,1090
lama,internal,aec_segment,seg128_103,128.0,103.0,0.5211869258460979,6.068766568586624e-77,1090
lama,internal,aec_segment,seg128_104,128.0,104.0,0.5194658646812936,2.31612278307064e-76,1090
lama,internal,aec_segment,seg128_105,128.0,105.0,0.5166851610022183,1.9839057842446797e-75,1090
lama,internal,aec_segment,seg128_106,128.0,106.0,0.5139036566636754,1.6670282498532705e-74,1090
lama,internal,aec_segment,seg128_107,128.0,107.0,0.5099778910701958,3.252187391867147e-73,1090
lama,internal,aec_segment,seg128_108,128.0,108.0,0.5077023050068514,1.788080455448815e-72,1090
lama,internal,aec_segment,seg128_109,128.0,109.0,0.5058248501028295,7.22589569414992e-72,1090
lama,internal,aec_segment,seg128_110,128.0,110.0,0.5024719579124454,8.563770002984113e-71,1090
lama,internal,aec_segment,seg128_111,128.0,111.0,0.4984992819995951,1.5472129332845564e-69,1090
lama,internal,aec_segment,seg128_112,128.0,112.0,0.4947793524106585,2.2466964652752398e-68,1090
lama,internal,aec_segment,seg128_113,128.0,113.0,0.4921845210142223,1.4244442457229872e-67,1090
lama,internal,aec_segment,seg128_114,128.0,114.0,0.4911848827823692,2.8894272076510124e-67,1090
lama,internal,aec_segment,seg128_115,128.0,115.0,0.4890043510863691,1.3406590629985056e-66,1090
lama,internal,aec_segment,seg128_116,128.0,116.0,0.4859564576408037,1.1243678766476509e-65,1090
lama,internal,aec_segment,seg128_117,128.0,117.0,0.4841091990255974,4.037858262361511e-65,1090
lama,internal,aec_segment,seg128_118,128.0,118.0,0.4827222316362408,1.049088867160987e-64,1090
lama,internal,aec_segment,seg128_119,128.0,119.0,0.482474459939461,1.24362098598234e-64,1090
lama,internal,aec_segment,seg128_120,128.0,120.0,0.4816341954454227,2.211925979028028e-64,1090
lama,internal,aec_segment,seg128_121,128.0,121.0,0.481333670011991,2.716721363586889e-64,1090
lama,internal,aec_segment,seg128_122,128.0,122.0,0.4812335408871316,2.9091750451070672e-64,1090
lama,internal,aec_segment,seg128_123,128.0,123.0,0.4826300255856216,1.1176648158348567e-64,1090
lama,internal,aec_segment,seg128_124,128.0,124.0,0.4838522010031973,4.820916758015598e-65,1090
lama,internal,aec_segment,seg128_125,128.0,125.0,0.483863434489763,4.783725368213543e-65,1090
lama,internal,aec_segment,seg128_126,128.0,126.0,0.4835979855644743,5.74394468488185e-65,1090
lama,internal,aec_segment,seg128_127,128.0,127.0,0.4851952318101017,1.906017747562907e-65,1090
lama,internal,aec_segment,seg128_128,128.0,128.0,0.4866004991184804,7.18660946162749e-66,1090
tama,internal,aec_segment,seg128_1,128.0,1.0,0.1156953395103424,0.0001290954591113,1090
tama,internal,aec_segment,seg128_2,128.0,2.0,0.1152984213593285,0.0001362071914239,1090
tama,internal,aec_segment,seg128_3,128.0,3.0,0.1148542971672259,0.0001446010713373,1090
tama,internal,aec_segment,seg128_4,128.0,4.0,0.1143325067854156,0.0001550839613892,1090
tama,internal,aec_segment,seg128_5,128.0,5.0,0.1137732674551674,0.0001671100122186,1090
tama,internal,aec_segment,seg128_6,128.0,6.0,0.1146773371555119,0.0001480792017458,1090
tama,internal,aec_segment,seg128_7,128.0,7.0,0.1161153999912025,0.0001219505257865,1090
tama,internal,aec_segment,seg128_8,128.0,8.0,0.1173456734256368,0.0001031066234687,1090
tama,internal,aec_segment,seg128_9,128.0,9.0,0.1182669635227793,9.083066531422004e-05,1090
tama,internal,aec_segment,seg128_10,128.0,10.0,0.119749130594412,7.393065788421617e-05,1090
tama,internal,aec_segment,seg128_11,128.0,11.0,0.1209959867930092,6.205976855050287e-05,1090
tama,internal,aec_segment,seg128_12,128.0,12.0,0.1219271244902928,5.439578726501067e-05,1090
tama,internal,aec_segment,seg128_13,128.0,13.0,0.1227968086846445,4.805390040929178e-05,1090
tama,internal,aec_segment,seg128_14,128.0,14.0,0.1247214084956269,3.641807041183756e-05,1090
tama,internal,aec_segment,seg128_15,128.0,15.0,0.1266094626661943,2.763665863234317e-05,1090
tama,internal,aec_segment,seg128_16,128.0,16.0,0.1292833597712562,1.857285247707125e-05,1090
tama,internal,aec_segment,seg128_17,128.0,17.0,0.1310564195737896,1.4208348635582424e-05,1090
tama,internal,aec_segment,seg128_18,128.0,18.0,0.1322547669616936,1.1832215857196968e-05,1090
tama,internal,aec_segment,seg128_19,128.0,19.0,0.1331433310299222,1.0320252876056112e-05,1090
tama,internal,aec_segment,seg128_20,128.0,20.0,0.1352373395433647,7.4518920587745315e-06,1090
tama,internal,aec_segment,seg128_21,128.0,21.0,0.1378454237669365,4.933731776516145e-06,1090
tama,internal,aec_segment,seg128_22,128.0,22.0,0.140964717572597,2.983127578592164e-06,1090
tama,internal,aec_segment,seg128_23,128.0,23.0,0.143379037629216,2.0059362319870928e-06,1090
tama,internal,aec_segment,seg128_24,128.0,24.0,0.145575640159373,1.3900972786734487e-06,1090
tama,internal,aec_segment,seg128_25,128.0,25.0,0.1475241716548432,9.995243609171018e-07,1090
tama,internal,aec_segment,seg128_26,128.0,26.0,0.1490935855473306,7.639510522835065e-07,1090
tama,internal,aec_segment,seg128_27,128.0,27.0,0.1509139593973512,5.573937745266258e-07,1090
tama,internal,aec_segment,seg128_28,128.0,28.0,0.153259077888187,3.693161736735378e-07,1090
tama,internal,aec_segment,seg128_29,128.0,29.0,0.1553728243758715,2.534856152702296e-07,1090
tama,internal,aec_segment,seg128_30,128.0,30.0,0.1571344639347116,1.845232750560795e-07,1090
tama,internal,aec_segment,seg128_31,128.0,31.0,0.1588844129638078,1.341358571942027e-07,1090
tama,internal,aec_segment,seg128_32,128.0,32.0,0.1609231803296451,9.210109082165437e-08,1090
tama,internal,aec_segment,seg128_33,128.0,33.0,0.1628786150354895,6.39319857618507e-08,1090
tama,internal,aec_segment,seg128_34,128.0,34.0,0.1647089102520819,4.524724754943881e-08,1090
tama,internal,aec_segment,seg128_35,128.0,35.0,0.1659174787724916,3.5937281805658584e-08,1090
tama,internal,aec_segment,seg128_36,128.0,36.0,0.1672609241266521,2.776358919109125e-08,1090
tama,internal,aec_segment,seg128_37,128.0,37.0,0.1688207916827783,2.0521900422846465e-08,1090
tama,internal,aec_segment,seg128_38,128.0,38.0,0.1704969565426415,1.478467862804686e-08,1090
tama,internal,aec_segment,seg128_39,128.0,39.0,0.1723030420973808,1.0346322089384185e-08,1090
tama,internal,aec_segment,seg128_40,128.0,40.0,0.1746648325655497,6.450274394806079e-09,1090
tama,internal,aec_segment,seg128_41,128.0,41.0,0.1755901890338284,5.350670839394428e-09,1090
tama,internal,aec_segment,seg128_42,128.0,42.0,0.1760673160810875,4.857204686953744e-09,1090
tama,internal,aec_segment,seg128_43,128.0,43.0,0.1775821710660522,3.566186857040625e-09,1090
tama,internal,aec_segment,seg128_44,128.0,44.0,0.1789437288614433,2.695293517440395e-09,1090
tama,internal,aec_segment,seg128_45,128.0,45.0,0.1808410047653527,1.8179873942771487e-09,1090
tama,internal,aec_segment,seg128_46,128.0,46.0,0.182252317699684,1.352659242066237e-09,1090
tama,internal,aec_segment,seg128_47,128.0,47.0,0.181632689418374,1.5405931006580076e-09,1090
tama,internal,aec_segment,seg128_48,128.0,48.0,0.1809847165826484,1.764258972828591e-09,1090
tama,internal,aec_segment,seg128_49,128.0,49.0,0.1811323390243574,1.7106781362204915e-09,1090
tama,internal,aec_segment,seg128_50,128.0,50.0,0.1819508277376421,1.441131633378926e-09,1090
tama,internal,aec_segment,seg128_51,128.0,51.0,0.1837009014469194,9.961768133971059e-10,1090
tama,internal,aec_segment,seg128_52,128.0,52.0,0.184837196842934,7.82299519110665e-10,1090
tama,internal,aec_segment,seg128_53,128.0,53.0,0.1851797147159127,7.27116037795903e-10,1090
tama,internal,aec_segment,seg128_54,128.0,54.0,0.1873376852522357,4.571529435726897e-10,1090
tama,internal,aec_segment,seg128_55,128.0,55.0,0.1894833900441346,2.8660849379077136e-10,1090
tama,internal,aec_segment,seg128_56,128.0,56.0,0.193395090582721,1.2064471255812416e-10,1090
tama,internal,aec_segment,seg128_57,128.0,57.0,0.1997628335927163,2.836518184485749e-11,1090
tama,internal,aec_segment,seg128_58,128.0,58.0,0.2063942369083368,5.963009458093258e-12,1090
tama,internal,aec_segment,seg128_59,128.0,59.0,0.2126541781722037,1.3024739866401897e-12,1090
tama,internal,aec_segment,seg128_60,128.0,60.0,0.2198705412436354,2.1241739638810561e-13,1090
tama,internal,aec_segment,seg128_61,128.0,61.0,0.2274571654844203,2.9439905493938134e-14,1090
tama,internal,aec_segment,seg128_62,128.0,62.0,0.235942872161435,2.963363466547309e-15,1090
tama,internal,aec_segment,seg128_63,128.0,63.0,0.2452269534521443,2.1639243502294647e-16,1090
tama,internal,aec_segment,seg128_64,128.0,64.0,0.254688651266308,1.3404340799343322e-17,1090
tama,internal,aec_segment,seg128_65,128.0,65.0,0.2638173226639718,8.193597387460947e-19,1090
tama,internal,aec_segment,seg128_66,128.0,66.0,0.2731508416211107,4.194247068200848e-20,1090
tama,internal,aec_segment,seg128_67,128.0,67.0,0.2814354043850392,2.7167577732123666e-21,1090
tama,internal,aec_segment,seg128_68,128.0,68.0,0.2894069589539544,1.7853544665197521e-22,1090
tama,internal,aec_segment,seg128_69,128.0,69.0,0.2983095406397256,7.688282300001595e-24,1090
tama,internal,aec_segment,seg128_70,128.0,70.0,0.3064244115174491,3.965680506945761e-25,1090
tama,internal,aec_segment,seg128_71,128.0,71.0,0.3138830157829024,2.391301162907896e-26,1090
tama,internal,aec_segment,seg128_72,128.0,72.0,0.3207210226450525,1.6960169682078194e-27,1090
tama,internal,aec_segment,seg128_73,128.0,73.0,0.3272191550011761,1.286679564798712e-28,1090
tama,internal,aec_segment,seg128_74,128.0,74.0,0.3343665221958637,7.011213471773233e-30,1090
tama,internal,aec_segment,seg128_75,128.0,75.0,0.3411183228004371,4.178191753864762e-31,1090
tama,internal,aec_segment,seg128_76,128.0,76.0,0.3470807078191512,3.265347089848904e-32,1090
tama,internal,aec_segment,seg128_77,128.0,77.0,0.3519828513413252,3.851322785020965e-33,1090
tama,internal,aec_segment,seg128_78,128.0,78.0,0.3563411771439879,5.576793563296025e-34,1090
tama,internal,aec_segment,seg128_79,128.0,79.0,0.3607790003163028,7.555749990449314e-35,1090
tama,internal,aec_segment,seg128_80,128.0,80.0,0.3658725387515958,7.32552325111217e-36,1090
tama,internal,aec_segment,seg128_81,128.0,81.0,0.3704988402497596,8.479737902014255e-37,1090
tama,internal,aec_segment,seg128_82,128.0,82.0,0.3748766986510251,1.066715690803684e-37,1090
tama,internal,aec_segment,seg128_83,128.0,83.0,0.378407051556062,1.9582754881862784e-38,1090
tama,internal,aec_segment,seg128_84,128.0,84.0,0.3820574304739118,3.319431757778567e-39,1090
tama,internal,aec_segment,seg128_85,128.0,85.0,0.3859958257108148,4.768505377234061e-40,1090
tama,internal,aec_segment,seg128_86,128.0,86.0,0.3898196370136118,7.065372165749546e-41,1090
tama,internal,aec_segment,seg128_87,128.0,87.0,0.3929274818623564,1.4690526770403842e-41,1090
tama,internal,aec_segment,seg128_88,128.0,88.0,0.3953963529020958,4.168207085106635e-42,1090
tama,internal,aec_segment,seg128_89,128.0,89.0,0.3982312807935015,9.682605491586504e-43,1090
tama,internal,aec_segment,seg128_90,128.0,90.0,0.4014033013825638,1.859128297302623e-43,1090
tama,internal,aec_segment,seg128_91,128.0,91.0,0.4046376114625351,3.3923619613531843e-44,1090
tama,internal,aec_segment,seg128_92,128.0,92.0,0.4083476200703454,4.70903788905515e-45,1090
tama,internal,aec_segment,seg128_93,128.0,93.0,0.4113214465133444,9.498823590494981e-46,1090
tama,internal,aec_segment,seg128_94,128.0,94.0,0.414593899146796,1.6011558689437134e-46,1090
tama,internal,aec_segment,seg128_95,128.0,95.0,0.4176947355489827,2.909340801913473e-47,1090
tama,internal,aec_segment,seg128_96,128.0,96.0,0.4202265269300472,7.133237386393712e-48,1090
tama,internal,aec_segment,seg128_97,128.0,97.0,0.4229069010621495,1.5894175073534324e-48,1090
tama,internal,aec_segment,seg128_98,128.0,98.0,0.4251840988195962,4.391583323891676e-49,1090
tama,internal,aec_segment,seg128_99,128.0,99.0,0.4276666302242078,1.0684032605829322e-49,1090
tama,internal,aec_segment,seg128_100,128.0,100.0,0.4311863215588695,1.4110770244228842e-50,1090
tama,internal,aec_segment,seg128_101,128.0,101.0,0.4346213542303422,1.911793516987459e-51,1090
tama,internal,aec_segment,seg128_102,128.0,102.0,0.4372368514378882,4.108777763520963e-52,1090
tama,internal,aec_segment,seg128_103,128.0,103.0,0.4386318279193817,1.7996242292012226e-52,1090
tama,internal,aec_segment,seg128_104,128.0,104.0,0.4386706779130031,1.758623236348811e-52,1090
tama,internal,aec_segment,seg128_105,128.0,105.0,0.4379630357304402,2.674734782105329e-52,1090
tama,internal,aec_segment,seg128_106,128.0,106.0,0.4378955440007479,2.7837283401692517e-52,1090
tama,internal,aec_segment,seg128_107,128.0,107.0,0.4376830177868593,3.156624133149498e-52,1090
tama,internal,aec_segment,seg128_108,128.0,108.0,0.4381512988775189,2.392623122634705e-52,1090
tama,internal,aec_segment,seg128_109,128.0,109.0,0.4370764588925971,4.516779393568804e-52,1090
tama,internal,aec_segment,seg128_110,128.0,110.0,0.4337554823099254,3.1710975233858383e-51,1090
tama,internal,aec_segment,seg128_111,128.0,111.0,0.428464025363065,6.768049762035047e-50,1090
tama,internal,aec_segment,seg128_112,128.0,112.0,0.4249311982968887,5.068408124357111e-49,1090
tama,internal,aec_segment,seg128_113,128.0,113.0,0.421882538067392,2.825717750817974e-48,1090
tama,internal,aec_segment,seg128_114,128.0,114.0,0.4194331832863461,1.1095657954485832e-47,1090
tama,internal,aec_segment,seg128_115,128.0,115.0,0.4145709676744237,1.6213691723553447e-46,1090
tama,internal,aec_segment,seg128_116,128.0,116.0,0.408172163765057,5.1728938107470955e-45,1090
tama,internal,aec_segment,seg128_117,128.0,117.0,0.4035028462021839,6.175105874590092e-44,1090
tama,internal,aec_segment,seg128_118,128.0,118.0,0.3978643394110138,1.1705689332873077e-42,1090
tama,internal,aec_segment,seg128_119,128.0,119.0,0.3896044475126862,7.872156313871645e-41,1090
tama,internal,aec_segment,seg128_120,128.0,120.0,0.3808461592970775,5.996840740879387e-39,1090
tama,internal,aec_segment,seg128_121,128.0,121.0,0.3728553864293474,2.7891100159931727e-37,1090
tama,internal,aec_segment,seg128_122,128.0,122.0,0.3641539646011665,1.6174351247212232e-35,1090
tama,internal,aec_segment,seg128_123,128.0,123.0,0.3576470865153082,3.107111644125551e-34,1090
tama,internal,aec_segment,seg128_124,128.0,124.0,0.3514890707660254,4.7847970097667306e-33,1090
tama,internal,aec_segment,seg128_125,128.0,125.0,0.3446220868439054,9.404716306748031e-32,1090
tama,internal,aec_segment,seg128_126,128.0,126.0,0.3384230799396975,1.2988684126680348e-30,1090
tama,internal,aec_segment,seg128_127,128.0,127.0,0.3350001942425739,5.396758124967743e-30,1090
tama,internal,aec_segment,seg128_128,128.0,128.0,0.333199135394612,1.1336752568718454e-29,1090
sat,internal,aec_segment,seg128_1,128.0,1.0,0.299131715046887,5.717920015315291e-24,1090
sat,internal,aec_segment,seg128_2,128.0,2.0,0.3016555733420025,2.290295261421441e-24,1090
sat,internal,aec_segment,seg128_3,128.0,3.0,0.3047686445614411,7.317198541529541e-25,1090
sat,internal,aec_segment,seg128_4,128.0,4.0,0.3071415983237602,3.0377904422022256e-25,1090
sat,internal,aec_segment,seg128_5,128.0,5.0,0.3096482913435482,1.189663205756666e-25,1090
sat,internal,aec_segment,seg128_6,128.0,6.0,0.3128395546242241,3.559427649010365e-26,1090
sat,internal,aec_segment,seg128_7,128.0,7.0,0.3161268376184184,1.0111731151278046e-26,1090
sat,internal,aec_segment,seg128_8,128.0,8.0,0.3187660695483872,3.6394432655668666e-27,1090
sat,internal,aec_segment,seg128_9,128.0,9.0,0.3214820501673512,1.2579925617459894e-27,1090
sat,internal,aec_segment,seg128_10,128.0,10.0,0.3233015246361062,6.1369273839033145e-28,1090
sat,internal,aec_segment,seg128_11,128.0,11.0,0.3247723019886296,3.422950630350105e-28,1090
sat,internal,aec_segment,seg128_12,128.0,12.0,0.3263948146283139,1.7908689586159682e-28,1090
sat,internal,aec_segment,seg128_13,128.0,13.0,0.3284267162541664,7.912662758099752e-29,1090
sat,internal,aec_segment,seg128_14,128.0,14.0,0.3312182496096336,2.5500930833784356e-29,1090
sat,internal,aec_segment,seg128_15,128.0,15.0,0.3329726381309535,1.2441581219688476e-29,1090
sat,internal,aec_segment,seg128_16,128.0,16.0,0.3343744833089215,6.988224922517739e-30,1090
sat,internal,aec_segment,seg128_17,128.0,17.0,0.3352771845616039,4.812450240598669e-30,1090
sat,internal,aec_segment,seg128_18,128.0,18.0,0.3364602718733964,2.9459687827581957e-30,1090
sat,internal,aec_segment,seg128_19,128.0,19.0,0.3374874254277429,1.920556685817321e-30,1090
sat,internal,aec_segment,seg128_20,128.0,20.0,0.3397745861714838,7.365041317223869e-31,1090
sat,internal,aec_segment,seg128_21,128.0,21.0,0.3416742368237173,3.302055647485082e-31,1090
sat,internal,aec_segment,seg128_22,128.0,22.0,0.3430996697683516,1.802062704953767e-31,1090
sat,internal,aec_segment,seg128_23,128.0,23.0,0.3443543584018632,1.0546921269812631e-31,1090
sat,internal,aec_segment,seg128_24,128.0,24.0,0.345843194033278,5.567798055963441e-32,1090
sat,internal,aec_segment,seg128_25,128.0,25.0,0.3481683516280626,2.0388300952945768e-32,1090
sat,internal,aec_segment,seg128_26,128.0,26.0,0.3510984808557734,5.679382682254058e-33,1090
sat,internal,aec_segment,seg128_27,128.0,27.0,0.3537520603432572,1.7640908444737693e-33,1090
sat,internal,aec_segment,seg128_28,128.0,28.0,0.3556938446928577,7.445003765953604e-34,1090
sat,internal,aec_segment,seg128_29,128.0,29.0,0.3570210968713093,4.114088627464482e-34,1090
sat,internal,aec_segment,seg128_30,128.0,30.0,0.3581519046701702,2.476510544217276e-34,1090
sat,internal,aec_segment,seg128_31,128.0,31.0,0.3606056826929136,8.174099385446956e-35,1090
sat,internal,aec_segment,seg128_32,128.0,32.0,0.3634761372461786,2.2076211259585972e-35,1090
sat,internal,aec_segment,seg128_33,128.0,33.0,0.3661918503060544,6.319670743084607e-36,1090
sat,internal,aec_segment,seg128_34,128.0,34.0,0.3693573603689553,1.4483189438664924e-36,1090
sat,internal,aec_segment,seg128_35,128.0,35.0,0.371630510649053,4.977070597765726e-37,1090
sat,internal,aec_segment,seg128_36,128.0,36.0,0.3738075492060156,1.7750288279834909e-37,1090
sat,internal,aec_segment,seg128_37,128.0,37.0,0.3765223638623796,4.853042824654323e-38,1090
sat,internal,aec_segment,seg128_38,128.0,38.0,0.3799165453883333,9.425837885579175e-39,1090
sat,internal,aec_segment,seg128_39,128.0,39.0,0.3838364764197288,1.3862328886470866e-39,1090
sat,internal,aec_segment,seg128_40,128.0,40.0,0.3883872754081718,1.4489340966970783e-40,1090
sat,internal,aec_segment,seg128_41,128.0,41.0,0.3925050507651509,1.820458323884717e-41,1090
sat,internal,aec_segment,seg128_42,128.0,42.0,0.3975114568548903,1.4045808766465198e-42,1090
sat,internal,aec_segment,seg128_43,128.0,43.0,0.4022255696514654,1.208519152009481e-43,1090
sat,internal,aec_segment,seg128_44,128.0,44.0,0.4073725745127219,7.931682594335126e-45,1090
sat,internal,aec_segment,seg128_45,128.0,45.0,0.412719751727744,4.449581343236951e-46,1090
sat,internal,aec_segment,seg128_46,128.0,46.0,0.4188042066380615,1.5736317199057364e-47,1090
sat,internal,aec_segment,seg128_47,128.0,47.0,0.4255456942533366,3.5770395847179456e-49,1090
sat,internal,aec_segment,seg128_48,128.0,48.0,0.4326376277417398,6.081247998988165e-51,1090
sat,internal,aec_segment,seg128_49,128.0,49.0,0.4374491981546676,3.624466907517254e-52,1090
sat,internal,aec_segment,seg128_50,128.0,50.0,0.4415676178972456,3.127172634347802e-53,1090
sat,internal,aec_segment,seg128_51,128.0,51.0,0.4456333714102286,2.6928215385823883e-54,1090
sat,internal,aec_segment,seg128_52,128.0,52.0,0.4496507042179581,2.310275894193304e-55,1090
sat,internal,aec_segment,seg128_53,128.0,53.0,0.4541559728914899,1.414093357835605e-56,1090
sat,internal,aec_segment,seg128_54,128.0,54.0,0.459321523511517,5.456688608725073e-58,1090
sat,internal,aec_segment,seg128_55,128.0,55.0,0.4626869853221931,6.350849772417299e-59,1090
sat,internal,aec_segment,seg128_56,128.0,56.0,0.4642506578577275,2.318800409031885e-59,1090
sat,internal,aec_segment,seg128_57,128.0,57.0,0.4646845878438591,1.7515877682971931e-59,1090
sat,internal,aec_segment,seg128_58,128.0,58.0,0.4661466233198684,6.78660412925513e-60,1090
sat,internal,aec_segment,seg128_59,128.0,59.0,0.46628364202924,6.208103834043883e-60,1090
sat,internal,aec_segment,seg128_60,128.0,60.0,0.4665314829035375,5.283539699079622e-60,1090
sat,internal,aec_segment,seg128_61,128.0,61.0,0.4661711242093714,6.679360036627107e-60,1090
sat,internal,aec_segment,seg128_62,128.0,62.0,0.4664559173495357,5.54988680824944e-60,1090
sat,internal,aec_segment,seg128_63,128.0,63.0,0.4656168629364174,9.573910384306285e-60,1090
sat,internal,aec_segment,seg128_64,128.0,64.0,0.4621641840902269,8.884301486655666e-59,1090
sat,internal,aec_segment,seg128_65,128.0,65.0,0.4585833296540955,8.718161899528853e-58,1090
sat,internal,aec_segment,seg128_66,128.0,66.0,0.4559579188698338,4.5722712283240796e-57,1090
sat,internal,aec_segment,seg128_67,128.0,67.0,0.4526485919418651,3.617554039358549e-56,1090
sat,internal,aec_segment,seg128_68,128.0,68.0,0.4488752342204518,3.720948865550082e-55,1090
sat,internal,aec_segment,seg128_69,128.0,69.0,0.4450652314734525,3.80093710394046e-54,1090
sat,internal,aec_segment,seg128_70,128.0,70.0,0.4401140182828237,7.454151965582757e-53,1090
sat,internal,aec_segment,seg128_71,128.0,71.0,0.4351630716433371,1.3919449123793193e-51,1090
sat,internal,aec_segment,seg128_72,128.0,72.0,0.4302274407842473,2.455278126415707e-50,1090
sat,internal,aec_segment,seg128_73,128.0,73.0,0.425395773509569,3.8947311953657104e-49,1090
sat,internal,aec_segment,seg128_74,128.0,74.0,0.420759004383979,5.299330536793373e-48,1090
sat,internal,aec_segment,seg128_75,128.0,75.0,0.415611637028238,9.166469031577544e-47,1090
sat,internal,aec_segment,seg128_76,128.0,76.0,0.410408355906077,1.5555817454830125e-45,1090
sat,internal,aec_segment,seg128_77,128.0,77.0,0.4046900504424461,3.2995620670677376e-44,1090
sat,internal,aec_segment,seg128_78,128.0,78.0,0.399463054902892,5.1122365031813255e-43,1090
sat,internal,aec_segment,seg128_79,128.0,79.0,0.3948558518860798,5.496913833203924e-42,1090
sat,internal,aec_segment,seg128_80,128.0,80.0,0.3902270041473673,5.756304016600437e-41,1090
sat,internal,aec_segment,seg128_81,128.0,81.0,0.3850755276695282,7.521898831769606e-40,1090
sat,internal,aec_segment,seg128_82,128.0,82.0,0.3797352166823425,1.0293302518045671e-38,1090
sat,internal,aec_segment,seg128_83,128.0,83.0,0.3743770259669405,1.3536634464874112e-37,1090
sat,internal,aec_segment,seg128_84,128.0,84.0,0.3695964625873804,1.294924394727624e-36,1090
sat,internal,aec_segment,seg128_85,128.0,85.0,0.3656837012012531,7.993532556887816e-36,1090
sat,internal,aec_segment,seg128_86,128.0,86.0,0.3608187843821531,7.420494259279041e-35,1090
sat,internal,aec_segment,seg128_87,128.0,87.0,0.3561467531182876,6.0827889583690575e-34,1090
sat,internal,aec_segment,seg128_88,128.0,88.0,0.3515062782437622,4.7487767076458006e-33,1090
sat,internal,aec_segment,seg128_89,128.0,89.0,0.3469185871543933,3.5022700443426937e-32,1090
sat,internal,aec_segment,seg128_90,128.0,90.0,0.3416763162360506,3.299147258013298e-31,1090
sat,internal,aec_segment,seg128_91,128.0,91.0,0.3376211239661747,1.81631346096202e-30,1090
sat,internal,aec_segment,seg128_92,128.0,92.0,0.3334400607478542,1.0268142294789457e-29,1090
sat,internal,aec_segment,seg128_93,128.0,93.0,0.3287947930687357,6.819824519640637e-29,1090
sat,internal,aec_segment,seg128_94,128.0,94.0,0.3244910553582779,3.828192198978537e-28,1090
sat,internal,aec_segment,seg128_95,128.0,95.0,0.3189279097241119,3.417246307767392e-27,1090
sat,internal,aec_segment,seg128_96,128.0,96.0,0.3147375306056631,1.7244638976011396e-26,1090
sat,internal,aec_segment,seg128_97,128.0,97.0,0.3103837922706824,9.020188801539216e-26,1090
sat,internal,aec_segment,seg128_98,128.0,98.0,0.3049678339924261,6.798798636021505e-25,1090
sat,internal,aec_segment,seg128_99,128.0,99.0,0.2993380935564594,5.3075523812732875e-24,1090
sat,internal,aec_segment,seg128_100,128.0,100.0,0.2944033539323368,3.0981325455596543e-23,1090
sat,internal,aec_segment,seg128_101,128.0,101.0,0.2897862130178029,1.5650219296703698e-22,1090
sat,internal,aec_segment,seg128_102,128.0,102.0,0.2860414943660692,5.695626940452477e-22,1090
sat,internal,aec_segment,seg128_103,128.0,103.0,0.2816990124707275,2.4863479728025688e-21,1090
sat,internal,aec_segment,seg128_104,128.0,104.0,0.2778874926901851,8.872624258028016e-21,1090
sat,internal,aec_segment,seg128_105,128.0,105.0,0.2727456090634882,4.7835933684270344e-20,1090
sat,internal,aec_segment,seg128_106,128.0,106.0,0.2673022884533544,2.7380435609822275e-19,1090
sat,internal,aec_segment,seg128_107,128.0,107.0,0.2634220426094438,9.268819407977432e-19,1090
sat,internal,aec_segment,seg128_108,128.0,108.0,0.2610206882913138,1.9516672511759023e-18,1090
sat,internal,aec_segment,seg128_109,128.0,109.0,0.2584875443226198,4.245603724597389e-18,1090
sat,internal,aec_segment,seg128_110,128.0,110.0,0.2553265120021734,1.1065823769819197e-17,1090
sat,internal,aec_segment,seg128_111,128.0,111.0,0.2510674723241827,3.94044946586743e-17,1090
sat,internal,aec_segment,seg128_112,128.0,112.0,0.245709120551183,1.883226386981822e-16,1090
sat,internal,aec_segment,seg128_113,128.0,113.0,0.2419384246652854,5.537412137983935e-16,1090
sat,internal,aec_segment,seg128_114,128.0,114.0,0.2390088813355329,1.264000732577041e-15,1090
sat,internal,aec_segment,seg128_115,128.0,115.0,0.2349741355946557,3.869203770123944e-15,1090
sat,internal,aec_segment,seg128_116,128.0,116.0,0.2307508934385272,1.2206204021464324e-14,1090
sat,internal,aec_segment,seg128_117,128.0,117.0,0.2255111412326432,4.9210960079388775e-14,1090
sat,internal,aec_segment,seg128_118,128.0,118.0,0.2225124954731566,1.0760958290119299e-13,1090
sat,internal,aec_segment,seg128_119,128.0,119.0,0.2225795326864669,1.0575670776946017e-13,1090
sat,internal,aec_segment,seg128_120,128.0,120.0,0.2243288808739045,6.708277116168723e-14,1090
sat,internal,aec_segment,seg128_121,128.0,121.0,0.2287503168091847,2.0870185314678633e-14,1090
sat,internal,aec_segment,seg128_122,128.0,122.0,0.2367193341394913,2.390921667855538e-15,1090
sat,internal,aec_segment,seg128_123,128.0,123.0,0.2490838004645836,7.062056195818404e-17,1090
sat,internal,aec_segment,seg128_124,128.0,124.0,0.2637551743439174,8.35410685092119e-19,1090
sat,internal,aec_segment,seg128_125,128.0,125.0,0.2817346432510418,2.456723806951773e-21,1090
sat,internal,aec_segment,seg128_126,128.0,126.0,0.3003978409654879,3.617395683573848e-24,1090
sat,internal,aec_segment,seg128_127,128.0,127.0,0.3208531383387482,1.6103925362286212e-27,1090
sat,internal,aec_segment,seg128_128,128.0,128.0,0.3390761587669499,9.87771404320112e-31,1090
vat,internal,aec_segment,seg128_1,128.0,1.0,0.1535970122106376,3.478687411577291e-07,1090
vat,internal,aec_segment,seg128_2,128.0,2.0,0.1536392684191855,3.452728889135721e-07,1090
vat,internal,aec_segment,seg128_3,128.0,3.0,0.1535799874307541,3.489199025797835e-07,1090
vat,internal,aec_segment,seg128_4,128.0,4.0,0.1534898493808214,3.54536515152652e-07,1090
vat,internal,aec_segment,seg128_5,128.0,5.0,0.1541775216863472,3.137980656286071e-07,1090
vat,internal,aec_segment,seg128_6,128.0,6.0,0.1559507626911174,2.2849720378199586e-07,1090
vat,internal,aec_segment,seg128_7,128.0,7.0,0.1578783886037179,1.6119652636545005e-07,1090
vat,internal,aec_segment,seg128_8,128.0,8.0,0.1599680881409265,1.0990379426243665e-07,1090
vat,internal,aec_segment,seg128_9,128.0,9.0,0.1624186313249218,6.969230261373516e-08,1090
vat,internal,aec_segment,seg128_10,128.0,10.0,0.1643542212229748,4.8396651986472475e-08,1090
vat,internal,aec_segment,seg128_11,128.0,11.0,0.1666048667628025,3.150043080373255e-08,1090
vat,internal,aec_segment,seg128_12,128.0,12.0,0.1688448407962079,2.0426048665374793e-08,1090
vat,internal,aec_segment,seg128_13,128.0,13.0,0.1708051807879599,1.3914628561799186e-08,1090
vat,internal,aec_segment,seg128_14,128.0,14.0,0.1738845783899281,7.54542114977295e-09,1090
vat,internal,aec_segment,seg128_15,128.0,15.0,0.1766300891225224,4.331847854919188e-09,1090
vat,internal,aec_segment,seg128_16,128.0,16.0,0.1794957874718045,2.40455191245826e-09,1090
vat,internal,aec_segment,seg128_17,128.0,17.0,0.1817570816549879,1.5009327314414026e-09,1090
vat,internal,aec_segment,seg128_18,128.0,18.0,0.184497426866487,8.410621474483759e-10,1090
vat,internal,aec_segment,seg128_19,128.0,19.0,0.1876484947469362,4.274018786245324e-10,1090
vat,internal,aec_segment,seg128_20,128.0,20.0,0.1918842268221157,1.6888432558737963e-10,1090
vat,internal,aec_segment,seg128_21,128.0,21.0,0.1959088992313977,6.852192722859734e-11,1090
vat,internal,aec_segment,seg128_22,128.0,22.0,0.2000678045272708,2.6432788724947347e-11,1090
vat,internal,aec_segment,seg128_23,128.0,23.0,0.2040505578129986,1.0410904600931468e-11,1090
vat,internal,aec_segment,seg128_24,128.0,24.0,0.2093401152103017,2.931822729061567e-12,1090
vat,internal,aec_segment,seg128_25,128.0,25.0,0.2153047040644776,6.741211100995752e-13,1090
vat,internal,aec_segment,seg128_26,128.0,26.0,0.2210855693010181,1.555365245102187e-13,1090
vat,internal,aec_segment,seg128_27,128.0,27.0,0.2265208243417977,3.7718274016872016e-14,1090
vat,internal,aec_segment,seg128_28,128.0,28.0,0.2322269965465897,8.190284105309552e-15,1090
vat,internal,aec_segment,seg128_29,128.0,29.0,0.2372417671029571,2.0685028311705705e-15,1090
vat,internal,aec_segment,seg128_30,128.0,30.0,0.2421326625376824,5.240494105466852e-16,1090
vat,internal,aec_segment,seg128_31,128.0,31.0,0.2480862327176154,9.451852991712894e-17,1090
vat,internal,aec_segment,seg128_32,128.0,32.0,0.254096395404273,1.60083618631778e-17,1090
vat,internal,aec_segment,seg128_33,128.0,33.0,0.2597389758999024,2.895012315900865e-18,1090
vat,internal,aec_segment,seg128_34,128.0,34.0,0.2650318770704597,5.602344841751436e-19,1090
vat,internal,aec_segment,seg128_35,128.0,35.0,0.2694661909941037,1.3750143579409642e-19,1090
vat,internal,aec_segment,seg128_36,128.0,36.0,0.2742060729669809,2.9751664197512565e-20,1090
vat,internal,aec_segment,seg128_37,128.0,37.0,0.2798801197763403,4.573964944110198e-21,1090
vat,internal,aec_segment,seg128_38,128.0,38.0,0.2855305511028263,6.7831938898441495e-22,1090
vat,internal,aec_segment,seg128_39,128.0,39.0,0.2912039596459861,9.547849866353253e-23,1090
vat,internal,aec_segment,seg128_40,128.0,40.0,0.2967132642639891,1.362403694389817e-23,1090
vat,internal,aec_segment,seg128_41,128.0,41.0,0.3009018468061255,3.0127813460344013e-24,1090
vat,internal,aec_segment,seg128_42,128.0,42.0,0.3056015130025945,5.379528998432019e-25,1090
vat,internal,aec_segment,seg128_43,128.0,43.0,0.3115178686967382,5.877557578126178e-26,1090
vat,internal,aec_segment,seg128_44,128.0,44.0,0.3173728680706638,6.2496901400942285e-27,1090
vat,internal,aec_segment,seg128_45,128.0,45.0,0.3234427186875439,5.803246776401074e-28,1090
vat,internal,aec_segment,seg128_46,128.0,46.0,0.3288979046582183,6.541459783160813e-29,1090
vat,internal,aec_segment,seg128_47,128.0,47.0,0.3326900963938951,1.397038415800059e-29,1090
vat,internal,aec_segment,seg128_48,128.0,48.0,0.338575345950076,1.2186162161630326e-30,1090
vat,internal,aec_segment,seg128_49,128.0,49.0,0.3438534896185665,1.3065448771032635e-31,1090
vat,internal,aec_segment,seg128_50,128.0,50.0,0.350503868521595,7.369187041901837e-33,1090
vat,internal,aec_segment,seg128_51,128.0,51.0,0.3582670465972297,2.351500065930952e-34,1090
vat,internal,aec_segment,seg128_52,128.0,52.0,0.3660972286962612,6.602522164635317e-36,1090
vat,internal,aec_segment,seg128_53,128.0,53.0,0.3741602672277109,1.5008466315064545e-37,1090
vat,internal,aec_segment,seg128_54,128.0,54.0,0.3836379097316991,1.52855026099924e-39,1090
vat,internal,aec_segment,seg128_55,128.0,55.0,0.3926861475900594,1.6606061539878634e-41,1090
vat,internal,aec_segment,seg128_56,128.0,56.0,0.4028125062485127,8.879955053618445e-44,1090
vat,internal,aec_segment,seg128_57,128.0,57.0,0.4151490541672559,1.1814213620595412e-46,1090
vat,internal,aec_segment,seg128_58,128.0,58.0,0.4286001159133747,6.259960900735024e-50,1090
vat,internal,aec_segment,seg128_59,128.0,59.0,0.4426510361719739,1.6322361652754052e-53,1090
vat,internal,aec_segment,seg128_60,128.0,60.0,0.456968198607915,2.4206168070098481e-57,1090
vat,internal,aec_segment,seg128_61,128.0,61.0,0.4707355640388373,3.3584209468955835e-61,1090
vat,internal,aec_segment,seg128_62,128.0,62.0,0.48509817559821,2.038500063802127e-65,1090
vat,internal,aec_segment,seg128_63,128.0,63.0,0.499920092871473,5.519920940689905e-70,1090
vat,internal,aec_segment,seg128_64,128.0,64.0,0.5134385457261335,2.3751272048502653e-74,1090
vat,internal,aec_segment,seg128_65,128.0,65.0,0.5259933607772475,1.3831697379006938e-78,1090
vat,internal,aec_segment,seg128_66,128.0,66.0,0.5394271860717912,2.560241974287477e-83,1090
vat,internal,aec_segment,seg128_67,128.0,67.0,0.5514124641004314,1.0038259583980572e-87,1090
vat,internal,aec_segment,seg128_68,128.0,68.0,0.5617507510534704,1.1329793275613773e-91,1090
vat,internal,aec_segment,seg128_69,128.0,69.0,0.5717390909115871,1.2760481771566234e-95,1090
vat,internal,aec_segment,seg128_70,128.0,70.0,0.5808467243636368,2.4297128625363174e-99,1090
vat,internal,aec_segment,seg128_71,128.0,71.0,0.5888123199500719,1.0816983622605025e-102,1090
vat,internal,aec_segment,seg128_72,128.0,72.0,0.5953651786890628,1.608158755048908e-105,1090
vat,internal,aec_segment,seg128_73,128.0,73.0,0.6017025920903587,2.5636319960619842e-108,1090
vat,internal,aec_segment,seg128_74,128.0,74.0,0.6076909782281708,5.0951687636306446e-111,1090
vat,internal,aec_segment,seg128_75,128.0,75.0,0.6123824891410166,3.5474517627266426e-113,1090
vat,internal,aec_segment,seg128_76,128.0,76.0,0.6162489852295595,5.55348550072164e-115,1090
vat,internal,aec_segment,seg128_77,128.0,77.0,0.6191577989761377,2.3426846259609207e-116,1090
vat,internal,aec_segment,seg128_78,128.0,78.0,0.6214189623498158,1.9540846687995422e-117,1090
vat,internal,aec_segment,seg128_79,128.0,79.0,0.6233647266308744,2.267457755260352e-118,1090
vat,internal,aec_segment,seg128_80,128.0,80.0,0.6251017361907145,3.272525884824902e-119,1090
vat,internal,aec_segment,seg128_81,128.0,81.0,0.6262193303515566,9.358030466422405e-120,1090
vat,internal,aec_segment,seg128_82,128.0,82.0,0.6272703321296038,2.8698217974018352e-120,1090
vat,internal,aec_segment,seg128_83,128.0,83.0,0.627917338047294,1.3831296125677441e-120,1090
vat,internal,aec_segment,seg128_84,128.0,84.0,0.6285695050317507,6.615794113733573e-121,1090
vat,internal,aec_segment,seg128_85,128.0,85.0,0.6292056800525132,3.216747325050508e-121,1090
vat,internal,aec_segment,seg128_86,128.0,86.0,0.6290570040849652,3.8077629846820393e-121,1090
vat,internal,aec_segment,seg128_87,128.0,87.0,0.628675896788566,5.8648934542890875e-121,1090
vat,internal,aec_segment,seg128_88,128.0,88.0,0.6279307869846122,1.3622781406651986e-120,1090
vat,internal,aec_segment,seg128_89,128.0,89.0,0.6270028182481971,3.87883139271029e-120,1090
vat,internal,aec_segment,seg128_90,128.0,90.0,0.6256659840935412,1.7404397379152353e-119,1090
vat,internal,aec_segment,seg128_91,128.0,91.0,0.6248606217528538,4.284426180664984e-119,1090
vat,internal,aec_segment,seg128_92,128.0,92.0,0.6238489080545446,1.3235645080290089e-118,1090
vat,internal,aec_segment,seg128_93,128.0,93.0,0.6223225132258081,7.201008360017383e-118,1090
vat,internal,aec_segment,seg128_94,128.0,94.0,0.6208858427029985,3.516284942403917e-117,1090
vat,internal,aec_segment,seg128_95,128.0,95.0,0.6185777959627752,4.4157660023305724e-116,1090
vat,internal,aec_segment,seg128_96,128.0,96.0,0.6167230367437047,3.322674648896906e-115,1090
vat,internal,aec_segment,seg128_97,128.0,97.0,0.6153129513928646,1.5273021207945023e-114,1090
vat,internal,aec_segment,seg128_98,128.0,98.0,0.6135281285820814,1.041368003089811e-113,1090
vat,internal,aec_segment,seg128_99,128.0,99.0,0.6114160463720117,9.937325924427399e-113,1090
vat,internal,aec_segment,seg128_100,128.0,100.0,0.6097753355826542,5.664964017555413e-112,1090
vat,internal,aec_segment,seg128_101,128.0,101.0,0.6077094626434049,4.997235617630535e-111,1090
vat,internal,aec_segment,seg128_102,128.0,102.0,0.6051404611573252,7.326062110802136e-110,1090
vat,internal,aec_segment,seg128_103,128.0,103.0,0.6025167123938555,1.1089810231094172e-108,1090
vat,internal,aec_segment,seg128_104,128.0,104.0,0.5995027090516567,2.437976487100418e-107,1090
vat,internal,aec_segment,seg128_105,128.0,105.0,0.5955448933671315,1.3423215695224975e-105,1090
vat,internal,aec_segment,seg128_106,128.0,106.0,0.5925676052988943,2.639506909397312e-104,1090
vat,internal,aec_segment,seg128_107,128.0,107.0,0.5885551657086147,1.3923870563658117e-102,1090
vat,internal,aec_segment,seg128_108,128.0,108.0,0.5848192802668841,5.3179874239579846e-101,1090
vat,internal,aec_segment,seg128_109,128.0,109.0,0.581143749879632,1.829119424624325e-99,1090
vat,internal,aec_segment,seg128_110,128.0,110.0,0.5765719277240119,1.4005718591973696e-97,1090
vat,internal,aec_segment,seg128_111,128.0,111.0,0.5703209878820994,4.728302309717144e-95,1090
vat,internal,aec_segment,seg128_112,128.0,112.0,0.5631554295632207,3.2142328275670866e-92,1090
vat,internal,aec_segment,seg128_113,128.0,113.0,0.5563403449144582,1.3720059278619904e-89,1090
vat,internal,aec_segment,seg128_114,128.0,114.0,0.5496854731617971,4.442982476539453e-87,1090
vat,internal,aec_segment,seg128_115,128.0,115.0,0.5420288376366116,2.929627268921384e-84,1090
vat,internal,aec_segment,seg128_116,128.0,116.0,0.5332275495032892,4.157683686862688e-81,1090
vat,internal,aec_segment,seg128_117,128.0,117.0,0.5247265972582368,3.769253592228209e-78,1090
vat,internal,aec_segment,seg128_118,128.0,118.0,0.5182930285147114,5.744238039599137e-76,1090
vat,internal,aec_segment,seg128_119,128.0,119.0,0.5137946776916295,1.8112886506321094e-74,1090
vat,internal,aec_segment,seg128_120,128.0,120.0,0.5092848138264766,5.4728787497055535e-73,1090
vat,internal,aec_segment,seg128_121,128.0,121.0,0.5050940803069981,1.2414893904607637e-71,1090
vat,internal,aec_segment,seg128_122,128.0,122.0,0.5027528213692724,6.969085533800597e-71,1090
vat,internal,aec_segment,seg128_123,128.0,123.0,0.5047984197416473,1.544827171080796e-71,1090
vat,internal,aec_segment,seg128_124,128.0,124.0,0.5072929320323052,2.4263655138854955e-72,1090
vat,internal,aec_segment,seg128_125,128.0,125.0,0.5099828706953861,3.2400343962570634e-73,1090
vat,internal,aec_segment,seg128_126,128.0,126.0,0.5104290828918397,2.316026873153084e-73,1090
vat,internal,aec_segment,seg128_127,128.0,127.0,0.5129198287974673,3.522653214230642e-74,1090
vat,internal,aec_segment,seg128_128,128.0,128.0,0.5161747516984285,2.936268628386086e-75,1090
total_fat,internal,aec_segment,seg128_1,128.0,1.0,0.2841384948393437,1.0899517009101109e-21,1090
total_fat,internal,aec_segment,seg128_2,128.0,2.0,0.285962215703023,5.852311539407877e-22,1090
total_fat,internal,aec_segment,seg128_3,128.0,3.0,0.2881607242184112,2.7484332663900084e-22,1090
total_fat,internal,aec_segment,seg128_4,128.0,4.0,0.2898159804098279,1.5489123296720207e-22,1090
total_fat,internal,aec_segment,seg128_5,128.0,5.0,0.2919227455288342,7.423891479222602e-23,1090
total_fat,internal,aec_segment,seg128_6,128.0,6.0,0.2950156438324769,2.4936890747596586e-23,1090
total_fat,internal,aec_segment,seg128_7,128.0,7.0,0.2982478299449346,7.86075608111817e-24,1090
total_fat,internal,aec_segment,seg128_8,128.0,8.0,0.3010908621745241,2.8128034533595108e-24,1090
total_fat,internal,aec_segment,seg128_9,128.0,9.0,0.304153871901099,9.176631807525717e-25,1090
total_fat,internal,aec_segment,seg128_10,128.0,10.0,0.3063403192631293,4.0913802065206574e-25,1090
total_fat,internal,aec_segment,seg128_11,128.0,11.0,0.3084216287216823,1.884298495309748e-25,1090
total_fat,internal,aec_segment,seg128_12,128.0,12.0,0.31060653568809,8.293613396148846e-26,1090
total_fat,internal,aec_segment,seg128_13,128.0,13.0,0.3129561785846476,3.4049224230561194e-26,1090
total_fat,internal,aec_segment,seg128_14,128.0,14.0,0.3163609416530153,9.239328218302836e-27,1090
total_fat,internal,aec_segment,seg128_15,128.0,15.0,0.3188714439681248,3.493201054258606e-27,1090
total_fat,internal,aec_segment,seg128_16,128.0,16.0,0.3211848948781057,1.4137943282688403e-27,1090
total_fat,internal,aec_segment,seg128_17,128.0,17.0,0.3228649411500874,7.29365098111686e-28,1090
total_fat,internal,aec_segment,seg128_18,128.0,18.0,0.3249646386248263,3.1705867128762803e-28,1090
total_fat,internal,aec_segment,seg128_19,128.0,19.0,0.3271407841743567,1.3278255429772047e-28,1090
total_fat,internal,aec_segment,seg128_20,128.0,20.0,0.3307140471074609,3.13153002323522e-29,1090
total_fat,internal,aec_segment,seg128_21,128.0,21.0,0.3339136944666981,8.44992570582637e-30,1090
total_fat,internal,aec_segment,seg128_22,128.0,22.0,0.3368357281151538,2.5199598279735077e-30,1090
total_fat,internal,aec_segment,seg128_23,128.0,23.0,0.3395550912321161,8.07744383272653e-31,1090
total_fat,internal,aec_segment,seg128_24,128.0,24.0,0.3430397940545305,1.8486106871291327e-31,1090
total_fat,internal,aec_segment,seg128_25,128.0,25.0,0.34743127694709,2.8059986084711067e-32,1090
total_fat,internal,aec_segment,seg128_26,128.0,26.0,0.3521712087147576,3.5449633623539446e-33,1090
total_fat,internal,aec_segment,seg128_27,128.0,27.0,0.3565552891033396,5.0677656361049e-34,1090
total_fat,internal,aec_segment,seg128_28,128.0,28.0,0.360554445347599,8.36633358676867e-35,1090
total_fat,internal,aec_segment,seg128_29,128.0,29.0,0.3637978957239345,1.90473885048796e-35,1090
total_fat,internal,aec_segment,seg128_30,128.0,30.0,0.3668442215627485,4.671094899296298e-36,1090
total_fat,internal,aec_segment,seg128_31,128.0,31.0,0.3713226175691763,5.754722208886445e-37,1090
total_fat,internal,aec_segment,seg128_32,128.0,32.0,0.3761248032463573,5.87250900343988e-38,1090
total_fat,internal,aec_segment,seg128_33,128.0,33.0,0.3806481686186698,6.603967310928841e-39,1090
total_fat,internal,aec_segment,seg128_34,128.0,34.0,0.3853331090071981,6.6219889630326394e-40,1090
total_fat,internal,aec_segment,seg128_35,128.0,35.0,0.3889872184239419,1.0729807332939835e-40,1090
total_fat,internal,aec_segment,seg128_36,128.0,36.0,0.3927124300871065,1.638595881042185e-41,1090
total_fat,internal,aec_segment,seg128_37,128.0,37.0,0.3972495508724739,1.6077887951770788e-42,1090
total_fat,internal,aec_segment,seg128_38,128.0,38.0,0.4022615670359302,1.1859122577936791e-43,1090
total_fat,internal,aec_segment,seg128_39,128.0,39.0,0.40765997159569,6.803019183341951e-45,1090
total_fat,internal,aec_segment,seg128_40,128.0,40.0,0.4134343163081629,3.0158484886024884e-46,1090
total_fat,internal,aec_segment,seg128_41,128.0,41.0,0.4182947698220882,2.087258264112905e-47,1090
total_fat,internal,aec_segment,seg128_42,128.0,42.0,0.4240243847288664,8.465347085192449e-49,1090
total_fat,internal,aec_segment,seg128_43,128.0,43.0,0.4301017377277389,2.639841582329661e-50,1090
total_fat,internal,aec_segment,seg128_44,128.0,44.0,0.4364605047917843,6.49414793037499e-52,1090
total_fat,internal,aec_segment,seg128_45,128.0,45.0,0.4430606886267724,1.2757034492199334e-53,1090
total_fat,internal,aec_segment,seg128_46,128.0,46.0,0.4499067299733156,1.9733652834895903e-55,1090
total_fat,internal,aec_segment,seg128_47,128.0,47.0,0.4564615860079217,3.3307928957650253e-57,1090
total_fat,internal,aec_segment,seg128_48,128.0,48.0,0.4642246853310169,2.358033261977957e-59,1090
total_fat,internal,aec_segment,seg128_49,128.0,49.0,0.4700796939002566,5.175405833909347e-61,1090
total_fat,internal,aec_segment,seg128_50,128.0,50.0,0.4760670263683876,9.643027045695608e-63,1090
total_fat,internal,aec_segment,seg128_51,128.0,51.0,0.4825258778936106,1.2005001560027944e-64,1090
total_fat,internal,aec_segment,seg128_52,128.0,52.0,0.488980770251006,1.3630124521445328e-66,1090
total_fat,internal,aec_segment,seg128_53,128.0,53.0,0.495891049062332,1.013408937840717e-68,1090
total_fat,internal,aec_segment,seg128_54,128.0,54.0,0.5039206497825232,2.952459835943951e-71,1090
total_fat,internal,aec_segment,seg128_55,128.0,55.0,0.5104668319025988,2.251120023340361e-73,1090
total_fat,internal,aec_segment,seg128_56,128.0,56.0,0.5162181622646819,2.8400441841399917e-75,1090
total_fat,internal,aec_segment,seg128_57,128.0,57.0,0.5221730969883994,2.8073663434161387e-77,1090
total_fat,internal,aec_segment,seg128_58,128.0,58.0,0.5293730132171207,9.337751842689571e-80,1090
total_fat,internal,aec_segment,seg128_59,128.0,59.0,0.535900103992808,4.6941229489155185e-82,1090
total_fat,internal,aec_segment,seg128_60,128.0,60.0,0.5426282466721447,1.7730892855203117e-84,1090
total_fat,internal,aec_segment,seg128_61,128.0,61.0,0.5486700034085336,1.0611402340990816e-86,1090
total_fat,internal,aec_segment,seg128_62,128.0,62.0,0.555445360108966,3.0079146255185947e-89,1090
total_fat,internal,aec_segment,seg128_63,128.0,63.0,0.5616274023253518,1.2651532415191006e-91,1090
total_fat,internal,aec_segment,seg128_64,128.0,64.0,0.5653444692537105,4.458215802861596e-93,1090
total_fat,internal,aec_segment,seg128_65,128.0,65.0,0.5685289777858943,2.4523186461731315e-94,1090
total_fat,internal,aec_segment,seg128_66,128.0,66.0,0.5727987626791171,4.775194080462837e-96,1090
total_fat,internal,aec_segment,seg128_67,128.0,67.0,0.5759167977525856,2.593320511290468e-97,1090
total_fat,internal,aec_segment,seg128_68,128.0,68.0,0.5779494861526944,3.817168074479407e-98,1090
total_fat,internal,aec_segment,seg128_69,128.0,69.0,0.5797958542540314,6.619361158658545e-99,1090
total_fat,internal,aec_segment,seg128_70,128.0,70.0,0.5804233593430626,3.6399851391352574e-99,1090
total_fat,internal,aec_segment,seg128_71,128.0,71.0,0.580528504746099,3.292501690119201e-99,1090
total_fat,internal,aec_segment,seg128_72,128.0,72.0,0.5799981887478609,5.459263019766497e-99,1090
total_fat,internal,aec_segment,seg128_73,128.0,73.0,0.5794436205482345,9.254524132284542e-99,1090
total_fat,internal,aec_segment,seg128_74,128.0,74.0,0.5788686904676388,1.5978143509573887e-98,1090
total_fat,internal,aec_segment,seg128_75,128.0,75.0,0.577335320006596,6.819878132113721e-98,1090
total_fat,internal,aec_segment,seg128_76,128.0,76.0,0.5753844816712308,4.2737162881341465e-97,1090
total_fat,internal,aec_segment,seg128_77,128.0,77.0,0.5726272395075598,5.60005989015296e-96,1090
total_fat,internal,aec_segment,seg128_78,128.0,78.0,0.569924911782908,6.809061948563626e-95,1090
total_fat,internal,aec_segment,seg128_79,128.0,79.0,0.5675213794944858,6.160331108029484e-94,1090
total_fat,internal,aec_segment,seg128_80,128.0,80.0,0.5650068550079966,6.05196005633904e-93,1090
total_fat,internal,aec_segment,seg128_81,128.0,81.0,0.5618352673152571,1.0504506662033029e-91,1090
total_fat,internal,aec_segment,seg128_82,128.0,82.0,0.5584982058821596,2.0470361080507083e-90,1090
total_fat,internal,aec_segment,seg128_83,128.0,83.0,0.5549635095299986,4.585418158705607e-89,1090
total_fat,internal,aec_segment,seg128_84,128.0,84.0,0.5518441387279108,6.911791881045235e-88,1090
total_fat,internal,aec_segment,seg128_85,128.0,85.0,0.5493378697483722,5.9875183342497035e-87,1090
total_fat,internal,aec_segment,seg128_86,128.0,86.0,0.5457917587193057,1.2314800764834592e-85,1090
total_fat,internal,aec_segment,seg128_87,128.0,87.0,0.5422771965174689,2.379610615757267e-84,1090
total_fat,internal,aec_segment,seg128_88,128.0,88.0,0.5386186421785798,5.002611750633024e-83,1090
total_fat,internal,aec_segment,seg128_89,128.0,89.0,0.5349141557994251,1.0520028219218276e-81,1090
total_fat,internal,aec_segment,seg128_90,128.0,90.0,0.5305546093454417,3.6126922630239475e-80,1090
total_fat,internal,aec_segment,seg128_91,128.0,91.0,0.5272869229360655,4.9474139267741147e-79,1090
total_fat,internal,aec_segment,seg128_92,128.0,92.0,0.5238348293839732,7.614611428851698e-78,1090
total_fat,internal,aec_segment,seg128_93,128.0,93.0,0.5198153641478571,1.765682044912897e-76,1090
total_fat,internal,aec_segment,seg128_94,128.0,94.0,0.5160811236970458,3.1549978896091623e-75,1090
total_fat,internal,aec_segment,seg128_95,128.0,95.0,0.5110477862326313,1.4528317208369583e-73,1090
total_fat,internal,aec_segment,seg128_96,128.0,96.0,0.5072032889788101,2.5939505300908245e-72,1090
total_fat,internal,aec_segment,seg128_97,128.0,97.0,0.5034454657972687,4.1891624570731764e-71,1090
total_fat,internal,aec_segment,seg128_98,128.0,98.0,0.4987567632987522,1.2840702105154776e-69,1090
total_fat,internal,aec_segment,seg128_99,128.0,99.0,0.4937654805323709,4.632005718507648e-68,1090
total_fat,internal,aec_segment,seg128_100,128.0,100.0,0.4894867562941318,9.556084104052944e-67,1090
total_fat,internal,aec_segment,seg128_101,128.0,101.0,0.4852405564481048,1.8471198646309874e-65,1090
total_fat,internal,aec_segment,seg128_102,128.0,102.0,0.4813878676397257,2.6178915161647864e-64,1090
total_fat,internal,aec_segment,seg128_103,128.0,103.0,0.4770827688430886,4.867940342495863e-63,1090
total_fat,internal,aec_segment,seg128_104,128.0,104.0,0.4729787069766892,7.598217307579774e-62,1090
total_fat,internal,aec_segment,seg128_105,128.0,105.0,0.467491675627469,2.8252224448040976e-60,1090
total_fat,internal,aec_segment,seg128_106,128.0,106.0,0.4622377871492914,8.474482906824665e-59,1090
total_fat,internal,aec_segment,seg128_107,128.0,107.0,0.4576277468757067,1.596273614714735e-57,1090
total_fat,internal,aec_segment,seg128_108,128.0,108.0,0.4542015529095141,1.3743933082114914e-56,1090
total_fat,internal,aec_segment,seg128_109,128.0,109.0,0.4507087543804393,1.2033260332330223e-55,1090
total_fat,internal,aec_segment,seg128_110,128.0,110.0,0.4463569518106959,1.7344456212847226e-54,1090
total_fat,internal,aec_segment,seg128_111,128.0,111.0,0.440451852831433,6.093753803765907e-53,1090
total_fat,internal,aec_segment,seg128_112,128.0,112.0,0.4333423285051812,4.035045164228671e-51,1090
total_fat,internal,aec_segment,seg128_113,128.0,113.0,0.4275282321467245,1.1563616497770192e-49,1090
total_fat,internal,aec_segment,seg128_114,128.0,114.0,0.4223888092890794,2.1268313751849795e-48,1090
total_fat,internal,aec_segment,seg128_115,128.0,115.0,0.416000875755007,7.401820419096051e-47,1090
total_fat,internal,aec_segment,seg128_116,128.0,116.0,0.4089544335187116,3.4012079938830537e-45,1090
total_fat,internal,aec_segment,seg128_117,128.0,117.0,0.4013186776244207,1.9432576212599053e-43,1090
total_fat,internal,aec_segment,seg128_118,128.0,118.0,0.3962311105435381,2.7159285437369195e-42,1090
total_fat,internal,aec_segment,seg128_119,128.0,119.0,0.3942207745048847,7.603798691041371e-42,1090
total_fat,internal,aec_segment,seg128_120,128.0,120.0,0.3934079078982921,1.1506457062575488e-41,1090
total_fat,internal,aec_segment,seg128_121,128.0,121.0,0.3946514224664083,6.102552992277167e-42,1090
total_fat,internal,aec_segment,seg128_122,128.0,122.0,0.3992774598257149,5.6296288809059076e-43,1090
total_fat,internal,aec_segment,seg128_123,128.0,123.0,0.409053190866249,3.225592718735891e-45,1090
total_fat,internal,aec_segment,seg128_124,128.0,124.0,0.4206836079129666,5.527264430012966e-48,1090
total_fat,internal,aec_segment,seg128_125,128.0,125.0,0.4347685059326074,1.753996388994934e-51,1090
total_fat,internal,aec_segment,seg128_126,128.0,126.0,0.4483155849905185,5.244503226745935e-55,1090
total_fat,internal,aec_segment,seg128_127,128.0,127.0,0.4640793885664157,2.5900083210387696e-59,1090
total_fat,internal,aec_segment,seg128_128,128.0,128.0,0.478596923167027,1.7496372047215822e-63,1090
imata,external,aec_segment,seg128_1,128.0,1.0,0.2509797892345784,9.084064886924467e-15,926
imata,external,aec_segment,seg128_2,128.0,2.0,0.2517097714209325,7.559040991564566e-15,926
imata,external,aec_segment,seg128_3,128.0,3.0,0.2520317380374028,6.969197592217172e-15,926
imata,external,aec_segment,seg128_4,128.0,4.0,0.252498901782916,6.192960662830015e-15,926
imata,external,aec_segment,seg128_5,128.0,5.0,0.2538191910215508,4.429876121473119e-15,926
imata,external,aec_segment,seg128_6,128.0,6.0,0.2552039373201618,3.110847016745028e-15,926
imata,external,aec_segment,seg128_7,128.0,7.0,0.2562494244676052,2.3788252466036506e-15,926
imata,external,aec_segment,seg128_8,128.0,8.0,0.257926253571855,1.543052662135111e-15,926
imata,external,aec_segment,seg128_9,128.0,9.0,0.2594765696191793,1.0312598534032672e-15,926
imata,external,aec_segment,seg128_10,128.0,10.0,0.2611063344195556,6.731718132984112e-16,926
imata,external,aec_segment,seg128_11,128.0,11.0,0.2628696082110404,4.2291142194531097e-16,926
imata,external,aec_segment,seg128_12,128.0,12.0,0.2651016595495137,2.336255663999252e-16,926
imata,external,aec_segment,seg128_13,128.0,13.0,0.2682989074054368,9.887280707643194e-17,926
imata,external,aec_segment,seg128_14,128.0,14.0,0.2719598817475425,3.641385377073919e-17,926
imata,external,aec_segment,seg128_15,128.0,15.0,0.2767242390643301,9.698964431385697e-18,926
imata,external,aec_segment,seg128_16,128.0,16.0,0.2803421595017337,3.4900928748564595e-18,926
imata,external,aec_segment,seg128_17,128.0,17.0,0.2839630278556807,1.23586949372856e-18,926
imata,external,aec_segment,seg128_18,128.0,18.0,0.2877873640635823,4.060119909888536e-19,926
imata,external,aec_segment,seg128_19,128.0,19.0,0.2902503536139039,1.9644196936550152e-19,926
imata,external,aec_segment,seg128_20,128.0,20.0,0.2917941859419269,1.2416766053458811e-19,926
imata,external,aec_segment,seg128_21,128.0,21.0,0.2938806580014442,6.649729161427556e-20,926
imata,external,aec_segment,seg128_22,128.0,22.0,0.296239492295599,3.2619933093166574e-20,926
imata,external,aec_segment,seg128_23,128.0,23.0,0.2995651281865138,1.1815857035810073e-20,926
imata,external,aec_segment,seg128_24,128.0,24.0,0.3030888951172442,3.9706125211689175e-21,926
imata,external,aec_segment,seg128_25,128.0,25.0,0.3064021835140149,1.4046631856151426e-21,926
imata,external,aec_segment,seg128_26,128.0,26.0,0.3104913751889118,3.82450186956022e-22,926
imata,external,aec_segment,seg128_27,128.0,27.0,0.3148944344883604,9.209013952595152e-23,926
imata,external,aec_segment,seg128_28,128.0,28.0,0.3191987171593249,2.2367413445607756e-23,926
imata,external,aec_segment,seg128_29,128.0,29.0,0.3230223315069671,6.240199181533107e-24,926
imata,external,aec_segment,seg128_30,128.0,30.0,0.3265871572832998,1.8667355612775573e-24,926
imata,external,aec_segment,seg128_31,128.0,31.0,0.3312021355129444,3.820593805639508e-25,926
imata,external,aec_segment,seg128_32,128.0,32.0,0.3351692904439202,9.558596437073862e-26,926
imata,external,aec_segment,seg128_33,128.0,33.0,0.3396609426756242,1.9426980674543128e-26,926
imata,external,aec_segment,seg128_34,128.0,34.0,0.3436238057044014,4.659769329701019e-27,926
imata,external,aec_segment,seg128_35,128.0,35.0,0.348115055589101,9.010749939299029e-28,926
imata,external,aec_segment,seg128_36,128.0,36.0,0.3535030265379473,1.2113095050405775e-28,926
imata,external,aec_segment,seg128_37,128.0,37.0,0.3575280429476007,2.6370152760443974e-29,926
imata,external,aec_segment,seg128_38,128.0,38.0,0.3609623808846847,7.056098909000993e-30,926
imata,external,aec_segment,seg128_39,128.0,39.0,0.3632630239657004,2.8912557303628195e-30,926
imata,external,aec_segment,seg128_40,128.0,40.0,0.3655017233609468,1.2050191663305135e-30,926
imata,external,aec_segment,seg128_41,128.0,41.0,0.36806683008813,4.38296087455046e-31,926
imata,external,aec_segment,seg128_42,128.0,42.0,0.3702963307986875,1.8062017149561688e-31,926
imata,external,aec_segment,seg128_43,128.0,43.0,0.371714923166942,1.0238106576311078e-31,926
imata,external,aec_segment,seg128_44,128.0,44.0,0.3737815490237096,4.454942523328821e-32,926
imata,external,aec_segment,seg128_45,128.0,45.0,0.3770971797998239,1.1576201155250863e-32,926
imata,external,aec_segment,seg128_46,128.0,46.0,0.3796766179096558,4.013580178157298e-33,926
imata,external,aec_segment,seg128_47,128.0,47.0,0.381831290587923,1.6446448763915738e-33,926
imata,external,aec_segment,seg128_48,128.0,48.0,0.3843838197323763,5.666289666638756e-34,926
imata,external,aec_segment,seg128_49,128.0,49.0,0.3884461658623784,1.0193016294157143e-34,926
imata,external,aec_segment,seg128_50,128.0,50.0,0.3934856354853059,1.1734685973285249e-35,926
imata,external,aec_segment,seg128_51,128.0,51.0,0.3978200372222098,1.773674459234548e-36,926
imata,external,aec_segment,seg128_52,128.0,52.0,0.4010858832882638,4.192529382366022e-37,926
imata,external,aec_segment,seg128_53,128.0,53.0,0.4058996241728683,4.856858578003292e-38,926
imata,external,aec_segment,seg128_54,128.0,54.0,0.4112404991545593,4.2620205497473414e-39,926
imata,external,aec_segment,seg128_55,128.0,55.0,0.4165957993682797,3.5532677826349637e-40,926
imata,external,aec_segment,seg128_56,128.0,56.0,0.4221979683682181,2.5165597461715206e-41,926
imata,external,aec_segment,seg128_57,128.0,57.0,0.427007324086022,2.490284452649441e-42,926
imata,external,aec_segment,seg128_58,128.0,58.0,0.4328854791905072,1.400238462696789e-43,926
imata,external,aec_segment,seg128_59,128.0,59.0,0.4387843406767947,7.358059665177914e-45,926
imata,external,aec_segment,seg128_60,128.0,60.0,0.4442911407384177,4.4605429174828684e-46,926
imata,external,aec_segment,seg128_61,128.0,61.0,0.4493925441487773,3.173320452002164e-47,926
imata,external,aec_segment,seg128_62,128.0,62.0,0.4542359566882779,2.474606016959029e-48,926
imata,external,aec_segment,seg128_63,128.0,63.0,0.4588130759185059,2.137453064709241e-49,926
imata,external,aec_segment,seg128_64,128.0,64.0,0.4639347997623161,1.319519024810299e-50,926
imata,external,aec_segment,seg128_65,128.0,65.0,0.4686946846291383,9.501937398097828e-52,926
imata,external,aec_segment,seg128_66,128.0,66.0,0.472597734327066,1.0649914043002749e-52,926
imata,external,aec_segment,seg128_67,128.0,67.0,0.4758303172261487,1.7013478318120472e-53,926
imata,external,aec_segment,seg128_68,128.0,68.0,0.4787778909299069,3.140501398640633e-54,926
imata,external,aec_segment,seg128_69,128.0,69.0,0.4814392124726704,6.734192459153603e-55,926
imata,external,aec_segment,seg128_70,128.0,70.0,0.4837070690132138,1.7937799285796927e-55,926
imata,external,aec_segment,seg128_71,128.0,71.0,0.4861565665044853,4.249830319221247e-56,926
imata,external,aec_segment,seg128_72,128.0,72.0,0.4865414153298014,3.385722055816649e-56,926
imata,external,aec_segment,seg128_73,128.0,73.0,0.4864797782601814,3.511322549840124e-56,926
imata,external,aec_segment,seg128_74,128.0,74.0,0.4863156357690821,3.868858672764181e-56,926
imata,external,aec_segment,seg128_75,128.0,75.0,0.4862952216989594,3.915783453418909e-56,926
imata,external,aec_segment,seg128_76,128.0,76.0,0.4853606985208862,6.794016534503315e-56,926
imata,external,aec_segment,seg128_77,128.0,77.0,0.4834570248075219,2.0764655224727726e-55,926
imata,external,aec_segment,seg128_78,128.0,78.0,0.482567166052585,3.49204809312013e-55,926
imata,external,aec_segment,seg128_79,128.0,79.0,0.4821093717420573,4.5599793470119114e-55,926
imata,external,aec_segment,seg128_80,128.0,80.0,0.4816958266046749,5.8008776962238756e-55,926
imata,external,aec_segment,seg128_81,128.0,81.0,0.4805094008234733,1.1550227488400423e-54,926
imata,external,aec_segment,seg128_82,128.0,82.0,0.4783537835160401,4.008866528807733e-54,926
imata,external,aec_segment,seg128_83,128.0,83.0,0.475416572732819,2.153882739234869e-53,926
imata,external,aec_segment,seg128_84,128.0,84.0,0.4723457915057708,1.2276391257456121e-52,926
imata,external,aec_segment,seg128_85,128.0,85.0,0.4694449649222861,6.2525607553913525e-52,926
imata,external,aec_segment,seg128_86,128.0,86.0,0.4663976393912946,3.3998981478779425e-51,926
imata,external,aec_segment,seg128_87,128.0,87.0,0.4625243596733006,2.854568514395795e-50,926
imata,external,aec_segment,seg128_88,128.0,88.0,0.4590452533809295,1.8858720291801805e-49,926
imata,external,aec_segment,seg128_89,128.0,89.0,0.4555945439618858,1.2008531024307008e-48,926
imata,external,aec_segment,seg128_90,128.0,90.0,0.4515519327278626,1.0226418669591271e-47,926
imata,external,aec_segment,seg128_91,128.0,91.0,0.4490906861812873,3.7151773383969067e-47,926
imata,external,aec_segment,seg128_92,128.0,92.0,0.4465145754161704,1.4173816461196647e-46,926
imata,external,aec_segment,seg128_93,128.0,93.0,0.4430129912587123,8.588985639323258e-46,926
imata,external,aec_segment,seg128_94,128.0,94.0,0.4396060379022526,4.858810491635329e-45,926
imata,external,aec_segment,seg128_95,128.0,95.0,0.436102406421863,2.82874835188624e-44,926
imata,external,aec_segment,seg128_96,128.0,96.0,0.4327257058277934,1.515326036523139e-43,926
imata,external,aec_segment,seg128_97,128.0,97.0,0.4297576383641653,6.522820026126388e-43,926
imata,external,aec_segment,seg128_98,128.0,98.0,0.426924478209067,2.592336139715588e-42,926
imata,external,aec_segment,seg128_99,128.0,99.0,0.4248058185841087,7.212859597422572e-42,926
imata,external,aec_segment,seg128_100,128.0,100.0,0.4222548004731551,2.449238418282438e-41,926
imata,external,aec_segment,seg128_101,128.0,101.0,0.4193918050497682,9.53841848994854e-41,926
imata,external,aec_segment,seg128_102,128.0,102.0,0.4164648348910703,3.777883649343182e-40,926
imata,external,aec_segment,seg128_103,128.0,103.0,0.4140321437384956,1.1738024919086831e-39,926
imata,external,aec_segment,seg128_104,128.0,104.0,0.4118742213853938,3.1838419697419124e-39,926
imata,external,aec_segment,seg128_105,128.0,105.0,0.4088323938168746,1.2836751089040194e-38,926
imata,external,aec_segment,seg128_106,128.0,106.0,0.4056121590533239,5.52956049027236e-38,926
imata,external,aec_segment,seg128_107,128.0,107.0,0.4029046599989058,1.8646046784412605e-37,926
imata,external,aec_segment,seg128_108,128.0,108.0,0.4013465888804203,3.733962618407991e-37,926
imata,external,aec_segment,seg128_109,128.0,109.0,0.4005334337667681,5.357098597553165e-37,926
imata,external,aec_segment,seg128_110,128.0,110.0,0.3999480946133966,6.942272784030035e-37,926
imata,external,aec_segment,seg128_111,128.0,111.0,0.3992141103451835,9.601585760442172e-37,926
imata,external,aec_segment,seg128_112,128.0,112.0,0.3993587385006226,9.007801737271424e-37,926
imata,external,aec_segment,seg128_113,128.0,113.0,0.4001268636956323,6.414234252682326e-37,926
imata,external,aec_segment,seg128_114,128.0,114.0,0.4003010003506609,5.938244122312261e-37,926
imata,external,aec_segment,seg128_115,128.0,115.0,0.4018634578160994,2.966891075380676e-37,926
imata,external,aec_segment,seg128_116,128.0,116.0,0.4025848167653982,2.150934244581418e-37,926
imata,external,aec_segment,seg128_117,128.0,117.0,0.4036803177344537,1.3178017973617104e-37,926
imata,external,aec_segment,seg128_118,128.0,118.0,0.4046463828142516,8.54186069883784e-38,926
imata,external,aec_segment,seg128_119,128.0,119.0,0.4063341284859594,3.991168052951622e-38,926
imata,external,aec_segment,seg128_120,128.0,120.0,0.4089654327200277,1.2081004460463216e-38,926
imata,external,aec_segment,seg128_121,128.0,121.0,0.4111982161244724,4.3456735444176044e-39,926
imata,external,aec_segment,seg128_122,128.0,122.0,0.4134251875366194,1.5552671608351578e-39,926
imata,external,aec_segment,seg128_123,128.0,123.0,0.4178208340364363,2.0000859611422823e-40,926
imata,external,aec_segment,seg128_124,128.0,124.0,0.4188443258539806,1.235199386883259e-40,926
imata,external,aec_segment,seg128_125,128.0,125.0,0.4170680816904629,2.847941344511521e-40,926
imata,external,aec_segment,seg128_126,128.0,126.0,0.416588227429894,3.5658853658436338e-40,926
imata,external,aec_segment,seg128_127,128.0,127.0,0.4182473266900799,1.6364987005752444e-40,926
imata,external,aec_segment,seg128_128,128.0,128.0,0.417952981206422,1.8795948209318633e-40,926
nama,external,aec_segment,seg128_1,128.0,1.0,0.1909364878565621,4.731325592623293e-09,926
nama,external,aec_segment,seg128_2,128.0,2.0,0.1890633436744975,6.7174610379621195e-09,926
nama,external,aec_segment,seg128_3,128.0,3.0,0.1881987956054916,7.887624830408462e-09,926
nama,external,aec_segment,seg128_4,128.0,4.0,0.1874330586676246,9.087496023512093e-09,926
nama,external,aec_segment,seg128_5,128.0,5.0,0.1870450792001015,9.761266747226948e-09,926
nama,external,aec_segment,seg128_6,128.0,6.0,0.1871337100466086,9.603202833922998e-09,926
nama,external,aec_segment,seg128_7,128.0,7.0,0.186913333801266,1.0000896073014604e-08,926
nama,external,aec_segment,seg128_8,128.0,8.0,0.1861104244462201,1.1589543179245487e-08,926
nama,external,aec_segment,seg128_9,128.0,9.0,0.1838427260792743,1.7514156007377873e-08,926
nama,external,aec_segment,seg128_10,128.0,10.0,0.1819845551439571,2.4471794909885392e-08,926
nama,external,aec_segment,seg128_11,128.0,11.0,0.1802938065128785,3.3079242616686274e-08,926
nama,external,aec_segment,seg128_12,128.0,12.0,0.1786508283002143,4.421459692896142e-08,926
nama,external,aec_segment,seg128_13,128.0,13.0,0.1775707559239959,5.3428125805317564e-08,926
nama,external,aec_segment,seg128_14,128.0,14.0,0.1763997310789587,6.551339876068658e-08,926
nama,external,aec_segment,seg128_15,128.0,15.0,0.1764444318572489,6.500703944773549e-08,926
nama,external,aec_segment,seg128_16,128.0,16.0,0.1762217901233907,6.756715136279214e-08,926
nama,external,aec_segment,seg128_17,128.0,17.0,0.1753109886114357,7.909330490631622e-08,926
nama,external,aec_segment,seg128_18,128.0,18.0,0.1742572346011931,9.480615808049097e-08,926
nama,external,aec_segment,seg128_19,128.0,19.0,0.1738716167440696,1.0127834975361417e-07,926
nama,external,aec_segment,seg128_20,128.0,20.0,0.1731242271951985,1.150594191994163e-07,926
nama,external,aec_segment,seg128_21,128.0,21.0,0.172045895966813,1.3817856382686248e-07,926
nama,external,aec_segment,seg128_22,128.0,22.0,0.1708407114606417,1.6932716852330748e-07,926
nama,external,aec_segment,seg128_23,128.0,23.0,0.168537303942771,2.487384834137543e-07,926
nama,external,aec_segment,seg128_24,128.0,24.0,0.1655911901655954,4.037185277103617e-07,926
nama,external,aec_segment,seg128_25,128.0,25.0,0.16335408784799,5.798857040593874e-07,926
nama,external,aec_segment,seg128_26,128.0,26.0,0.1613195655216888,8.026622873673646e-07,926
nama,external,aec_segment,seg128_27,128.0,27.0,0.1588943659100001,1.1764182467621577e-06,926
nama,external,aec_segment,seg128_28,128.0,28.0,0.1567826699698709,1.633504046079218e-06,926
nama,external,aec_segment,seg128_29,128.0,29.0,0.1550995583556197,2.115487190580557e-06,926
nama,external,aec_segment,seg128_30,128.0,30.0,0.1550079010079421,2.1453169019096357e-06,926
nama,external,aec_segment,seg128_31,128.0,31.0,0.1550573166363563,2.1291849318128373e-06,926
nama,external,aec_segment,seg128_32,128.0,32.0,0.1553851897833467,2.025058450123235e-06,926
nama,external,aec_segment,seg128_33,128.0,33.0,0.1556975289678542,1.9304196390807963e-06,926
nama,external,aec_segment,seg128_34,128.0,34.0,0.156220096673698,1.7814939824764016e-06,926
nama,external,aec_segment,seg128_35,128.0,35.0,0.1558424225381677,1.887971321481055e-06,926
nama,external,aec_segment,seg128_36,128.0,36.0,0.1548069419466746,2.212136537528144e-06,926
nama,external,aec_segment,seg128_37,128.0,37.0,0.1540666735780096,2.475911262916886e-06,926
nama,external,aec_segment,seg128_38,128.0,38.0,0.1531067730128998,2.863080671724919e-06,926
nama,external,aec_segment,seg128_39,128.0,39.0,0.1528457371855693,2.9780112114540057e-06,926
nama,external,aec_segment,seg128_40,128.0,40.0,0.1522276538059406,3.2680280035806554e-06,926
nama,external,aec_segment,seg128_41,128.0,41.0,0.1506295191191499,4.148632790629705e-06,926
nama,external,aec_segment,seg128_42,128.0,42.0,0.1493992559408511,4.976809108556119e-06,926
nama,external,aec_segment,seg128_43,128.0,43.0,0.1476993740540031,6.3846944780275046e-06,926
nama,external,aec_segment,seg128_44,128.0,44.0,0.1451445933213302,9.236259210902569e-06,926
nama,external,aec_segment,seg128_45,128.0,45.0,0.1412345411227605,1.6059080246133238e-05,926
nama,external,aec_segment,seg128_46,128.0,46.0,0.1352188950440967,3.656777603633831e-05,926
nama,external,aec_segment,seg128_47,128.0,47.0,0.1292806852880443,7.970112861816552e-05,926
nama,external,aec_segment,seg128_48,128.0,48.0,0.1224447117265341,0.0001876758639116,926
nama,external,aec_segment,seg128_49,128.0,49.0,0.1157769840455363,0.0004151807771356,926
nama,external,aec_segment,seg128_50,128.0,50.0,0.1092998843859273,0.0008637439968772,926
nama,external,aec_segment,seg128_51,128.0,51.0,0.1030806296843304,0.0016842810992133,926
nama,external,aec_segment,seg128_52,128.0,52.0,0.0966744240407555,0.0032321263898064,926
nama,external,aec_segment,seg128_53,128.0,53.0,0.0907030127143889,0.0057434025204876,926
nama,external,aec_segment,seg128_54,128.0,54.0,0.0852541515966562,0.0094445847698199,926
nama,external,aec_segment,seg128_55,128.0,55.0,0.0808544793803043,0.0138500582635213,926
nama,external,aec_segment,seg128_56,128.0,56.0,0.0759674387146637,0.0207817060712131,926
nama,external,aec_segment,seg128_57,128.0,57.0,0.072292612490242,0.0278218343351547,926
nama,external,aec_segment,seg128_58,128.0,58.0,0.0698622710368945,0.0335322205758563,926
nama,external,aec_segment,seg128_59,128.0,59.0,0.0693391078241678,0.0348845660094666,926
nama,external,aec_segment,seg128_60,128.0,60.0,0.0696890884003816,0.0339748433333264,926
nama,external,aec_segment,seg128_61,128.0,61.0,0.0708626515831943,0.031070672513406,926
nama,external,aec_segment,seg128_62,128.0,62.0,0.0732672290126267,0.0257789613629172,926
nama,external,aec_segment,seg128_63,128.0,63.0,0.0768885246166664,0.0192816069877666,926
nama,external,aec_segment,seg128_64,128.0,64.0,0.08157878235898,0.0130189888507927,926
nama,external,aec_segment,seg128_65,128.0,65.0,0.0861172899422165,0.008744032936499,926
nama,external,aec_segment,seg128_66,128.0,66.0,0.0908221796504194,0.0056796221089263,926
nama,external,aec_segment,seg128_67,128.0,67.0,0.0964816788497059,0.0032942795007079,926
nama,external,aec_segment,seg128_68,128.0,68.0,0.1035506965962881,0.001603315635546,926
nama,external,aec_segment,seg128_69,128.0,69.0,0.1108366141496501,0.0007284406927895,926
nama,external,aec_segment,seg128_70,128.0,70.0,0.1184174150664451,0.0003046455340527,926
nama,external,aec_segment,seg128_71,128.0,71.0,0.1251362602510721,0.0001346470260938,926
nama,external,aec_segment,seg128_72,128.0,72.0,0.1332944033927943,4.7241193548857534e-05,926
nama,external,aec_segment,seg128_73,128.0,73.0,0.1412959221464198,1.592201386343626e-05,926
nama,external,aec_segment,seg128_74,128.0,74.0,0.1480479726224935,6.068074067964943e-06,926
nama,external,aec_segment,seg128_75,128.0,75.0,0.1533163038672881,2.773913457251182e-06,926
nama,external,aec_segment,seg128_76,128.0,76.0,0.1580494166845349,1.342231507874891e-06,926
nama,external,aec_segment,seg128_77,128.0,77.0,0.1628392656847475,6.298461007498663e-07,926
nama,external,aec_segment,seg128_78,128.0,78.0,0.1668776988836364,3.271008135926482e-07,926
nama,external,aec_segment,seg128_79,128.0,79.0,0.1695430887821305,2.104227206941791e-07,926
nama,external,aec_segment,seg128_80,128.0,80.0,0.1716861903169265,1.4684385853392526e-07,926
nama,external,aec_segment,seg128_81,128.0,81.0,0.174055797571613,9.813551956428965e-08,926
nama,external,aec_segment,seg128_82,128.0,82.0,0.1772211046097676,5.67903342167745e-08,926
nama,external,aec_segment,seg128_83,128.0,83.0,0.1804400006253183,3.2231955135076565e-08,926
nama,external,aec_segment,seg128_84,128.0,84.0,0.1828211772446028,2.1059184401354683e-08,926
nama,external,aec_segment,seg128_85,128.0,85.0,0.1853909751927837,1.3219045703984477e-08,926
nama,external,aec_segment,seg128_86,128.0,86.0,0.187746091007183,8.576988241837158e-09,926
nama,external,aec_segment,seg128_87,128.0,87.0,0.1905657415426624,5.0726346532856966e-09,926
nama,external,aec_segment,seg128_88,128.0,88.0,0.1930247614607868,3.187622335289545e-09,926
nama,external,aec_segment,seg128_89,128.0,89.0,0.1955172588106457,1.978079483392066e-09,926
nama,external,aec_segment,seg128_90,128.0,90.0,0.1988526833158199,1.0343236231771118e-09,926
nama,external,aec_segment,seg128_91,128.0,91.0,0.2021957779157656,5.339239039784095e-10,926
nama,external,aec_segment,seg128_92,128.0,92.0,0.2058986055473385,2.532775985535682e-10,926
nama,external,aec_segment,seg128_93,128.0,93.0,0.2093401702313988,1.250458172673081e-10,926
nama,external,aec_segment,seg128_94,128.0,94.0,0.2119232219726769,7.303151922214274e-11,926
nama,external,aec_segment,seg128_95,128.0,95.0,0.2153010908115467,3.577175815227589e-11,926
nama,external,aec_segment,seg128_96,128.0,96.0,0.2189625973150152,1.6281623940873813e-11,926
nama,external,aec_segment,seg128_97,128.0,97.0,0.2218630657894768,8.64110654992391e-12,926
nama,external,aec_segment,seg128_98,128.0,98.0,0.2238913188112014,5.5193561160428495e-12,926
nama,external,aec_segment,seg128_99,128.0,99.0,0.2258935548841526,3.5306221812922945e-12,926
nama,external,aec_segment,seg128_100,128.0,100.0,0.2274876028062699,2.466330494301289e-12,926
nama,external,aec_segment,seg128_101,128.0,101.0,0.229925544021962,1.4174222463359574e-12,926
nama,external,aec_segment,seg128_102,128.0,102.0,0.2312927771074633,1.0360692027760153e-12,926
nama,external,aec_segment,seg128_103,128.0,103.0,0.2322384868850025,8.331700194004488e-13,926
nama,external,aec_segment,seg128_104,128.0,104.0,0.233268015344792,6.564717387068593e-13,926
nama,external,aec_segment,seg128_105,128.0,105.0,0.2348928115679251,4.4961397403570134e-13,926
nama,external,aec_segment,seg128_106,128.0,106.0,0.2371621972598679,2.6374657044844565e-13,926
nama,external,aec_segment,seg128_107,128.0,107.0,0.239860084913454,1.38883480703764e-13,926
nama,external,aec_segment,seg128_108,128.0,108.0,0.242395780372831,7.546311170839838e-14,926
nama,external,aec_segment,seg128_109,128.0,109.0,0.2440824390241633,5.0100093873118386e-14,926
nama,external,aec_segment,seg128_110,128.0,110.0,0.246037535098484,3.1041397918644384e-14,926
nama,external,aec_segment,seg128_111,128.0,111.0,0.2478427745476194,1.9877635807917263e-14,926
nama,external,aec_segment,seg128_112,128.0,112.0,0.2497105417687049,1.2486672512268191e-14,926
nama,external,aec_segment,seg128_113,128.0,113.0,0.2513804743253476,8.213012317391099e-15,926
nama,external,aec_segment,seg128_114,128.0,114.0,0.2519950914437536,7.033983476957036e-15,926
nama,external,aec_segment,seg128_115,128.0,115.0,0.2510201835215823,8.992290932047593e-15,926
nama,external,aec_segment,seg128_116,128.0,116.0,0.2484769204453743,1.698228911828378e-14,926
nama,external,aec_segment,seg128_117,128.0,117.0,0.2462255203385723,2.9638480029803666e-14,926
nama,external,aec_segment,seg128_118,128.0,118.0,0.2443587939520456,4.683409832319994e-14,926
nama,external,aec_segment,seg128_119,128.0,119.0,0.2391181398768387,1.6580279109241693e-13,926
nama,external,aec_segment,seg128_120,128.0,120.0,0.2334145453665883,6.345159052043161e-13,926
nama,external,aec_segment,seg128_121,128.0,121.0,0.2272191567496544,2.6204200377697597e-12,926
nama,external,aec_segment,seg128_122,128.0,122.0,0.220744744442126,1.1043451971547443e-11,926
nama,external,aec_segment,seg128_123,128.0,123.0,0.2147075678389123,4.058624222179144e-11,926
nama,external,aec_segment,seg128_124,128.0,124.0,0.2087924581123154,1.4002558689292356e-10,926
nama,external,aec_segment,seg128_125,128.0,125.0,0.2049991276973741,3.0397354642195585e-10,926
nama,external,aec_segment,seg128_126,128.0,126.0,0.1997531502992229,8.665482991934738e-10,926
nama,external,aec_segment,seg128_127,128.0,127.0,0.192439825133977,3.562067884678744e-09,926
nama,external,aec_segment,seg128_128,128.0,128.0,0.1844882012544078,1.558024233843055e-08,926
lama,external,aec_segment,seg128_1,128.0,1.0,0.1817106008687367,2.570146643972631e-08,926
lama,external,aec_segment,seg128_2,128.0,2.0,0.1817538221741386,2.5503562134889508e-08,926
lama,external,aec_segment,seg128_3,128.0,3.0,0.1818805421676501,2.493180191299893e-08,926
lama,external,aec_segment,seg128_4,128.0,4.0,0.1819757317896734,2.4510495585002552e-08,926
lama,external,aec_segment,seg128_5,128.0,5.0,0.1831057441909871,2.0007243280695657e-08,926
lama,external,aec_segment,seg128_6,128.0,6.0,0.1843000734830288,1.6121417234468417e-08,926
lama,external,aec_segment,seg128_7,128.0,7.0,0.1847059656589076,1.497579688311779e-08,926
lama,external,aec_segment,seg128_8,128.0,8.0,0.185807658364511,1.2250036056756752e-08,926
lama,external,aec_segment,seg128_9,128.0,9.0,0.1871112088620793,9.643094482460624e-09,926
lama,external,aec_segment,seg128_10,128.0,10.0,0.1882119084567783,7.868480951352695e-09,926
lama,external,aec_segment,seg128_11,128.0,11.0,0.1900677155772957,5.568971023978284e-09,926
lama,external,aec_segment,seg128_12,128.0,12.0,0.1926113398991946,3.4480551994978926e-09,926
lama,external,aec_segment,seg128_13,128.0,13.0,0.1954132199191165,2.0181250872731675e-09,926
lama,external,aec_segment,seg128_14,128.0,14.0,0.197924921937505,1.2401508235095543e-09,926
lama,external,aec_segment,seg128_15,128.0,15.0,0.2017513699528698,5.833654541420081e-10,926
lama,external,aec_segment,seg128_16,128.0,16.0,0.204813831660276,3.155836103127352e-10,926
lama,external,aec_segment,seg128_17,128.0,17.0,0.2083412332634631,1.5366961911591002e-10,926
lama,external,aec_segment,seg128_18,128.0,18.0,0.2112002521750216,8.49540217321626e-11,926
lama,external,aec_segment,seg128_19,128.0,19.0,0.2125948928302748,6.342863150257431e-11,926
lama,external,aec_segment,seg128_20,128.0,20.0,0.2137445382168818,4.977582590984805e-11,926
lama,external,aec_segment,seg128_21,128.0,21.0,0.2163127698605157,2.882026288344823e-11,926
lama,external,aec_segment,seg128_22,128.0,22.0,0.2197096435442661,1.3842129680350876e-11,926
lama,external,aec_segment,seg128_23,128.0,23.0,0.2233464609711754,6.228331762708381e-12,926
lama,external,aec_segment,seg128_24,128.0,24.0,0.2264170282810685,3.139185287380688e-12,926
lama,external,aec_segment,seg128_25,128.0,25.0,0.2296212281054389,1.5194151343880488e-12,926
lama,external,aec_segment,seg128_26,128.0,26.0,0.2339325471187039,5.625174985056498e-13,926
lama,external,aec_segment,seg128_27,128.0,27.0,0.2387148049188831,1.825197416252961e-13,926
lama,external,aec_segment,seg128_28,128.0,28.0,0.2427459099951366,6.932923630945032e-14,926
lama,external,aec_segment,seg128_29,128.0,29.0,0.2455129415039857,3.531040903461024e-14,926
lama,external,aec_segment,seg128_30,128.0,30.0,0.2477268421654742,2.0457043774048727e-14,926
lama,external,aec_segment,seg128_31,128.0,31.0,0.2515300085681744,7.909427212464294e-15,926
lama,external,aec_segment,seg128_32,128.0,32.0,0.254986136034804,3.289163170713763e-15,926
lama,external,aec_segment,seg128_33,128.0,33.0,0.2588320011736582,1.2197595193900648e-15,926
lama,external,aec_segment,seg128_34,128.0,34.0,0.2616541894336961,5.828608093020875e-16,926
lama,external,aec_segment,seg128_35,128.0,35.0,0.2657162094935942,1.9821232883990655e-16,926
lama,external,aec_segment,seg128_36,128.0,36.0,0.2715509016621265,4.074355265157951e-17,926
lama,external,aec_segment,seg128_37,128.0,37.0,0.2761525865597367,1.1383106306488588e-17,926
lama,external,aec_segment,seg128_38,128.0,38.0,0.2793753099193965,4.5931043589556445e-18,926
lama,external,aec_segment,seg128_39,128.0,39.0,0.2808412090150304,3.0275429939011712e-18,926
lama,external,aec_segment,seg128_40,128.0,40.0,0.2823085376096864,1.9898058508217576e-18,926
lama,external,aec_segment,seg128_41,128.0,41.0,0.2843325656096709,1.1106687508278017e-18,926
lama,external,aec_segment,seg128_42,128.0,42.0,0.2858229949289468,7.207519915241184e-19,926
lama,external,aec_segment,seg128_43,128.0,43.0,0.2864992307412646,5.918406053901326e-19,926
lama,external,aec_segment,seg128_44,128.0,44.0,0.2875631517720235,4.33598221625884e-19,926
lama,external,aec_segment,seg128_45,128.0,45.0,0.2890913872475559,2.766873199781282e-19,926
lama,external,aec_segment,seg128_46,128.0,46.0,0.2898742614810469,2.1957446844125284e-19,926
lama,external,aec_segment,seg128_47,128.0,47.0,0.2905763704387565,1.7834674694442814e-19,926
lama,external,aec_segment,seg128_48,128.0,48.0,0.2919312020256233,1.191976721443159e-19,926
lama,external,aec_segment,seg128_49,128.0,49.0,0.2949705555210929,4.7889596325467833e-20,926
lama,external,aec_segment,seg128_50,128.0,50.0,0.2988835112345449,1.4565514230090594e-20,926
lama,external,aec_segment,seg128_51,128.0,51.0,0.3022556193421788,5.145669210668472e-21,926
lama,external,aec_segment,seg128_52,128.0,52.0,0.3054093725142465,1.9204668227865187e-21,926
lama,external,aec_segment,seg128_53,128.0,53.0,0.3100067309628908,4.466866688607525e-22,926
lama,external,aec_segment,seg128_54,128.0,54.0,0.3145738893457654,1.0223086321533238e-22,926
lama,external,aec_segment,seg128_55,128.0,55.0,0.3199781833898258,1.7268006758205614e-23,926
lama,external,aec_segment,seg128_56,128.0,56.0,0.3260628416988667,2.231562783738332e-24,926
lama,external,aec_segment,seg128_57,128.0,57.0,0.3314489829998868,3.507083789968024e-25,926
lama,external,aec_segment,seg128_58,128.0,58.0,0.3371837953838369,4.692975541736412e-26,926
lama,external,aec_segment,seg128_59,128.0,59.0,0.3433374817183807,5.1696879673397545e-27,926
lama,external,aec_segment,seg128_60,128.0,60.0,0.3490908148716121,6.28324931792216e-28,926
lama,external,aec_segment,seg128_61,128.0,61.0,0.3540419151100292,9.88910362043824e-29,926
lama,external,aec_segment,seg128_62,128.0,62.0,0.3599641085188059,1.0368410693962881e-29,926
lama,external,aec_segment,seg128_63,128.0,63.0,0.3669318493549375,6.864399947216786e-31,926
lama,external,aec_segment,seg128_64,128.0,64.0,0.3744931708606733,3.3403971690836767e-32,926
lama,external,aec_segment,seg128_65,128.0,65.0,0.3817628620212603,1.6920837821805505e-33,926
lama,external,aec_segment,seg128_66,128.0,66.0,0.3878835169135931,1.2945318750258202e-34,926
lama,external,aec_segment,seg128_67,128.0,67.0,0.3926492178986537,1.6843113471604534e-35,926
lama,external,aec_segment,seg128_68,128.0,68.0,0.3974082325983019,2.1250205112599504e-36,926
lama,external,aec_segment,seg128_69,128.0,69.0,0.4022333691478346,2.5160530683254865e-37,926
lama,external,aec_segment,seg128_70,128.0,70.0,0.4064631661534754,3.764929456387804e-38,926
lama,external,aec_segment,seg128_71,128.0,71.0,0.4108595348615809,5.0772571455285583e-39,926
lama,external,aec_segment,seg128_72,128.0,72.0,0.4128832110951912,1.9985696622973658e-39,926
lama,external,aec_segment,seg128_73,128.0,73.0,0.4152916707069928,6.53413637681354e-40,926
lama,external,aec_segment,seg128_74,128.0,74.0,0.4182077026527427,1.6673093839567343e-40,926
lama,external,aec_segment,seg128_75,128.0,75.0,0.4216745689074739,3.229646191733128e-41,926
lama,external,aec_segment,seg128_76,128.0,76.0,0.4236012170272632,1.2864114877828546e-41,926
lama,external,aec_segment,seg128_77,128.0,77.0,0.424710474226693,7.5514934404554e-42,926
lama,external,aec_segment,seg128_78,128.0,78.0,0.4260526527066967,3.953222258172796e-42,926
lama,external,aec_segment,seg128_79,128.0,79.0,0.4274833431853346,1.9766685450598105e-42,926
lama,external,aec_segment,seg128_80,128.0,80.0,0.4293335135681202,8.02614934055173e-43,926
lama,external,aec_segment,seg128_81,128.0,81.0,0.4304387338999863,4.672206299094042e-43,926
lama,external,aec_segment,seg128_82,128.0,82.0,0.4310128613172626,3.5246041989840297e-43,926
lama,external,aec_segment,seg128_83,128.0,83.0,0.430413083780629,4.731354207516153e-43,926
lama,external,aec_segment,seg128_84,128.0,84.0,0.4292236559895411,8.4687032942427e-43,926
lama,external,aec_segment,seg128_85,128.0,85.0,0.4288293524944617,1.0266203258446205e-42,926
lama,external,aec_segment,seg128_86,128.0,86.0,0.4281594351868394,1.4229182657247549e-42,926
lama,external,aec_segment,seg128_87,128.0,87.0,0.4259435379959536,4.167250797390528e-42,926
lama,external,aec_segment,seg128_88,128.0,88.0,0.4243474204764854,8.991797700987552e-42,926
lama,external,aec_segment,seg128_89,128.0,89.0,0.4232096167836127,1.5518372462330218e-41,926
lama,external,aec_segment,seg128_90,128.0,90.0,0.4207845066160668,4.931357575376921e-41,926
lama,external,aec_segment,seg128_91,128.0,91.0,0.4192392657469314,1.025121692728303e-40,926
lama,external,aec_segment,seg128_92,128.0,92.0,0.4178974247614356,1.929346893102828e-40,926
lama,external,aec_segment,seg128_93,128.0,93.0,0.4158432856567706,5.051588018946349e-40,926
lama,external,aec_segment,seg128_94,128.0,94.0,0.4139282808334097,1.2317583764005371e-39,926
lama,external,aec_segment,seg128_95,128.0,95.0,0.4116717402565391,3.495035789111217e-39,926
lama,external,aec_segment,seg128_96,128.0,96.0,0.4095442571203461,9.274958734553945e-39,926
lama,external,aec_segment,seg128_97,128.0,97.0,0.407725943052096,2.124015837692496e-38,926
lama,external,aec_segment,seg128_98,128.0,98.0,0.4062600054569323,4.127174634291208e-38,926
lama,external,aec_segment,seg128_99,128.0,99.0,0.4057848878320952,5.115018347578075e-38,926
lama,external,aec_segment,seg128_100,128.0,100.0,0.4043862097556695,9.601173922367e-38,926
lama,external,aec_segment,seg128_101,128.0,101.0,0.4022236987699055,2.5269245200394838e-37,926
lama,external,aec_segment,seg128_102,128.0,102.0,0.39995348130133,6.9257488257152025e-37,926
lama,external,aec_segment,seg128_103,128.0,103.0,0.3984200004627396,1.3624597145443178e-36,926
lama,external,aec_segment,seg128_104,128.0,104.0,0.3967589231146642,2.8242005988367343e-36,926
lama,external,aec_segment,seg128_105,128.0,105.0,0.3927655220542193,1.6018628001928807e-35,926
lama,external,aec_segment,seg128_106,128.0,106.0,0.388640341649293,9.384907300461648e-35,926
lama,external,aec_segment,seg128_107,128.0,107.0,0.3855170265383865,3.519910577935205e-34,926
lama,external,aec_segment,seg128_108,128.0,108.0,0.3839811617434215,6.707693561244679e-34,926
lama,external,aec_segment,seg128_109,128.0,109.0,0.3822827370015849,1.3630857448635519e-33,926
lama,external,aec_segment,seg128_110,128.0,110.0,0.3800809100787982,3.396660436986469e-33,926
lama,external,aec_segment,seg128_111,128.0,111.0,0.3772647456190304,1.0809530486568315e-32,926
lama,external,aec_segment,seg128_112,128.0,112.0,0.3767335329735003,1.3430397880574109e-32,926
lama,external,aec_segment,seg128_113,128.0,113.0,0.3776842220569793,9.104006760178479e-33,926
lama,external,aec_segment,seg128_114,128.0,114.0,0.3764381023026431,1.5151220251628314e-32,926
lama,external,aec_segment,seg128_115,128.0,115.0,0.376223623158175,1.6535813930506487e-32,926
lama,external,aec_segment,seg128_116,128.0,116.0,0.3761940545228582,1.673628574730474e-32,926
lama,external,aec_segment,seg128_117,128.0,117.0,0.3763108079414757,1.5958466007237087e-32,926
lama,external,aec_segment,seg128_118,128.0,118.0,0.3770605398237464,1.1750893906347012e-32,926
lama,external,aec_segment,seg128_119,128.0,119.0,0.3781910578705622,7.395743777118035e-33,926
lama,external,aec_segment,seg128_120,128.0,120.0,0.3806112958319978,2.7277964714142963e-33,926
lama,external,aec_segment,seg128_121,128.0,121.0,0.3839592116215772,6.769626193782614e-34,926
lama,external,aec_segment,seg128_122,128.0,122.0,0.3877946650000405,1.3442736637688066e-34,926
lama,external,aec_segment,seg128_123,128.0,123.0,0.3932508632091687,1.2988867136380748e-35,926
lama,external,aec_segment,seg128_124,128.0,124.0,0.3957263072693604,4.433912540578385e-36,926
lama,external,aec_segment,seg128_125,128.0,125.0,0.3976932731924766,1.875196159284384e-36,926
lama,external,aec_segment,seg128_126,128.0,126.0,0.4006699842949501,5.04238397400579e-37,926
lama,external,aec_segment,seg128_127,128.0,127.0,0.403584410528553,1.3756556574151454e-37,926
lama,external,aec_segment,seg128_128,128.0,128.0,0.4046311889786788,8.600401883992748e-38,926
tama,external,aec_segment,seg128_1,128.0,1.0,0.2848552442435433,9.546719653325201e-19,926
tama,external,aec_segment,seg128_2,128.0,2.0,0.2832443697619089,1.5205024208133237e-18,926
tama,external,aec_segment,seg128_3,128.0,3.0,0.2825444312703525,1.859537841846214e-18,926
tama,external,aec_segment,seg128_4,128.0,4.0,0.2819403907104277,2.211293051336825e-18,926
tama,external,aec_segment,seg128_5,128.0,5.0,0.2822328405683323,2.033484466535615e-18,926
tama,external,aec_segment,seg128_6,128.0,6.0,0.2829990736705394,1.6317413800543162e-18,926
tama,external,aec_segment,seg128_7,128.0,7.0,0.283102324293935,1.5839730680883105e-18,926
tama,external,aec_segment,seg128_8,128.0,8.0,0.2830465992434583,1.6095800783009869e-18,926
tama,external,aec_segment,seg128_9,128.0,9.0,0.2817139982021547,2.3593854951637223e-18,926
tama,external,aec_segment,seg128_10,128.0,10.0,0.2806816540910866,3.1684400358279077e-18,926
tama,external,aec_segment,seg128_11,128.0,11.0,0.2801417461578138,3.69486395600059e-18,926
tama,external,aec_segment,seg128_12,128.0,12.0,0.279998277837384,3.848680006175422e-18,926
tama,external,aec_segment,seg128_13,128.0,13.0,0.2806051299905473,3.238289744404821e-18,926
tama,external,aec_segment,seg128_14,128.0,14.0,0.2810638142527411,2.8412348373469357e-18,926
tama,external,aec_segment,seg128_15,128.0,15.0,0.2833404512139998,1.4789985642863318e-18,926
tama,external,aec_segment,seg128_16,128.0,16.0,0.2849001093711002,9.423355995514193e-19,926
tama,external,aec_segment,seg128_17,128.0,17.0,0.2860254166061589,6.795052490494026e-19,926
tama,external,aec_segment,seg128_18,128.0,18.0,0.2867605924188522,5.483597596471529e-19,926
tama,external,aec_segment,seg128_19,128.0,19.0,0.287313299337713,4.665203125364187e-19,926
tama,external,aec_segment,seg128_20,128.0,20.0,0.287312113178353,4.66682343394456e-19,926
tama,external,aec_segment,seg128_21,128.0,21.0,0.2876797337509896,4.1903131921564884e-19,926
tama,external,aec_segment,seg128_22,128.0,22.0,0.2883182131732581,3.4741137437927645e-19,926
tama,external,aec_segment,seg128_23,128.0,23.0,0.2881721787508522,3.6264441124125043e-19,926
tama,external,aec_segment,seg128_24,128.0,24.0,0.2872193475818282,4.795276503724054e-19,926
tama,external,aec_segment,seg128_25,128.0,25.0,0.2869484976164677,5.190613680535972e-19,926
tama,external,aec_segment,seg128_26,128.0,26.0,0.2874340366417187,4.503144376867453e-19,926
tama,external,aec_segment,seg128_27,128.0,27.0,0.287800849022757,4.044091930458985e-19,926
tama,external,aec_segment,seg128_28,128.0,28.0,0.2881234920875795,3.6786796321328794e-19,926
tama,external,aec_segment,seg128_29,128.0,29.0,0.2882407772690686,3.554084802724958e-19,926
tama,external,aec_segment,seg128_30,128.0,30.0,0.289552795243873,2.414624001959014e-19,926
tama,external,aec_segment,seg128_31,128.0,31.0,0.2918048453519904,1.2377378576651387e-19,926
tama,external,aec_segment,seg128_32,128.0,32.0,0.2940827068993836,6.257799543274809e-20,926
tama,external,aec_segment,seg128_33,128.0,33.0,0.2965789763781736,2.9425760429223754e-20,926
tama,external,aec_segment,seg128_34,128.0,34.0,0.298765367389067,1.5102536101358214e-20,926
tama,external,aec_segment,seg128_35,128.0,35.0,0.3007192247158133,8.28071667725234e-21,926
tama,external,aec_segment,seg128_36,128.0,36.0,0.3029371934505604,4.162758581267025e-21,926
tama,external,aec_segment,seg128_37,128.0,37.0,0.3047281385303753,2.378538361495665e-21,926
tama,external,aec_segment,seg128_38,128.0,38.0,0.3056548383419773,1.7777521115406685e-21,926
tama,external,aec_segment,seg128_39,128.0,39.0,0.3063317685997401,1.4362282053470097e-21,926
tama,external,aec_segment,seg128_40,128.0,40.0,0.3066731557319428,1.2894589256103846e-21,926
tama,external,aec_segment,seg128_41,128.0,41.0,0.3063920577885282,1.409159719172858e-21,926
tama,external,aec_segment,seg128_42,128.0,42.0,0.3061792725349235,1.5070093492354646e-21,926
tama,external,aec_segment,seg128_43,128.0,43.0,0.3050848540888325,2.12663841551902e-21,926
tama,external,aec_segment,seg128_44,128.0,44.0,0.3034519778089269,3.5455760910191115e-21,926
tama,external,aec_segment,seg128_45,128.0,45.0,0.3009297032338831,7.759512383475224e-21,926
tama,external,aec_segment,seg128_46,128.0,46.0,0.2960604961361099,3.443948323246117e-20,926
tama,external,aec_segment,seg128_47,128.0,47.0,0.2911740431546141,1.493423758573812e-19,926
tama,external,aec_segment,seg128_48,128.0,48.0,0.2857907381019414,7.27549069047547e-19,926
tama,external,aec_segment,seg128_49,128.0,49.0,0.2814714998021832,2.528864507872063e-18,926
tama,external,aec_segment,seg128_50,128.0,50.0,0.2778238374492337,7.120493614769901e-18,926
tama,external,aec_segment,seg128_51,128.0,51.0,0.2740932286883335,2.0202445961153665e-17,926
tama,external,aec_segment,seg128_52,128.0,52.0,0.2699617892436688,6.292966990507801e-17,926
tama,external,aec_segment,seg128_53,128.0,53.0,0.2670417460613644,1.3884046849243496e-16,926
tama,external,aec_segment,seg128_54,128.0,54.0,0.264656354490262,2.631077693058264e-16,926
tama,external,aec_segment,seg128_55,128.0,55.0,0.263593868601924,3.4905078303416023e-16,926
tama,external,aec_segment,seg128_56,128.0,56.0,0.2624044043915128,4.782532882273597e-16,926
tama,external,aec_segment,seg128_57,128.0,57.0,0.2619311407746672,5.41855216956081e-16,926
tama,external,aec_segment,seg128_58,128.0,58.0,0.2628865228393474,4.2102269428604192e-16,926
tama,external,aec_segment,seg128_59,128.0,59.0,0.2657763523884026,1.9504469456411047e-16,926
tama,external,aec_segment,seg128_60,128.0,60.0,0.2692485927957606,7.64153753690038e-17,926
tama,external,aec_segment,seg128_61,128.0,61.0,0.2730848632563877,2.670697243635079e-17,926
tama,external,aec_segment,seg128_62,128.0,62.0,0.2784335826126385,5.9954780763368304e-18,926
tama,external,aec_segment,seg128_63,128.0,63.0,0.2853122526303316,8.361194905681996e-19,926
tama,external,aec_segment,seg128_64,128.0,64.0,0.2934957695112634,7.464520041513237e-20,926
tama,external,aec_segment,seg128_65,128.0,65.0,0.3013695491758123,6.7726501954838864e-21,926
tama,external,aec_segment,seg128_66,128.0,66.0,0.3087980169408371,6.570885986580341e-22,926
tama,external,aec_segment,seg128_67,128.0,67.0,0.316441906139881,5.551480737288735e-23,926
tama,external,aec_segment,seg128_68,128.0,68.0,0.3253425918530098,2.850094490269864e-24,926
tama,external,aec_segment,seg128_69,128.0,69.0,0.334434423675677,1.2374414966467454e-25,926
tama,external,aec_segment,seg128_70,128.0,70.0,0.3434938115320695,4.884792142836824e-27,926
tama,external,aec_segment,seg128_71,128.0,71.0,0.3518547563482507,2.247297561146983e-28,926
tama,external,aec_segment,seg128_72,128.0,72.0,0.3602659894533875,9.230576560193113e-30,926
tama,external,aec_segment,seg128_73,128.0,73.0,0.3686402444718946,3.491694069112081e-31,926
tama,external,aec_segment,seg128_74,128.0,74.0,0.3760688152546864,1.7612452322524888e-32,926
tama,external,aec_segment,seg128_75,128.0,75.0,0.3823860855099847,1.3056788704336385e-33,926
tama,external,aec_segment,seg128_76,128.0,76.0,0.387439142068246,1.5629979744089807e-34,926
tama,external,aec_segment,seg128_77,128.0,77.0,0.3920729981789086,2.1591638215731917e-35,926
tama,external,aec_segment,seg128_78,128.0,78.0,0.396244187270979,3.5369574052193555e-36,926
tama,external,aec_segment,seg128_79,128.0,79.0,0.3992456687937487,9.468792828400751e-37,926
tama,external,aec_segment,seg128_80,128.0,80.0,0.4019512006151509,2.8531894421869724e-37,926
tama,external,aec_segment,seg128_81,128.0,81.0,0.4044494382607604,9.332320768937578e-38,926
tama,external,aec_segment,seg128_82,128.0,82.0,0.4073297767302047,2.542522404625621e-38,926
tama,external,aec_segment,seg128_83,128.0,83.0,0.409660086944888,8.7965786549115e-39,926
tama,external,aec_segment,seg128_84,128.0,84.0,0.4109521326280932,4.865889101438161e-39,926
tama,external,aec_segment,seg128_85,128.0,85.0,0.4127777814299665,2.098374322894224e-39,926
tama,external,aec_segment,seg128_86,128.0,86.0,0.4142700551989147,1.0510497328522857e-39,926
tama,external,aec_segment,seg128_87,128.0,87.0,0.4154260525223914,6.137350030013572e-40,926
tama,external,aec_segment,seg128_88,128.0,88.0,0.4165645423710262,3.605641112416745e-40,926
tama,external,aec_segment,seg128_89,128.0,89.0,0.4179325714391554,1.8977224519481604e-40,926
tama,external,aec_segment,seg128_90,128.0,90.0,0.4194521424200778,9.27025103141661e-41,926
tama,external,aec_segment,seg128_91,128.0,91.0,0.421554636290146,3.419440312112695e-41,926
tama,external,aec_segment,seg128_92,128.0,92.0,0.4240598582386889,1.0323577518046178e-41,926
tama,external,aec_segment,seg128_93,128.0,93.0,0.425903817068454,4.2479875904511707e-42,926
tama,external,aec_segment,seg128_94,128.0,94.0,0.4270297434337378,2.4633604069877268e-42,926
tama,external,aec_segment,seg128_95,128.0,95.0,0.428728698778874,1.07827834426266e-42,926
tama,external,aec_segment,seg128_96,128.0,96.0,0.4307595342166724,3.991647069742706e-43,926
tama,external,aec_segment,seg128_97,128.0,97.0,0.4322743120557939,1.8937527290539807e-43,926
tama,external,aec_segment,seg128_98,128.0,98.0,0.4331543814614806,1.2258179408618197e-43,926
tama,external,aec_segment,seg128_99,128.0,99.0,0.4345233350315384,6.215646170028062e-44,926
tama,external,aec_segment,seg128_100,128.0,100.0,0.435068737656833,4.738084667947952e-44,926
tama,external,aec_segment,seg128_101,128.0,101.0,0.4360250820577533,2.940209351545744e-44,926
tama,external,aec_segment,seg128_102,128.0,102.0,0.435943016237262,3.063279487929234e-44,926
tama,external,aec_segment,seg128_103,128.0,103.0,0.4358499960817751,3.208973889539996e-44,926
tama,external,aec_segment,seg128_104,128.0,104.0,0.4358146736171827,3.266083669018088e-44,926
tama,external,aec_segment,seg128_105,128.0,105.0,0.4352210770851213,4.3917506565938833e-44,926
tama,external,aec_segment,seg128_106,128.0,106.0,0.4351413029214948,4.569853927484538e-44,926
tama,external,aec_segment,seg128_107,128.0,107.0,0.4359473258603434,3.056691095129099e-44,926
tama,external,aec_segment,seg128_108,128.0,108.0,0.4374264188578982,1.4572405751894502e-44,926
tama,external,aec_segment,seg128_109,128.0,109.0,0.4381504816862149,1.0126469325117162e-44,926
tama,external,aec_segment,seg128_110,128.0,110.0,0.4389359906501539,6.816119480825325e-45,926
tama,external,aec_segment,seg128_111,128.0,111.0,0.4393032260365969,5.662485716700953e-45,926
tama,external,aec_segment,seg128_112,128.0,112.0,0.4408126684452967,2.6361266841268336e-45,926
tama,external,aec_segment,seg128_113,128.0,113.0,0.4428505445196272,9.332984925728395e-46,926
tama,external,aec_segment,seg128_114,128.0,114.0,0.4429071939440538,9.06653208238919e-46,926
tama,external,aec_segment,seg128_115,128.0,115.0,0.4421183635888374,1.3564138699105717e-45,926
tama,external,aec_segment,seg128_116,128.0,116.0,0.4398592912361408,4.2744562847942154e-45,926
tama,external,aec_segment,seg128_117,128.0,117.0,0.4379784701801094,1.1041936808170533e-44,926
tama,external,aec_segment,seg128_118,128.0,118.0,0.436704364726701,2.0930778962676024e-44,926
tama,external,aec_segment,seg128_119,128.0,119.0,0.4325822409716079,1.6266458729339938e-43,926
tama,external,aec_segment,seg128_120,128.0,120.0,0.4287037110960997,1.091497626940527e-42,926
tama,external,aec_segment,seg128_121,128.0,121.0,0.4247173121004821,7.526690555444283e-42,926
tama,external,aec_segment,seg128_122,128.0,122.0,0.4206812290305748,5.179158749928562e-41,926
tama,external,aec_segment,seg128_123,128.0,123.0,0.4180132060625637,1.8271001073826043e-40,926
tama,external,aec_segment,seg128_124,128.0,124.0,0.4137591206919193,1.3322907079288014e-39,926
tama,external,aec_segment,seg128_125,128.0,125.0,0.4108830250152918,5.0227900063547044e-39,926
tama,external,aec_segment,seg128_126,128.0,126.0,0.4072662740581019,2.616827018508735e-38,926
tama,external,aec_segment,seg128_127,128.0,127.0,0.4019944663418259,2.7987260316691403e-37,926
tama,external,aec_segment,seg128_128,128.0,128.0,0.3950919999787565,5.844861580638902e-36,926
sat,external,aec_segment,seg128_1,128.0,1.0,0.3759357689888408,1.8593081799231448e-32,926
sat,external,aec_segment,seg128_2,128.0,2.0,0.3782037548882624,7.357307160513912e-33,926
sat,external,aec_segment,seg128_3,128.0,3.0,0.3804153295377859,2.9581600490006825e-33,926
sat,external,aec_segment,seg128_4,128.0,4.0,0.3827401913799284,1.1265705297731861e-33,926
sat,external,aec_segment,seg128_5,128.0,5.0,0.3843279794097902,5.8005146804199955e-34,926
sat,external,aec_segment,seg128_6,128.0,6.0,0.3857526111241373,3.187457506425593e-34,926
sat,external,aec_segment,seg128_7,128.0,7.0,0.3862249636022477,2.6118461550149122e-34,926
sat,external,aec_segment,seg128_8,128.0,8.0,0.3869865461892768,1.893167815469846e-34,926
sat,external,aec_segment,seg128_9,128.0,9.0,0.3879103753025163,1.2798583275624007e-34,926
sat,external,aec_segment,seg128_10,128.0,10.0,0.3889371089390629,8.270992828210021e-35,926
sat,external,aec_segment,seg128_11,128.0,11.0,0.3902083660440271,4.806897871977916e-35,926
sat,external,aec_segment,seg128_12,128.0,12.0,0.3919162556415644,2.3098799867251324e-35,926
sat,external,aec_segment,seg128_13,128.0,13.0,0.3947187320350749,6.874806471498945e-36,926
sat,external,aec_segment,seg128_14,128.0,14.0,0.3972882852664757,2.2397732348665805e-36,926
sat,external,aec_segment,seg128_15,128.0,15.0,0.4009561693407869,4.441086458201791e-37,926
sat,external,aec_segment,seg128_16,128.0,16.0,0.4035089566522153,1.4229371125010651e-37,926
sat,external,aec_segment,seg128_17,128.0,17.0,0.4056368757084092,5.468258084601496e-38,926
sat,external,aec_segment,seg128_18,128.0,18.0,0.4076611683855057,2.187437925381689e-38,926
sat,external,aec_segment,seg128_19,128.0,19.0,0.40805722065395,1.827103623260861e-38,926
sat,external,aec_segment,seg128_20,128.0,20.0,0.40734280779546,2.5275356715476874e-38,926
sat,external,aec_segment,seg128_21,128.0,21.0,0.4064968646296403,3.707973182217994e-38,926
sat,external,aec_segment,seg128_22,128.0,22.0,0.4057237370431485,5.25812591979043e-38,926
sat,external,aec_segment,seg128_23,128.0,23.0,0.4057688520208152,5.152167722651924e-38,926
sat,external,aec_segment,seg128_24,128.0,24.0,0.4054045400500967,6.072169349578956e-38,926
sat,external,aec_segment,seg128_25,128.0,25.0,0.4049541147856274,7.437749520988723e-38,926
sat,external,aec_segment,seg128_26,128.0,26.0,0.4055960511820485,5.569877919234712e-38,926
sat,external,aec_segment,seg128_27,128.0,27.0,0.4068303841305168,3.188407475159364e-38,926
sat,external,aec_segment,seg128_28,128.0,28.0,0.407611559069247,2.2372791699694954e-38,926
sat,external,aec_segment,seg128_29,128.0,29.0,0.4093328861650411,1.021543159324103e-38,926
sat,external,aec_segment,seg128_30,128.0,30.0,0.4107703891755822,5.289348442932627e-39,926
sat,external,aec_segment,seg128_31,128.0,31.0,0.4122787748213792,2.642102907650045e-39,926
sat,external,aec_segment,seg128_32,128.0,32.0,0.4126430845122155,2.233112853122736e-39,926
sat,external,aec_segment,seg128_33,128.0,33.0,0.4139603443244284,1.2135700813512328e-39,926
sat,external,aec_segment,seg128_34,128.0,34.0,0.4155452132751526,5.8055710284000725e-40,926
sat,external,aec_segment,seg128_35,128.0,35.0,0.4179641310041953,1.8697644690321627e-40,926
sat,external,aec_segment,seg128_36,128.0,36.0,0.4212757808973951,3.9046218424811744e-41,926
sat,external,aec_segment,seg128_37,128.0,37.0,0.424016657831887,1.0539901362860702e-41,926
sat,external,aec_segment,seg128_38,128.0,38.0,0.4265197142800594,3.1538459653073156e-42,926
sat,external,aec_segment,seg128_39,128.0,39.0,0.4293250273298353,8.059501125838405e-43,926
sat,external,aec_segment,seg128_40,128.0,40.0,0.4320577092947683,2.1073144772849614e-43,926
sat,external,aec_segment,seg128_41,128.0,41.0,0.4353768447595872,4.063622032890577e-44,926
sat,external,aec_segment,seg128_42,128.0,42.0,0.4372292377925267,1.6088384916552258e-44,926
sat,external,aec_segment,seg128_43,128.0,43.0,0.4377507675327965,1.238136787438169e-44,926
sat,external,aec_segment,seg128_44,128.0,44.0,0.4375468959952292,1.3716897946281501e-44,926
sat,external,aec_segment,seg128_45,128.0,45.0,0.4384708764543562,8.617656020047422e-45,926
sat,external,aec_segment,seg128_46,128.0,46.0,0.4400027540170851,3.974989058598921e-45,926
sat,external,aec_segment,seg128_47,128.0,47.0,0.4404024202659296,3.246210139962546e-45,926
sat,external,aec_segment,seg128_48,128.0,48.0,0.4410260226023012,2.3653662657027947e-45,926
sat,external,aec_segment,seg128_49,128.0,49.0,0.4430179918562461,8.567043188498736e-46,926
sat,external,aec_segment,seg128_50,128.0,50.0,0.4452976341934805,2.6574026477427704e-46,926
sat,external,aec_segment,seg128_51,128.0,51.0,0.4477570514180462,7.441226986587077e-47,926
sat,external,aec_segment,seg128_52,128.0,52.0,0.4496877855949916,2.7194586630687243e-47,926
sat,external,aec_segment,seg128_53,128.0,53.0,0.4521880816839304,7.314232728812838e-48,926
sat,external,aec_segment,seg128_54,128.0,54.0,0.4549576037104543,1.6861071764949683e-48,926
sat,external,aec_segment,seg128_55,128.0,55.0,0.4579021285951271,3.490350014440325e-49,926
sat,external,aec_segment,seg128_56,128.0,56.0,0.4605423164546267,8.391461600406528e-50,926
sat,external,aec_segment,seg128_57,128.0,57.0,0.4619391124449827,3.927691223533807e-50,926
sat,external,aec_segment,seg128_58,128.0,58.0,0.4644701207857369,9.83582450958519e-51,926
sat,external,aec_segment,seg128_59,128.0,59.0,0.4664967865703823,3.2185150976685366e-51,926
sat,external,aec_segment,seg128_60,128.0,60.0,0.4676809205564487,1.66985259801404e-51,926
sat,external,aec_segment,seg128_61,128.0,61.0,0.4690327343915321,7.870024213778971e-52,926
sat,external,aec_segment,seg128_62,128.0,62.0,0.4690796035792761,7.66694939460894e-52,926
sat,external,aec_segment,seg128_63,128.0,63.0,0.4678885800956658,1.487944564336439e-51,926
sat,external,aec_segment,seg128_64,128.0,64.0,0.4659551820703643,4.341376039657159e-51,926
sat,external,aec_segment,seg128_65,128.0,65.0,0.4631864527900242,1.988018370932266e-50,926
sat,external,aec_segment,seg128_66,128.0,66.0,0.4606042580045856,8.114266414106242e-50,926
sat,external,aec_segment,seg128_67,128.0,67.0,0.457745787405811,3.796257051292039e-49,926
sat,external,aec_segment,seg128_68,128.0,68.0,0.4554822443438703,1.2749699880467286e-48,926
sat,external,aec_segment,seg128_69,128.0,69.0,0.4534566301620719,3.7410740315630007e-48,926
sat,external,aec_segment,seg128_70,128.0,70.0,0.4508451562571169,1.4827830851577646e-47,926
sat,external,aec_segment,seg128_71,128.0,71.0,0.4485939450516187,4.81390774470446e-47,926
sat,external,aec_segment,seg128_72,128.0,72.0,0.4453061644237696,2.6457439263801853e-46,926
sat,external,aec_segment,seg128_73,128.0,73.0,0.4421052349389376,1.3655263058213218e-45,926
sat,external,aec_segment,seg128_74,128.0,74.0,0.4393169063063274,5.623481885448927e-45,926
sat,external,aec_segment,seg128_75,128.0,75.0,0.4363339317873482,2.5194962237508043e-44,926
sat,external,aec_segment,seg128_76,128.0,76.0,0.4336394147714376,9.64007970349353e-44,926
sat,external,aec_segment,seg128_77,128.0,77.0,0.4308833362273315,3.756188907951885e-43,926
sat,external,aec_segment,seg128_78,128.0,78.0,0.4284917244390842,1.210318469989758e-42,926
sat,external,aec_segment,seg128_79,128.0,79.0,0.4259244651957469,4.205826208103979e-42,926
sat,external,aec_segment,seg128_80,128.0,80.0,0.4232507325484271,1.5215902913889784e-41,926
sat,external,aec_segment,seg128_81,128.0,81.0,0.4199093738487672,7.46720330477847e-41,926
sat,external,aec_segment,seg128_82,128.0,82.0,0.4153545987329989,6.3452561348871925e-40,926
sat,external,aec_segment,seg128_83,128.0,83.0,0.4101008875274721,7.189677273321172e-39,926
sat,external,aec_segment,seg128_84,128.0,84.0,0.404931401383115,7.514159920398601e-38,926
sat,external,aec_segment,seg128_85,128.0,85.0,0.4001547801100719,6.335454633832075e-37,926
sat,external,aec_segment,seg128_86,128.0,86.0,0.3947111580138551,6.897469461101363e-36,926
sat,external,aec_segment,seg128_87,128.0,87.0,0.3880307046170927,1.2161181280728332e-34,926
sat,external,aec_segment,seg128_88,128.0,88.0,0.3816307742448628,1.787525539372654e-33,926
sat,external,aec_segment,seg128_89,128.0,89.0,0.3757593732249858,1.997713345768992e-32,926
sat,external,aec_segment,seg128_90,128.0,90.0,0.3691362600798747,2.867281476390556e-31,926
sat,external,aec_segment,seg128_91,128.0,91.0,0.3636827319030333,2.4550296313826347e-30,926
sat,external,aec_segment,seg128_92,128.0,92.0,0.358426935728958,1.8703906045790626e-29,926
sat,external,aec_segment,seg128_93,128.0,93.0,0.3526215058308922,1.686554258503496e-28,926
sat,external,aec_segment,seg128_94,128.0,94.0,0.3475746295243531,1.0996230808716825e-27,926
sat,external,aec_segment,seg128_95,128.0,95.0,0.3431243734102672,5.584718476978658e-27,926
sat,external,aec_segment,seg128_96,128.0,96.0,0.3386852500171021,2.7522799554984403e-26,926
sat,external,aec_segment,seg128_97,128.0,97.0,0.3350051853167265,1.0126529935101026e-25,926
sat,external,aec_segment,seg128_98,128.0,98.0,0.3311843549375268,3.8442178645737006e-25,926
sat,external,aec_segment,seg128_99,128.0,99.0,0.3286409010950813,9.245869291800836e-25,926
sat,external,aec_segment,seg128_100,128.0,100.0,0.3263040717891742,2.0556975760045432e-24,926
sat,external,aec_segment,seg128_101,128.0,101.0,0.3231064629764594,6.066100569922706e-24,926
sat,external,aec_segment,seg128_102,128.0,102.0,0.3204080228625021,1.496689729340523e-23,926
sat,external,aec_segment,seg128_103,128.0,103.0,0.3185168384665373,2.8031687461228416e-23,926
sat,external,aec_segment,seg128_104,128.0,104.0,0.3173784575331617,4.080853951671193e-23,926
sat,external,aec_segment,seg128_105,128.0,105.0,0.3152574610953201,8.180213108523185e-23,926
sat,external,aec_segment,seg128_106,128.0,106.0,0.3133009924916905,1.5459566007485477e-22,926
sat,external,aec_segment,seg128_107,128.0,107.0,0.3115390651549066,2.7313754352051664e-22,926
sat,external,aec_segment,seg128_108,128.0,108.0,0.3102298169612026,4.1589225049233184e-22,926
sat,external,aec_segment,seg128_109,128.0,109.0,0.310820290890888,3.441451136275334e-22,926
sat,external,aec_segment,seg128_110,128.0,110.0,0.31160550734849,2.6735623290508227e-22,926
sat,external,aec_segment,seg128_111,128.0,111.0,0.312478995400778,2.0170848299284841e-22,926
sat,external,aec_segment,seg128_112,128.0,112.0,0.3130712763632528,1.6654020771821862e-22,926
sat,external,aec_segment,seg128_113,128.0,113.0,0.3136060199250187,1.4003451665505028e-22,926
sat,external,aec_segment,seg128_114,128.0,114.0,0.3135321033300381,1.434335086111311e-22,926
sat,external,aec_segment,seg128_115,128.0,115.0,0.3165857320778575,5.295584694147827e-23,926
sat,external,aec_segment,seg128_116,128.0,116.0,0.3186256205863898,2.7041241124169417e-23,926
sat,external,aec_segment,seg128_117,128.0,117.0,0.319652705709482,1.9240027700399636e-23,926
sat,external,aec_segment,seg128_118,128.0,118.0,0.3205160495096912,1.4437979715804992e-23,926
sat,external,aec_segment,seg128_119,128.0,119.0,0.3223522236621324,7.815210028778275e-24,926
sat,external,aec_segment,seg128_120,128.0,120.0,0.3247647753778439,3.4664994200835824e-24,926
sat,external,aec_segment,seg128_121,128.0,121.0,0.3275894522201307,1.3257407900598163e-24,926
sat,external,aec_segment,seg128_122,128.0,122.0,0.3307488837840817,4.470123074387315e-25,926
sat,external,aec_segment,seg128_123,128.0,123.0,0.3369102687668553,5.170480382530538e-26,926
sat,external,aec_segment,seg128_124,128.0,124.0,0.3412822738427306,1.0859517061547755e-26,926
sat,external,aec_segment,seg128_125,128.0,125.0,0.3458409377179657,2.077507190172882e-27,926
sat,external,aec_segment,seg128_126,128.0,126.0,0.3527376530742439,1.614681208257127e-28,926
sat,external,aec_segment,seg128_127,128.0,127.0,0.3597445552492549,1.1282202314490025e-29,926
sat,external,aec_segment,seg128_128,128.0,128.0,0.3664825556884041,8.194351173783341e-31,926
vat,external,aec_segment,seg128_1,128.0,1.0,0.181500192086046,2.6686346389092452e-08,926
vat,external,aec_segment,seg128_2,128.0,2.0,0.1820026937570147,2.4392421871026905e-08,926
vat,external,aec_segment,seg128_3,128.0,3.0,0.1822281240979777,2.3426536196721767e-08,926
vat,external,aec_segment,seg128_4,128.0,4.0,0.1829471632533351,2.0587008961426544e-08,926
vat,external,aec_segment,seg128_5,128.0,5.0,0.1847492229380984,1.4858465633050393e-08,926
vat,external,aec_segment,seg128_6,128.0,6.0,0.1867613576100322,1.0284416719233885e-08,926
vat,external,aec_segment,seg128_7,128.0,7.0,0.1882608860672966,7.797375003447221e-09,926
vat,external,aec_segment,seg128_8,128.0,8.0,0.1899683576689608,5.673487779665302e-09,926
vat,external,aec_segment,seg128_9,128.0,9.0,0.1914794651224855,4.271401836283221e-09,926
vat,external,aec_segment,seg128_10,128.0,10.0,0.1932816189599817,3.035556214205486e-09,926
vat,external,aec_segment,seg128_11,128.0,11.0,0.1956494344019839,1.9283172196698993e-09,926
vat,external,aec_segment,seg128_12,128.0,12.0,0.1976967564454849,1.2965820507296683e-09,926
vat,external,aec_segment,seg128_13,128.0,13.0,0.2003338484451171,7.727408972261322e-10,926
vat,external,aec_segment,seg128_14,128.0,14.0,0.2037789820645764,3.8881802157360687e-10,926
vat,external,aec_segment,seg128_15,128.0,15.0,0.2088704577432377,1.377900507842707e-10,926
vat,external,aec_segment,seg128_16,128.0,16.0,0.2130031400302387,5.8206667215800985e-11,926
vat,external,aec_segment,seg128_17,128.0,17.0,0.2163653966628233,2.849729353425988e-11,926
vat,external,aec_segment,seg128_18,128.0,18.0,0.2194043814657084,1.4792434164111962e-11,926
vat,external,aec_segment,seg128_19,128.0,19.0,0.2214517419069026,9.458453857889668e-12,926
vat,external,aec_segment,seg128_20,128.0,20.0,0.2233988824399553,6.156419091281548e-12,926
vat,external,aec_segment,seg128_21,128.0,21.0,0.2261145626430134,3.359852687676044e-12,926
vat,external,aec_segment,seg128_22,128.0,22.0,0.2289280923701928,1.7793051692072021e-12,926
vat,external,aec_segment,seg128_23,128.0,23.0,0.2322207302320506,8.365939334665192e-13,926
vat,external,aec_segment,seg128_24,128.0,24.0,0.2352381238601949,4.147120549891571e-13,926
vat,external,aec_segment,seg128_25,128.0,25.0,0.2386571215850911,1.850418382658213e-13,926
vat,external,aec_segment,seg128_26,128.0,26.0,0.2424687838735977,7.414173158010325e-14,926
vat,external,aec_segment,seg128_27,128.0,27.0,0.2462575005406696,2.9406092511315475e-14,926
vat,external,aec_segment,seg128_28,128.0,28.0,0.2502417655874375,1.0932341440404422e-14,926
vat,external,aec_segment,seg128_29,128.0,29.0,0.2544564832077107,3.765791625965071e-15,926
vat,external,aec_segment,seg128_30,128.0,30.0,0.2588691276032884,1.2080374190602672e-15,926
vat,external,aec_segment,seg128_31,128.0,31.0,0.2645955188940681,2.674097847540715e-16,926
vat,external,aec_segment,seg128_32,128.0,32.0,0.2699566547328761,6.301782885624843e-17,926
vat,external,aec_segment,seg128_33,128.0,33.0,0.2763521037489713,1.076490641742804e-17,926
vat,external,aec_segment,seg128_34,128.0,34.0,0.2825170222284201,1.8742312901177746e-18,926
vat,external,aec_segment,seg128_35,128.0,35.0,0.2886199340519275,3.1790966143231503e-19,926
vat,external,aec_segment,seg128_36,128.0,36.0,0.2949123075733583,4.8738908997839475e-20,926
vat,external,aec_segment,seg128_37,128.0,37.0,0.2999170841327701,1.0603611397320455e-20,926
vat,external,aec_segment,seg128_38,128.0,38.0,0.3043038734678239,2.7167231053604257e-21,926
vat,external,aec_segment,seg128_39,128.0,39.0,0.3083434937859761,7.593716386413952e-22,926
vat,external,aec_segment,seg128_40,128.0,40.0,0.3112496997224987,2.9979049236410013e-22,926
vat,external,aec_segment,seg128_41,128.0,41.0,0.3133117544344686,1.540573283269545e-22,926
vat,external,aec_segment,seg128_42,128.0,42.0,0.3154675544092549,7.637609976117614e-23,926
vat,external,aec_segment,seg128_43,128.0,43.0,0.3170039747725885,4.615848085333301e-23,926
vat,external,aec_segment,seg128_44,128.0,44.0,0.3191833065976746,2.2481957892228842e-23,926
vat,external,aec_segment,seg128_45,128.0,45.0,0.3217233492543978,9.648166701733281e-24,926
vat,external,aec_segment,seg128_46,128.0,46.0,0.3223093723930163,7.928345849286483e-24,926
vat,external,aec_segment,seg128_47,128.0,47.0,0.3231000650896607,6.079169657682833e-24,926
vat,external,aec_segment,seg128_48,128.0,48.0,0.3247950429494193,3.4311641750880875e-24,926
vat,external,aec_segment,seg128_49,128.0,49.0,0.3281605336217102,1.0902541054134892e-24,926
vat,external,aec_segment,seg128_50,128.0,50.0,0.3314451941274298,3.511697908748041e-25,926
vat,external,aec_segment,seg128_51,128.0,51.0,0.3348696806080846,1.0620553065365312e-25,926
vat,external,aec_segment,seg128_52,128.0,52.0,0.338176666365476,3.298660101476136e-26,926
vat,external,aec_segment,seg128_53,128.0,53.0,0.3437258189885035,4.4903954257689435e-27,926
vat,external,aec_segment,seg128_54,128.0,54.0,0.3512430466598997,2.824019966252726e-28,926
vat,external,aec_segment,seg128_55,128.0,55.0,0.3589694504962136,1.5193741302631888e-29,926
vat,external,aec_segment,seg128_56,128.0,56.0,0.3659439485556128,1.0128726941663009e-30,926
vat,external,aec_segment,seg128_57,128.0,57.0,0.3727509066788322,6.75136192346144e-32,926
vat,external,aec_segment,seg128_58,128.0,58.0,0.3823877028143753,1.3047998327573777e-33,926
vat,external,aec_segment,seg128_59,128.0,59.0,0.393651485021106,1.0921862568608372e-35,926
vat,external,aec_segment,seg128_60,128.0,60.0,0.4053284223605535,6.284070602149373e-38,926
vat,external,aec_segment,seg128_61,128.0,61.0,0.415806305201865,5.139571264164292e-40,926
vat,external,aec_segment,seg128_62,128.0,62.0,0.4275074095609916,1.9537001121435518e-42,926
vat,external,aec_segment,seg128_63,128.0,63.0,0.4403741046529601,3.293155573981705e-45,926
vat,external,aec_segment,seg128_64,128.0,64.0,0.4529423502431797,4.9112046980294497e-48,926
vat,external,aec_segment,seg128_65,128.0,65.0,0.4649967800948258,7.362907157268514e-51,926
vat,external,aec_segment,seg128_66,128.0,66.0,0.4765263454969918,1.1433083910656502e-53,926
vat,external,aec_segment,seg128_67,128.0,67.0,0.487603130456234,1.805718250253993e-56,926
vat,external,aec_segment,seg128_68,128.0,68.0,0.4983009136523413,2.8291386523562455e-59,926
vat,external,aec_segment,seg128_69,128.0,69.0,0.508223491841273,5.747289124706294e-62,926
vat,external,aec_segment,seg128_70,128.0,70.0,0.517288786866859,1.6637298714237237e-64,926
vat,external,aec_segment,seg128_71,128.0,71.0,0.5253240308880651,8.056768270537994e-67,926
vat,external,aec_segment,seg128_72,128.0,72.0,0.5319043012219886,9.195948780046271e-69,926
vat,external,aec_segment,seg128_73,128.0,73.0,0.5378476772190501,1.4854963561351467e-70,926
vat,external,aec_segment,seg128_74,128.0,74.0,0.5423535747093357,6.158323215299987e-72,926
vat,external,aec_segment,seg128_75,128.0,75.0,0.5468443781298884,2.45842086625132e-73,926
vat,external,aec_segment,seg128_76,128.0,76.0,0.5497752518730402,2.9257736386785357e-74,926
vat,external,aec_segment,seg128_77,128.0,77.0,0.5524646277070386,4.0728286707069063e-75,926
vat,external,aec_segment,seg128_78,128.0,78.0,0.5548486586257138,6.985990351426214e-76,926
vat,external,aec_segment,seg128_79,128.0,79.0,0.5561312406306795,2.689912361157412e-76,926
vat,external,aec_segment,seg128_80,128.0,80.0,0.5566180854732692,1.87038961260958e-76,926
vat,external,aec_segment,seg128_81,128.0,81.0,0.5565171674305049,2.0168106857798307e-76,926
vat,external,aec_segment,seg128_82,128.0,82.0,0.5561967207136111,2.5617018367714582e-76,926
vat,external,aec_segment,seg128_83,128.0,83.0,0.5549572482486536,6.444736003131098e-76,926
vat,external,aec_segment,seg128_84,128.0,84.0,0.553018646931031,2.7071720899863364e-75,926
vat,external,aec_segment,seg128_85,128.0,85.0,0.5514602543429925,8.523514660722213e-75,926
vat,external,aec_segment,seg128_86,128.0,86.0,0.5492853250025587,4.182199286583595e-74,926
vat,external,aec_segment,seg128_87,128.0,87.0,0.5470399414671284,2.134316989108572e-73,926
vat,external,aec_segment,seg128_88,128.0,88.0,0.5450294262308274,9.089360082520968e-73,926
vat,external,aec_segment,seg128_89,128.0,89.0,0.5428027636854758,4.4719714017636833e-72,926
vat,external,aec_segment,seg128_90,128.0,90.0,0.5398649671669586,3.5938194475160187e-71,926
vat,external,aec_segment,seg128_91,128.0,91.0,0.5376828524018149,1.6674158214958873e-70,926
vat,external,aec_segment,seg128_92,128.0,92.0,0.5355605570584372,7.338236597019067e-70,926
vat,external,aec_segment,seg128_93,128.0,93.0,0.5321586156533717,7.720729968228122e-69,926
vat,external,aec_segment,seg128_94,128.0,94.0,0.5288378135346552,7.484734911991404e-68,926
vat,external,aec_segment,seg128_95,128.0,95.0,0.52532625404738,8.044735369281571e-67,926
vat,external,aec_segment,seg128_96,128.0,96.0,0.5221012040309853,6.951882628136527e-66,926
vat,external,aec_segment,seg128_97,128.0,97.0,0.5191917726211581,4.769046373198376e-65,926
vat,external,aec_segment,seg128_98,128.0,98.0,0.5156105440703265,4.975093684162432e-64,926
vat,external,aec_segment,seg128_99,128.0,99.0,0.5127771150729111,3.118643790005564e-63,926
vat,external,aec_segment,seg128_100,128.0,100.0,0.5096029500344242,2.3884599984238017e-62,926
vat,external,aec_segment,seg128_101,128.0,101.0,0.5057924535790935,2.674695723118888e-61,926
vat,external,aec_segment,seg128_102,128.0,102.0,0.501573157853714,3.746334606650932e-60,926
vat,external,aec_segment,seg128_103,128.0,103.0,0.4976298620732118,4.271147676903187e-59,926
vat,external,aec_segment,seg128_104,128.0,104.0,0.4942936520150048,3.2661466229675384e-58,926
vat,external,aec_segment,seg128_105,128.0,105.0,0.4901428730465694,3.9782487004335416e-57,926
vat,external,aec_segment,seg128_106,128.0,106.0,0.4863932559728815,3.695486336520705e-56,926
vat,external,aec_segment,seg128_107,128.0,107.0,0.4833221911221625,2.2468524562139338e-55,926
vat,external,aec_segment,seg128_108,128.0,108.0,0.4808236921642023,9.626587540197136e-55,926
vat,external,aec_segment,seg128_109,128.0,109.0,0.478822216661116,3.0613247658855464e-54,926
vat,external,aec_segment,seg128_110,128.0,110.0,0.4779153137144827,5.1579628315938607e-54,926
vat,external,aec_segment,seg128_111,128.0,111.0,0.4766540156737175,1.0628091234603206e-53,926
vat,external,aec_segment,seg128_112,128.0,112.0,0.4755117170187156,2.0402341885805567e-53,926
vat,external,aec_segment,seg128_113,128.0,113.0,0.4752526385470398,2.364654671357329e-53,926
vat,external,aec_segment,seg128_114,128.0,114.0,0.4731029173946601,8.006149122594734e-53,926
vat,external,aec_segment,seg128_115,128.0,115.0,0.4714506656801913,2.032148494358008e-52,926
vat,external,aec_segment,seg128_116,128.0,116.0,0.4693944079563503,6.4316066117260856e-52,926
vat,external,aec_segment,seg128_117,128.0,117.0,0.467610286295488,1.736635167468317e-51,926
vat,external,aec_segment,seg128_118,128.0,118.0,0.4665648257250752,3.09964036766851e-51,926
vat,external,aec_segment,seg128_119,128.0,119.0,0.4649198325679751,7.681347215504731e-51,926
vat,external,aec_segment,seg128_120,128.0,120.0,0.463994091199409,1.277301624949405e-50,926
vat,external,aec_segment,seg128_121,128.0,121.0,0.4627816087856097,2.4804710065853898e-50,926
vat,external,aec_segment,seg128_122,128.0,122.0,0.4627366587576471,2.542129988970923e-50,926
vat,external,aec_segment,seg128_123,128.0,123.0,0.4631050613926089,2.0785182479587358e-50,926
vat,external,aec_segment,seg128_124,128.0,124.0,0.4618160200294066,4.200041258080905e-50,926
vat,external,aec_segment,seg128_125,128.0,125.0,0.4612465773828494,5.7252517763693915e-50,926
vat,external,aec_segment,seg128_126,128.0,126.0,0.4617922942465864,4.254654262362627e-50,926
vat,external,aec_segment,seg128_127,128.0,127.0,0.4619264625950413,3.9548505420066657e-50,926
vat,external,aec_segment,seg128_128,128.0,128.0,0.4609672513420106,6.663424763707e-50,926
total_fat,external,aec_segment,seg128_1,128.0,1.0,0.3510992044729965,2.979644198501399e-28,926
total_fat,external,aec_segment,seg128_2,128.0,2.0,0.3529597341541825,1.485596667596947e-28,926
total_fat,external,aec_segment,seg128_3,128.0,3.0,0.3546589453657566,7.835643703459235e-29,926
total_fat,external,aec_segment,seg128_4,128.0,4.0,0.35665480855673,3.677704694056939e-29,926
total_fat,external,aec_segment,seg128_5,128.0,5.0,0.35858794750273,1.7585722452867687e-29,926
total_fat,external,aec_segment,seg128_6,128.0,6.0,0.3604943056500793,8.453014424294177e-30,926
total_fat,external,aec_segment,seg128_7,128.0,7.0,0.3614883175878478,5.757905178359233e-30,926
total_fat,external,aec_segment,seg128_8,128.0,8.0,0.3627821514248576,3.486082723276884e-30,926
total_fat,external,aec_segment,seg128_9,128.0,9.0,0.3641080691327238,2.0795358245224576e-30,926
total_fat,external,aec_segment,seg128_10,128.0,10.0,0.3656350432848467,1.1435715976506784e-30,926
total_fat,external,aec_segment,seg128_11,128.0,11.0,0.3675850151110146,5.303628031602928e-31,926
total_fat,external,aec_segment,seg128_12,128.0,12.0,0.3697117533687261,2.280376470659784e-31,926
total_fat,external,aec_segment,seg128_13,128.0,13.0,0.3728874215366597,6.39019354873456e-32,926
total_fat,external,aec_segment,seg128_14,128.0,14.0,0.376245805985074,1.6386981693885618e-32,926
total_fat,external,aec_segment,seg128_15,128.0,15.0,0.38111525099888,2.213884101950906e-33,926
total_fat,external,aec_segment,seg128_16,128.0,16.0,0.3847604575874401,4.838009847643151e-34,926
total_fat,external,aec_segment,seg128_17,128.0,17.0,0.3877630603701942,1.3624201110408218e-34,926
total_fat,external,aec_segment,seg128_18,128.0,18.0,0.3905500717750985,4.1527499788739187e-35,926
total_fat,external,aec_segment,seg128_19,128.0,19.0,0.3917270510016294,2.5057695963401046e-35,926
total_fat,external,aec_segment,seg128_20,128.0,20.0,0.3920564710789462,2.174583891199258e-35,926
total_fat,external,aec_segment,seg128_21,128.0,21.0,0.3926248400035707,1.7021194498555819e-35,926
total_fat,external,aec_segment,seg128_22,128.0,22.0,0.3932884747604472,1.2779347703985673e-35,926
total_fat,external,aec_segment,seg128_23,128.0,23.0,0.3947528469389202,6.773640169944302e-36,926
total_fat,external,aec_segment,seg128_24,128.0,24.0,0.3958011102619451,4.291607350073351e-36,926
total_fat,external,aec_segment,seg128_25,128.0,25.0,0.3969616531743646,2.584373399250389e-36,926
total_fat,external,aec_segment,seg128_26,128.0,26.0,0.3990838093866208,1.0169718894141764e-36,926
total_fat,external,aec_segment,seg128_27,128.0,27.0,0.4016248859440687,3.299285361792596e-37,926
total_fat,external,aec_segment,seg128_28,128.0,28.0,0.4039229027832669,1.1820222797686543e-37,926
total_fat,external,aec_segment,seg128_29,128.0,29.0,0.4070017993911047,2.950178610547743e-38,926
total_fat,external,aec_segment,seg128_30,128.0,30.0,0.4099612689289357,7.664278584316922e-39,926
total_fat,external,aec_segment,seg128_31,128.0,31.0,0.413543302793079,1.4724559118912978e-39,926
total_fat,external,aec_segment,seg128_32,128.0,32.0,0.4161382000544275,4.401402157494116e-40,926
total_fat,external,aec_segment,seg128_33,128.0,33.0,0.4198727784964185,7.597687924297135e-41,926
total_fat,external,aec_segment,seg128_34,128.0,34.0,0.4237008675123567,1.22639974841145e-41,926
total_fat,external,aec_segment,seg128_35,128.0,35.0,0.4281058495327618,1.4605154694138432e-42,926
total_fat,external,aec_segment,seg128_36,128.0,36.0,0.4332395553463918,1.1752080506398692e-43,926
total_fat,external,aec_segment,seg128_37,128.0,37.0,0.437400144688614,1.4765905682108485e-44,926
total_fat,external,aec_segment,seg128_38,128.0,38.0,0.4411198370551367,2.2552332191771698e-45,926
total_fat,external,aec_segment,seg128_39,128.0,39.0,0.4449074080202531,3.2490349068083764e-46,926
total_fat,external,aec_segment,seg128_40,128.0,40.0,0.4481495611741309,6.067346969714484e-47,926
total_fat,external,aec_segment,seg128_41,128.0,41.0,0.4514492542729196,1.0794143313980695e-47,926
total_fat,external,aec_segment,seg128_42,128.0,42.0,0.4537277821280507,3.2404012892486955e-48,926
total_fat,external,aec_segment,seg128_43,128.0,43.0,0.4547734399927003,1.859707621908004e-48,926
total_fat,external,aec_segment,seg128_44,128.0,44.0,0.4555734558234402,1.2144367933902538e-48,926
total_fat,external,aec_segment,seg128_45,128.0,45.0,0.4573468859458907,4.702889240796414e-49,926
total_fat,external,aec_segment,seg128_46,128.0,46.0,0.4587107870092891,2.258619398882422e-49,926
total_fat,external,aec_segment,seg128_47,128.0,47.0,0.4593439569964036,1.6050306673409822e-49,926
total_fat,external,aec_segment,seg128_48,128.0,48.0,0.4605324600094874,8.4364299556443675e-50,926
total_fat,external,aec_segment,seg128_49,128.0,49.0,0.4634380407943475,1.7323114727471161e-50,926
total_fat,external,aec_segment,seg128_50,128.0,50.0,0.4665167514278306,3.183171303669604e-51,926
total_fat,external,aec_segment,seg128_51,128.0,51.0,0.4697864191317863,5.166440233647577e-52,926
total_fat,external,aec_segment,seg128_52,128.0,52.0,0.4726222262868281,1.0503715685640261e-52,926
total_fat,external,aec_segment,seg128_53,128.0,53.0,0.4768453403411202,9.526049711711006e-54,926
total_fat,external,aec_segment,seg128_54,128.0,54.0,0.4821191358569371,4.534120867107298e-55,926
total_fat,external,aec_segment,seg128_55,128.0,55.0,0.4876105884068995,1.7977483953000704e-56,926
total_fat,external,aec_segment,seg128_56,128.0,56.0,0.4925547551024098,9.346959719463152e-58,926
total_fat,external,aec_segment,seg128_57,128.0,57.0,0.4965258509545734,8.394400200135732e-59,926
total_fat,external,aec_segment,seg128_58,128.0,58.0,0.5025485948642586,2.041815645762761e-60,926
total_fat,external,aec_segment,seg128_59,128.0,59.0,0.5089136406838763,3.7058935520839614e-62,926
total_fat,external,aec_segment,seg128_60,128.0,60.0,0.5148483385587499,8.165479179872115e-64,926
total_fat,external,aec_segment,seg128_61,128.0,61.0,0.5203830630320061,2.1725525671461987e-65,926
total_fat,external,aec_segment,seg128_62,128.0,62.0,0.5255048847563883,7.134114228702023e-67,926
total_fat,external,aec_segment,seg128_63,128.0,63.0,0.5302372905566204,2.8824853731842917e-68,926
total_fat,external,aec_segment,seg128_64,128.0,64.0,0.534302441905183,1.7576574207217076e-69,926
total_fat,external,aec_segment,seg128_65,128.0,65.0,0.5375393919463255,1.843700507165614e-70,926
total_fat,external,aec_segment,seg128_66,128.0,66.0,0.5406831715543565,2.015521393259472e-71,926
total_fat,external,aec_segment,seg128_67,128.0,67.0,0.5434300477795813,2.8581628896202987e-72,926
total_fat,external,aec_segment,seg128_68,128.0,68.0,0.5464428560348815,3.2853946015935143e-73,926
total_fat,external,aec_segment,seg128_69,128.0,69.0,0.5492908502258563,4.165395764871117e-74,926
total_fat,external,aec_segment,seg128_70,128.0,70.0,0.5513419146269092,9.296851296716731e-75,926
total_fat,external,aec_segment,seg128_71,128.0,71.0,0.5532059227195563,2.3576560311900446e-75,926
total_fat,external,aec_segment,seg128_72,128.0,72.0,0.5536867967993602,1.6525358369992606e-75,926
total_fat,external,aec_segment,seg128_73,128.0,73.0,0.5539536163112371,1.356470769447952e-75,926
total_fat,external,aec_segment,seg128_74,128.0,74.0,0.5538941144413785,1.4175475636031018e-75,926
total_fat,external,aec_segment,seg128_75,128.0,75.0,0.5536871249120521,1.6521348698028156e-75,926
total_fat,external,aec_segment,seg128_76,128.0,76.0,0.5530106893306991,2.7231151470838593e-75,926
total_fat,external,aec_segment,seg128_77,128.0,77.0,0.552184674534184,5.0049780014475515e-75,926
total_fat,external,aec_segment,seg128_78,128.0,78.0,0.5514897647548422,8.340859686899298e-75,926
total_fat,external,aec_segment,seg128_79,128.0,79.0,0.5501887521433266,2.1631242562360323e-74,926
total_fat,external,aec_segment,seg128_80,128.0,80.0,0.5484646489532077,7.598794192583745e-74,926
total_fat,external,aec_segment,seg128_81,128.0,81.0,0.5460016099385945,4.516281443017355e-73,926
total_fat,external,aec_segment,seg128_82,128.0,82.0,0.5425645966289218,5.299145069470388e-72,926
total_fat,external,aec_segment,seg128_83,128.0,83.0,0.5382219387809704,1.142467761191788e-70,926
total_fat,external,aec_segment,seg128_84,128.0,84.0,0.5336362641839938,2.7870879237582367e-69,926
total_fat,external,aec_segment,seg128_85,128.0,85.0,0.5295003482172411,4.766837244436732e-68,926
total_fat,external,aec_segment,seg128_86,128.0,86.0,0.5246134376071439,1.2983463601345773e-66,926
total_fat,external,aec_segment,seg128_87,128.0,87.0,0.5188004209713366,6.17034876846334e-65,926
total_fat,external,aec_segment,seg128_88,128.0,88.0,0.513292629897246,2.236083962103182e-63,926
total_fat,external,aec_segment,seg128_89,128.0,89.0,0.5080735108583444,6.321488955497928e-62,926
total_fat,external,aec_segment,seg128_90,128.0,90.0,0.5020009329611499,2.87154028552548e-60,926
total_fat,external,aec_segment,seg128_91,128.0,91.0,0.4971037259321471,5.895559273107819e-59,926
total_fat,external,aec_segment,seg128_92,128.0,92.0,0.4923756884550559,1.0412237682658853e-57,926
total_fat,external,aec_segment,seg128_93,128.0,93.0,0.486693296621159,3.0949705549146107e-56,926
total_fat,external,aec_segment,seg128_94,128.0,94.0,0.4815953818502773,6.149804275388913e-55,926
total_fat,external,aec_segment,seg128_95,128.0,95.0,0.4768464772527354,9.519852979051241e-54,926
total_fat,external,aec_segment,seg128_96,128.0,96.0,0.472230213183694,1.3102963963711465e-52,926
total_fat,external,aec_segment,seg128_97,128.0,97.0,0.4683007484524363,1.1832099265617044e-51,926
total_fat,external,aec_segment,seg128_98,128.0,98.0,0.4639772571405794,1.289149628257509e-50,926
total_fat,external,aec_segment,seg128_99,128.0,99.0,0.4609037508968674,6.897170833177159e-50,926
total_fat,external,aec_segment,seg128_100,128.0,100.0,0.4578316824298881,3.625032687115307e-49,926
total_fat,external,aec_segment,seg128_101,128.0,101.0,0.4538597156002785,3.021467396231829e-48,926
total_fat,external,aec_segment,seg128_102,128.0,102.0,0.4500713944127174,2.2247933319790937e-47,926
total_fat,external,aec_segment,seg128_103,128.0,103.0,0.4469875403772871,1.109424182634202e-46,926
total_fat,external,aec_segment,seg128_104,128.0,104.0,0.4447126929476953,3.59146304116504e-46,926
total_fat,external,aec_segment,seg128_105,128.0,105.0,0.4413722359415478,1.9835776543700525e-45,926
total_fat,external,aec_segment,seg128_106,128.0,106.0,0.43832533147367,9.273175668320326e-45,926
total_fat,external,aec_segment,seg128_107,128.0,107.0,0.4357143245904657,3.4338962002557644e-44,926
total_fat,external,aec_segment,seg128_108,128.0,108.0,0.4336800230935414,9.447934079594562e-44,926
total_fat,external,aec_segment,seg128_109,128.0,109.0,0.4332372447151865,1.176553230913964e-43,926
total_fat,external,aec_segment,seg128_110,128.0,110.0,0.4334114040958929,1.0793287193377537e-43,926
total_fat,external,aec_segment,seg128_111,128.0,111.0,0.433495373981291,1.0353468174297266e-43,926
total_fat,external,aec_segment,seg128_112,128.0,112.0,0.4334274922101407,1.070760721556002e-43,926
total_fat,external,aec_segment,seg128_113,128.0,113.0,0.4337019959793635,9.345556434685402e-44,926
total_fat,external,aec_segment,seg128_114,128.0,114.0,0.4327137357240161,1.5243173155968562e-43,926
total_fat,external,aec_segment,seg128_115,128.0,115.0,0.4342061416697148,7.276887196391912e-44,926
total_fat,external,aec_segment,seg128_116,128.0,116.0,0.4347889250534552,5.446386576764922e-44,926
total_fat,external,aec_segment,seg128_117,128.0,117.0,0.4347567650684564,5.534252768898071e-44,926
total_fat,external,aec_segment,seg128_118,128.0,118.0,0.4349272411806217,5.084012091670501e-44,926
total_fat,external,aec_segment,seg128_119,128.0,119.0,0.4355413610686257,3.743481852195252e-44,926
total_fat,external,aec_segment,seg128_120,128.0,120.0,0.436885526655032,1.9114648335302376e-44,926
total_fat,external,aec_segment,seg128_121,128.0,121.0,0.4384033914759733,8.915671395691544e-45,926
total_fat,external,aec_segment,seg128_122,128.0,122.0,0.4406712879519219,2.8322895232627454e-45,926
total_fat,external,aec_segment,seg128_123,128.0,123.0,0.4452923457922815,2.6646562048533982e-46,926
total_fat,external,aec_segment,seg128_124,128.0,124.0,0.4478971932886636,6.918432991112159e-47,926
total_fat,external,aec_segment,seg128_125,128.0,125.0,0.4509500793158308,1.4032921876351082e-47,926
total_fat,external,aec_segment,seg128_126,128.0,126.0,0.4561806194158266,8.781919810157385e-49,926
total_fat,external,aec_segment,seg128_127,128.0,127.0,0.4613119852154683,5.525272945351562e-50,926
total_fat,external,aec_segment,seg128_128,128.0,128.0,0.4657732404006279,4.7999489581482416e-51,926
imata,internal,clinic4_aec_mean,sex_M,,,0.08696994470198496,0.004059805221378349,1090
imata,internal,clinic4_aec_mean,age_z,,,0.36674600675817176,4.888793601803145e-36,1090
imata,internal,clinic4_aec_mean,height_z,,,0.03502218900037793,0.2479714950343461,1090
imata,internal,clinic4_aec_mean,weight_z,,,0.3878381064559101,1.9064591728719037e-40,1090
imata,internal,clinic4_aec_mean,aec_seg1_1,,,0.4267839326059256,1.768472283042086e-49,1090
nama,internal,clinic4_aec_mean,sex_M,,,0.6150554477300715,2.016200397609014e-114,1090
nama,internal,clinic4_aec_mean,age_z,,,-0.24356720501527207,3.482983195158149e-16,1090
nama,internal,clinic4_aec_mean,height_z,,,0.6507207526154145,2.951403147431504e-132,1090
nama,internal,clinic4_aec_mean,weight_z,,,0.6234708985193915,2.0151518886255334e-118,1090
nama,internal,clinic4_aec_mean,aec_seg1_1,,,0.11706251096339433,0.00010718342095092616,1090
lama,internal,clinic4_aec_mean,sex_M,,,0.33952713357162667,8.172955168295992e-31,1090
lama,internal,clinic4_aec_mean,age_z,,,0.3374579965901432,1.944286541077796e-30,1090
lama,internal,clinic4_aec_mean,height_z,,,0.24521997846406823,2.1682731121921979e-16,1090
lama,internal,clinic4_aec_mean,weight_z,,,0.553606966415025,1.4972298340866007e-88,1090
lama,internal,clinic4_aec_mean,aec_seg1_1,,,0.41977489265667267,9.17434974949125e-48,1090
tama,internal,clinic4_aec_mean,sex_M,,,0.636639452951586,6.212088712073495e-125,1090
tama,internal,clinic4_aec_mean,age_z,,,-0.027398411550384767,0.36615748631093337,1090
tama,internal,clinic4_aec_mean,height_z,,,0.6235443751323807,1.8571258196812492e-118,1090
tama,internal,clinic4_aec_mean,weight_z,,,0.7580905008558415,3.259326284844864e-204,1090
tama,internal,clinic4_aec_mean,aec_seg1_1,,,0.30187377128332504,2.1152134969436626e-24,1090
sat,internal,clinic4_aec_mean,sex_M,,,-0.3424586263293203,2.367128252673556e-31,1090
sat,internal,clinic4_aec_mean,age_z,,,-0.0698790035310321,0.02104147909831278,1090
sat,internal,clinic4_aec_mean,height_z,,,-0.16865783593532097,2.1182972129795573e-08,1090
sat,internal,clinic4_aec_mean,weight_z,,,0.3277868683065178,1.0240512151415257e-28,1090
sat,internal,clinic4_aec_mean,aec_seg1_1,,,0.3836773840503077,1.4991477609773772e-39,1090
vat,internal,clinic4_aec_mean,sex_M,,,0.41224429822757647,5.760773393323539e-46,1090
vat,internal,clinic4_aec_mean,age_z,,,0.3573734269409907,3.5130795246196258e-34,1090
vat,internal,clinic4_aec_mean,height_z,,,0.2629987318111298,1.057478506448138e-18,1090
vat,internal,clinic4_aec_mean,weight_z,,,0.6222619705132342,7.699950499333976e-118,1090
vat,internal,clinic4_aec_mean,aec_seg1_1,,,0.4745341982713379,2.6935216156004435e-62,1090
total_fat,internal,clinic4_aec_mean,sex_M,,,-0.05620821859713168,0.06358764769180662,1090
total_fat,internal,clinic4_aec_mean,age_z,,,0.11356088919237682,0.00017190243455544364,1090
total_fat,internal,clinic4_aec_mean,height_z,,,-0.00024125928266664765,0.9936520401088125,1090
total_fat,internal,clinic4_aec_mean,weight_z,,,0.5190670649585925,3.155489316317123e-76,1090
total_fat,internal,clinic4_aec_mean,aec_seg1_1,,,0.4914307200669322,2.4286552417271028e-67,1090
imata,external,clinic4_aec_mean,sex_M,,,-0.030321497722080603,0.3567078771732836,926
imata,external,clinic4_aec_mean,age_z,,,0.3254292584740912,2.767511748885577e-24,926
imata,external,clinic4_aec_mean,height_z,,,-0.028441362132300935,0.3873223086327992,926
imata,external,clinic4_aec_mean,weight_z,,,0.3480652740145106,9.177711825436097e-28,926
imata,external,clinic4_aec_mean,aec_seg1_1,,,0.4161705651496581,4.3353152042904184e-40,926
nama,external,clinic4_aec_mean,sex_M,,,0.6709848281035125,3.620416177010714e-122,926
nama,external,clinic4_aec_mean,age_z,,,-0.2678202819618555,1.1253865892083963e-16,926
nama,external,clinic4_aec_mean,height_z,,,0.6798359312186921,1.3850566012696439e-126,926
nama,external,clinic4_aec_mean,weight_z,,,0.5696447911252654,8.927997746585225e-81,926
nama,external,clinic4_aec_mean,aec_seg1_1,,,0.1846121525887942,1.523335137050322e-08,926
lama,external,clinic4_aec_mean,sex_M,,,0.17394194562109405,1.000669575381724e-07,926
lama,external,clinic4_aec_mean,age_z,,,0.28327316631575006,1.507944252626529e-18,926
lama,external,clinic4_aec_mean,height_z,,,0.1565185043432338,1.7014629867080816e-06,926
lama,external,clinic4_aec_mean,weight_z,,,0.4654354834023422,5.782600155332009e-51,926
lama,external,clinic4_aec_mean,aec_seg1_1,,,0.3523234946815528,1.8857869741664104e-28,926
tama,external,clinic4_aec_mean,sex_M,,,0.6871080359791705,2.4755567131754865e-130,926
tama,external,clinic4_aec_mean,age_z,,,-0.08420732398323322,0.01036099060621386,926
tama,external,clinic4_aec_mean,height_z,,,0.6880662165538847,7.791301107897405e-131,926
tama,external,clinic4_aec_mean,weight_z,,,0.7662016476546442,1.1794358159780957e-179,926
tama,external,clinic4_aec_mean,aec_seg1_1,,,0.37270692681451595,6.871971228913444e-32,926
sat,external,clinic4_aec_mean,sex_M,,,-0.4264605965708345,3.2453925327406275e-42,926
sat,external,clinic4_aec_mean,age_z,,,-0.06737297113757973,0.040390172040685596,926
sat,external,clinic4_aec_mean,height_z,,,-0.217676648447982,2.1500576422929947e-11,926
sat,external,clinic4_aec_mean,weight_z,,,0.313540107418269,1.4306154622144918e-22,926
sat,external,clinic4_aec_mean,aec_seg1_1,,,0.42319529232279857,1.562514709273793e-41,926
vat,external,clinic4_aec_mean,sex_M,,,0.29544957917524883,4.1436992019513973e-20,926
vat,external,clinic4_aec_mean,age_z,,,0.30905929695113576,6.045836461074061e-22,926
vat,external,clinic4_aec_mean,height_z,,,0.18789666085575138,8.341456115081182e-09,926
vat,external,clinic4_aec_mean,weight_z,,,0.5627282687962407,1.8577687378363333e-78,926
vat,external,clinic4_aec_mean,aec_seg1_1,,,0.4188558118086394,1.228525003458946e-40,926
total_fat,external,clinic4_aec_mean,sex_M,,,-0.18029151974921934,3.309266569310663e-08,926
total_fat,external,clinic4_aec_mean,age_z,,,0.08560722067137945,0.00915219602857235,926
total_fat,external,clinic4_aec_mean,height_z,,,-0.07589735477631478,0.020899896288343517,926
total_fat,external,clinic4_aec_mean,weight_z,,,0.4716905335425182,1.7756784018278122e-52,926
total_fat,external,clinic4_aec_mean,aec_seg1_1,,,0.48852255288129337,1.0458270985144843e-56,926
