cohort,sens_before,sens_after,sens_floor,spec_before,spec_after,pass
internal,0.9069767441860465,0.8682170542635659,0.8616279069767441,0.5348595213319459,0.5567117585848075,True
external,0.9290780141843972,0.8226950354609929,0.8826241134751772,0.4929936305732484,0.5464968152866242,False
