cohort,stage1_auc,full_pipeline_auc,auc_diff,delong_p_value
internal,0.8284530810121885,0.7342642112140938,0.0941888697980946,9.066426831956349e-07
external,0.8347111171342096,0.7146587161765371,0.12005240095767267,9.359575299917655e-10
