cohort,sens_stage1,spec_stage1,sens_combined,spec_combined,acc_combined,ppv_combined,npv_combined,sens_delta,spec_delta,mcnemar_sens_p,mcnemar_spec_p,verdict,ni_sens_drop,ni_ci_upper_97.5,ni_margin,ni_verdict
internal,0.9069767441860465,0.5359001040582726,0.8992248062015504,0.578563995837669,0.6165137614678899,0.22264875239923224,0.9771528998242531,-0.007751937984496027,0.042663891779396446,1.0,4.1854369440036287e-10,PASS,0.007751937984496027,0.0367718209497858,0.05,NON-INFERIOR
external,0.9290780141843972,0.49044585987261147,0.9219858156028369,0.5082802547770701,0.5712742980561555,0.25193798449612403,0.973170731707317,-0.007092198581560294,0.017834394904458595,1.0,0.0001220703125,PASS,0.007092198581560294,0.03488804340282557,0.05,NON-INFERIOR
