use_clinical,use_stage1_score,sens_delta,spec_delta,ppv,ni_ci_upper,pass
False,False,-0.007751937984496027,0.005202913631633721,0.20825852782764812,0.0367718209497858,True
True,False,-0.015503875968992165,0.027055150884495394,0.21495327102803738,0.04891473947306046,True
True,True,-0.007751937984496027,0.019771071800208206,0.2136279926335175,0.0367718209497858,True
