cohort,sens_stage1,spec_stage1,sens_combined,spec_combined,acc_combined,ppv_combined,npv_combined,sens_delta,spec_delta,mcnemar_sens_p,mcnemar_spec_p,verdict,ni_sens_drop,ni_ci_upper_97.5,ni_margin,ni_verdict
internal,0.9069767441860465,0.5359001040582726,0.8914728682170543,0.603537981269511,0.6376146788990825,0.2318548387096774,0.9764309764309764,-0.015503875968992165,0.06763787721123837,0.5,2.0509832838431065e-15,PASS,0.015503875968992165,0.04891473947306046,0.05,NON-INFERIOR
external,0.9290780141843972,0.49044585987261147,0.9078014184397163,0.5337579617834395,0.5907127429805615,0.2591093117408907,0.9699074074074074,-0.021276595744680882,0.043312101910828016,0.25,1.5185595523520037e-08,FAIL,0.021276595744680882,0.056536541421354364,0.05,NOT NON-INFERIOR
