cohort,sens_before,sens_after,sens_delta,sens_floor,spec_delta,pass,ni_ci_upper_reference
internal,0.9069767441860465,0.8682170542635659,-0.03875968992248058,0.8616279069767441,0.030176899063475537,True,0.08198485262793348
external,0.9290780141843972,0.9148936170212766,-0.014184397163120588,0.8826241134751772,0.015286624203821653,True,0.0460238633118956
