target_sensitivity,cohort,threshold,sensitivity,specificity,ppv,npv,n
0.85,internal,-2.3455276881981635,0.8527131782945736,0.6503642039542143,0.24663677130044842,0.9704968944099379,1090
0.85,external,-2.3455276881981635,0.8794326241134752,0.5847133757961783,0.27555555555555555,0.9642857142857143,926
0.9,internal,-2.712008600693949,0.9069767441860465,0.5359001040582726,0.20781527531083482,0.9772296015180265,1090
0.9,external,-2.712008600693949,0.9290780141843972,0.49044585987261147,0.24670433145009416,0.9746835443037974,926
0.95,internal,-3.169467925697995,0.9534883720930233,0.4016649323621228,0.17621776504297995,0.9846938775510204,1090
0.95,external,-3.169467925697995,0.9574468085106383,0.33375796178343947,0.20516717325227962,0.9776119402985075,926
