n_pos,n_neg,auc,ci_lower,ci_upper,mannwhitney_u,p_value
129,961,0.8284530810121885,0.7912935895264139,0.8628326436447822,102702.5,7.471258277220495e-34
