feature,feature_type,test,TP_stat,FP_stat,stat_label,effect,effect_name,n_TP,n_FP,p_value,q_value_fdr_bh,significant_q<0.05
height_std,clinic,Mann-Whitney U,0.5861156221352397,0.3545320194562234,median,-0.053246891274311814,rank_biserial_r,97,97,0.5224704284515107,1.0,False
pc4,aec_pca,Mann-Whitney U,-0.02683440384140462,-0.05978700252560287,median,-0.04772026782867478,rank_biserial_r,97,97,0.5667385049598461,1.0,False
pc3,aec_pca,Mann-Whitney U,-0.010301663880409206,-0.051499065713526915,median,-0.03539164629609948,rank_biserial_r,97,97,0.6711784151327653,1.0,False
weight_std,clinic,Mann-Whitney U,-0.3605959883778038,-0.3700350618643639,median,-0.031459241152088424,rank_biserial_r,97,97,0.7059767351023505,1.0,False
pc5,aec_pca,Mann-Whitney U,-0.00543432417803974,-0.03204541457849905,median,-0.030927835051546282,rank_biserial_r,97,97,0.7107675107194795,1.0,False
pc1,aec_pca,Mann-Whitney U,-0.141336718424232,-0.12469993355366027,median,-0.022000212562440113,rank_biserial_r,97,97,0.7922315223443843,1.0,False
pc2,aec_pca,Mann-Whitney U,0.23022352508475327,0.20205091849844406,median,-0.02093740036135605,rank_biserial_r,97,97,0.8021025926957691,1.0,False
age_std,clinic,Mann-Whitney U,0.24711940322298892,0.08372228492571397,median,-0.009140184929322892,rank_biserial_r,97,97,0.9134175325015738,1.0,False
sex_m,clinic,Fisher exact,0.5773195876288659,0.5773195876288659,proportion=1,1.0,odds_ratio,97,97,1.0,1.0,False
