cohort,sens_stage1,spec_stage1,sens_combined,spec_combined,acc_combined,ppv_combined,npv_combined,sens_delta,spec_delta,mcnemar_sens_p,mcnemar_spec_p,verdict,ni_sens_drop,ni_ci_upper_97.5,ni_margin,ni_verdict
internal,0.9069767441860465,0.5359001040582726,0.8992248062015504,0.5671175858480749,0.6064220183486239,0.21804511278195488,0.9767025089605734,-0.007751937984496027,0.031217481789802326,1.0,1.1924366854416797e-07,PASS,0.007751937984496027,0.0367718209497858,0.05,NON-INFERIOR
external,0.9290780141843972,0.49044585987261147,0.9219858156028369,0.5312101910828025,0.5907127429805615,0.26104417670682734,0.9742990654205608,-0.007092198581560294,0.040764331210191074,1.0,4.2513944082491124e-08,PASS,0.007092198581560294,0.03488804340282557,0.05,NON-INFERIOR
