clinic_var,cohort,predictor,n_seg,segment,r,p_value,n
age,internal,seg1_1,1,1,0.02172669764843076,0.6688395902862637,390
height,internal,seg1_1,1,1,0.16132288340163134,0.0013905373148609967,390
weight,internal,seg1_1,1,1,0.4715810232796597,5.467878370108718e-23,390
age,external,seg1_1,1,1,0.044585621598951616,0.3574919655632602,428
height,external,seg1_1,1,1,0.023641709562081926,0.6257331026293455,428
weight,external,seg1_1,1,1,0.3205882499645593,1.0974562183120611e-11,428
age,internal,seg2_1,2,1,-0.024073285629167752,0.635534142516877,390
age,internal,seg2_2,2,2,0.06370764303524726,0.20934727294770133,390
height,internal,seg2_1,2,1,0.1959320755851571,9.830288406311271e-05,390
height,internal,seg2_2,2,2,0.11884280561325529,0.018887202787881287,390
weight,internal,seg2_1,2,1,0.4206863793834842,3.699746832713513e-18,390
weight,internal,seg2_2,2,2,0.4911531428101501,4.506145936568782e-25,390
age,external,seg2_1,2,1,-0.008634806618511709,0.8586293930122851,428
age,external,seg2_2,2,2,0.09328673943609923,0.05379368960738692,428
height,external,seg2_1,2,1,0.07508968595358724,0.12087414943572108,428
height,external,seg2_2,2,2,-0.02882118998905753,0.5520860061645179,428
weight,external,seg2_1,2,1,0.30369184777114017,1.3933330494511348e-10,428
weight,external,seg2_2,2,2,0.3113316907914111,4.504979865283846e-11,428
age,internal,seg4_1,4,1,-0.08014805582821856,0.11404737873323498,390
age,internal,seg4_2,4,2,0.03640271359739393,0.47348143478740984,390
age,internal,seg4_3,4,3,0.08250609514901783,0.10375630000315675,390
age,internal,seg4_4,4,4,0.03978749760150299,0.43331694193079545,390
height,internal,seg4_1,4,1,0.21020213894968154,2.855678204180032e-05,390
height,internal,seg4_2,4,2,0.17517065882653038,0.0005105750497362951,390
height,internal,seg4_3,4,3,0.10962577011812452,0.030424933634749306,390
height,internal,seg4_4,4,4,0.1250782220429268,0.013440359201043714,390
weight,internal,seg4_1,4,1,0.3883460839563347,1.7323863272919867e-15,390
weight,internal,seg4_2,4,2,0.44326711176431505,3.348844252882965e-20,390
weight,internal,seg4_3,4,3,0.512570058365025,1.6375497074463468e-27,390
weight,internal,seg4_4,4,4,0.4485816040137993,1.0504782799622477e-20,390
age,external,seg4_1,4,1,-0.0704603855655512,0.1456022930297968,428
age,external,seg4_2,4,2,0.060870948028290586,0.2088293971061789,428
age,external,seg4_3,4,3,0.12079285741620971,0.012390015306708592,428
age,external,seg4_4,4,4,0.06169794122909715,0.20269958058350857,428
height,external,seg4_1,4,1,0.10771446442254373,0.025854911262120327,428
height,external,seg4_2,4,2,0.03608730052088617,0.45648993358193646,428
height,external,seg4_3,4,3,-0.03752935550350973,0.4386850760124232,428
height,external,seg4_4,4,4,-0.018846195678951363,0.6974334072000237,428
weight,external,seg4_1,4,1,0.28921214125658257,1.0839116589616383e-09,428
weight,external,seg4_2,4,2,0.3098936005030232,5.585754133938073e-11,428
weight,external,seg4_3,4,3,0.3467870607179857,1.5386068234524338e-13,428
weight,external,seg4_4,4,4,0.2637189899193585,3.055140090192868e-08,428
age,internal,seg8_1,8,1,-0.09352574227255935,0.06502257664522614,390
age,internal,seg8_2,8,2,-0.06628304915427186,0.19147757540311838,390
age,internal,seg8_3,8,3,-0.013429659243410628,0.7914908655078935,390
age,internal,seg8_4,8,4,0.08548480864963809,0.09182315099651915,390
age,internal,seg8_5,8,5,0.08630008639087278,0.08875608209933002,390
age,internal,seg8_6,8,6,0.07790448126992161,0.12456612352059201,390
age,internal,seg8_7,8,7,0.05072575076946046,0.317706927091435,390
age,internal,seg8_8,8,8,0.025877933225127842,0.6104065847265353,390
height,internal,seg8_1,8,1,0.20792449095319732,3.49867222756525e-05,390
height,internal,seg8_2,8,2,0.21137975690771568,2.5688198766897695e-05,390
height,internal,seg8_3,8,3,0.19833628044017754,8.030103990280432e-05,390
height,internal,seg8_4,8,4,0.14655576429180966,0.00372411237654669,390
height,internal,seg8_5,8,5,0.11065559711989424,0.028890858261887337,390
height,internal,seg8_6,8,6,0.10750975296301243,0.033796802467628256,390
height,internal,seg8_7,8,7,0.12090561000653752,0.016903516564247732,390
height,internal,seg8_8,8,8,0.12531052453665253,0.01326738474027276,390
weight,internal,seg8_1,8,1,0.38354067967932837,4.0840625833177406e-15,390
weight,internal,seg8_2,8,2,0.3911220423716232,1.0488031569462069e-15,390
weight,internal,seg8_3,8,3,0.4208784275318097,3.5598557837601085e-18,390
weight,internal,seg8_4,8,4,0.4524329886990053,4.4765300081874055e-21,390
weight,internal,seg8_5,8,5,0.5129626654725676,1.4717844305905456e-27,390
weight,internal,seg8_6,8,6,0.507084376804708,7.170897808418304e-27,390
weight,internal,seg8_7,8,7,0.4713192124513751,5.818319324454207e-23,390
weight,internal,seg8_8,8,8,0.40643191283448893,6.041087152486398e-17,390
age,external,seg8_1,8,1,-0.1022049567066978,0.03453346256657958,428
age,external,seg8_2,8,2,-0.03854645691563485,0.4263699284598518,428
age,external,seg8_3,8,3,0.02081769123255072,0.6675835716807208,428
age,external,seg8_4,8,4,0.10259037998779688,0.03385449247438715,428
age,external,seg8_5,8,5,0.1261865110347345,0.008964991024542643,428
age,external,seg8_6,8,6,0.11372116427297069,0.018600574279350017,428
age,external,seg8_7,8,7,0.07530068732647283,0.11983038363355891,428
age,external,seg8_8,8,8,0.045546308555697745,0.3472167458909776,428
height,external,seg8_1,8,1,0.12267872792604101,0.011079652884312926,428
height,external,seg8_2,8,2,0.09187285576109297,0.057546062037221964,428
height,external,seg8_3,8,3,0.06742139107141634,0.16382246050056065,428
height,external,seg8_4,8,4,0.0014089247479723947,0.9768144782925111,428
height,external,seg8_5,8,5,-0.03349158461554438,0.4895360966258214,428
height,external,seg8_6,8,6,-0.040705071539060764,0.40090922812850466,428
height,external,seg8_7,8,7,-0.02870696617534579,0.5536633941948632,428
height,external,seg8_8,8,8,-0.007848465493339608,0.8713862098047529,428
weight,external,seg8_1,8,1,0.2965088998991071,3.910668862870446e-10,428
weight,external,seg8_2,8,2,0.27895384795233286,4.328891688145287e-09,428
weight,external,seg8_3,8,3,0.30135973229331037,1.9540138238594684e-10,428
weight,external,seg8_4,8,4,0.311543332378435,4.3642158440796835e-11,428
weight,external,seg8_5,8,5,0.3645240141056938,6.760459864238096e-15,428
weight,external,seg8_6,8,6,0.32436688338032393,6.079985854867354e-12,428
weight,external,seg8_7,8,7,0.2711695416634699,1.1927969400025351e-08,428
weight,external,seg8_8,8,8,0.24855762364606676,1.8972425900011872e-07,428
age,internal,seg16_1,16,1,-0.09788595673479555,0.053417716654438036,390
age,internal,seg16_2,16,2,-0.08888253878819685,0.0795802985806819,390
age,internal,seg16_3,16,3,-0.07710264663738656,0.1285031238005141,390
age,internal,seg16_4,16,4,-0.05527363362822599,0.27619991276556943,390
age,internal,seg16_5,16,5,-0.03279110963742292,0.5184946712488023,390
age,internal,seg16_6,16,6,0.006680636265703088,0.8953718931736175,390
age,internal,seg16_7,16,7,0.06619422272131342,0.1920746784643803,390
age,internal,seg16_8,16,8,0.10234624393176281,0.0433838234603366,390
age,internal,seg16_9,16,9,0.09047039786192343,0.07433052582586244,390
age,internal,seg16_10,16,10,0.08183089228629133,0.10662496650987459,390
age,internal,seg16_11,16,11,0.08226562798329143,0.10477086187001593,390
age,internal,seg16_12,16,12,0.07307881195612712,0.14973020213716723,390
age,internal,seg16_13,16,13,0.05518818228383718,0.2769441626885093,390
age,internal,seg16_14,16,14,0.045871667577445624,0.36628142793608914,390
age,internal,seg16_15,16,15,0.02799414316301818,0.5815147295975799,390
age,internal,seg16_16,16,16,0.022638468509815088,0.6558168475762057,390
height,internal,seg16_1,16,1,0.20498486374552208,4.532272910423101e-05,390
height,internal,seg16_2,16,2,0.21027030208141023,2.8382791191646616e-05,390
height,internal,seg16_3,16,3,0.21345671490966395,2.1282343653962292e-05,390
height,internal,seg16_4,16,4,0.20892096296194296,3.202110425130226e-05,390
height,internal,seg16_5,16,5,0.20291959326479675,5.4243006260529966e-05,390
height,internal,seg16_6,16,6,0.19222482793273668,0.00013365149429476813,390
height,internal,seg16_7,16,7,0.16156820808140215,0.0013669794965437115,390
height,internal,seg16_8,16,8,0.12978978555970525,0.01029450380679299,390
height,internal,seg16_9,16,9,0.11349335574358296,0.02500235441688895,390
height,internal,seg16_10,16,10,0.10730902821488589,0.03413258452170061,390
height,internal,seg16_11,16,11,0.10565946715402869,0.03700116844021555,390
height,internal,seg16_12,16,12,0.10894920170899838,0.03147028297974113,390
height,internal,seg16_13,16,13,0.11456289619421492,0.023658625484042215,390
height,internal,seg16_14,16,14,0.12691250906250476,0.012127002331911047,390
height,internal,seg16_15,16,15,0.12466844203063261,0.013750328728128574,390
height,internal,seg16_16,16,16,0.12136377906228121,0.016488495020957814,390
weight,internal,seg16_1,16,1,0.38096701447445924,6.4278295272943075e-15,390
weight,internal,seg16_2,16,2,0.38501101811517524,3.1461594792184873e-15,390
weight,internal,seg16_3,16,3,0.3873368079649246,2.0767168794792103e-15,390
weight,internal,seg16_4,16,4,0.39425333224658077,5.920568890518614e-16,390
weight,internal,seg16_5,16,5,0.4113459314495836,2.3415006673978923e-17,390
weight,internal,seg16_6,16,6,0.4278205407612895,8.691377205900384e-19,390
weight,internal,seg16_7,16,7,0.43651197436728384,1.41992045532339e-19,390
weight,internal,seg16_8,16,8,0.45981855135069316,8.4581713553388415e-22,390
weight,internal,seg16_9,16,9,0.5030181242411593,2.106483442962369e-26,390
weight,internal,seg16_10,16,10,0.5193926133850917,2.512535985600601e-28,390
weight,internal,seg16_11,16,11,0.5129179205861636,1.4898060007018884e-27,390
weight,internal,seg16_12,16,12,0.4988870676688649,6.203279271240106e-26,390
weight,internal,seg16_13,16,13,0.48327364085126073,3.2281818036828055e-24,390
weight,internal,seg16_14,16,14,0.4567644956642574,1.6930105147859981e-21,390
weight,internal,seg16_15,16,15,0.41662813263545717,8.306282161405625e-18,390
weight,internal,seg16_16,16,16,0.38039342507141655,7.107665026660401e-15,390
age,external,seg16_1,16,1,-0.11420305643230622,0.018104252552757,428
age,external,seg16_2,16,2,-0.09006720805136205,0.06265091519771898,428
age,external,seg16_3,16,3,-0.05518092870607418,0.25465251033477565,428
age,external,seg16_4,16,4,-0.021493252217008485,0.6574715963683782,428
age,external,seg16_5,16,5,0.004581330944098291,0.9247098965350513,428
age,external,seg16_6,16,6,0.037652632666898084,0.4371816660467664,428
age,external,seg16_7,16,7,0.08895316204071685,0.06598264809933536,428
age,external,seg16_8,16,8,0.1144671624451593,0.017837172007618963,428
age,external,seg16_9,16,9,0.1270609383124715,0.008497289594155069,428
age,external,seg16_10,16,10,0.1244881026334278,0.009939318274615232,428
age,external,seg16_11,16,11,0.11934421238018089,0.013487622109904318,428
age,external,seg16_12,16,12,0.10757323386906549,0.026051361219826794,428
age,external,seg16_13,16,13,0.08413886717116051,0.08209248024968324,428
age,external,seg16_14,16,14,0.0659130392447063,0.17347824198825232,428
age,external,seg16_15,16,15,0.04900014889949468,0.3118413084686925,428
age,external,seg16_16,16,16,0.04129455704197076,0.3941177683882977,428
height,external,seg16_1,16,1,0.12593105297393892,0.009105883853699929,428
height,external,seg16_2,16,2,0.11903059979188618,0.01373621536964046,428
height,external,seg16_3,16,3,0.10407290623415652,0.031347855074432864,428
height,external,seg16_4,16,4,0.07913119152117179,0.10207931213535541,428
height,external,seg16_5,16,5,0.07132078088068566,0.14073564076160763,428
height,external,seg16_6,16,6,0.06277955840426228,0.19488101541075628,428
height,external,seg16_7,16,7,0.01916789640081256,0.6925291497051056,428
height,external,seg16_8,16,8,-0.01636198305951253,0.7357158971628279,428
height,external,seg16_9,16,9,-0.0325976315770887,0.501207162290838,428
height,external,seg16_10,16,10,-0.03411185201795334,0.4815246370865213,428
height,external,seg16_11,16,11,-0.03950038729855715,0.415004392035997,428
height,external,seg16_12,16,12,-0.04167981695244996,0.3897169183646466,428
height,external,seg16_13,16,13,-0.03500968027815342,0.47005522231888397,428
height,external,seg16_14,16,14,-0.022124340124208157,0.6480813686809956,428
height,external,seg16_15,16,15,-0.015561412958910783,0.7481990608021787,428
height,external,seg16_16,16,16,0.00014837986668311647,0.9975578952155886,428
weight,external,seg16_1,16,1,0.2992020359402207,2.664729611061584e-10,428
weight,external,seg16_2,16,2,0.2927533663941611,6.632742683076933e-10,428
weight,external,seg16_3,16,3,0.28458973305992413,2.037046080316483e-09,428
weight,external,seg16_4,16,4,0.27219571768951123,1.045507783675656e-08,428
weight,external,seg16_5,16,5,0.29331070035953677,6.135557128283002e-10,428
weight,external,seg16_6,16,6,0.307299560537302,8.20845894333343e-11,428
weight,external,seg16_7,16,7,0.29486880031116547,4.930180120445969e-10,428
weight,external,seg16_8,16,8,0.3228887013931241,7.667688214663944e-12,428
weight,external,seg16_9,16,9,0.3592282748566246,1.754299801383782e-14,428
weight,external,seg16_10,16,10,0.367057484448291,4.257251959842839e-15,428
weight,external,seg16_11,16,11,0.34125890413034654,3.9168972206451227e-13,428
weight,external,seg16_12,16,12,0.30598889809590674,9.95654580857831e-11,428
weight,external,seg16_13,16,13,0.278500298251952,4.5962552069274976e-09,428
weight,external,seg16_14,16,14,0.2624483052414155,3.576451210878954e-08,428
weight,external,seg16_15,16,15,0.24845805535542592,1.9193963564192284e-07,428
weight,external,seg16_16,16,16,0.24469252592739543,2.966607732464071e-07,428
age,internal,seg32_1,32,1,-0.09980959935733819,0.048875562444521854,390
age,internal,seg32_2,32,2,-0.09585144849647179,0.05859833079307694,390
age,internal,seg32_3,32,3,-0.0905187085948087,0.0741753303271528,390
age,internal,seg32_4,32,4,-0.08718282730359792,0.08552851226206735,390
age,internal,seg32_5,32,5,-0.08101151079513044,0.11018988795301872,390
age,internal,seg32_6,32,6,-0.07315253837765043,0.1493186640674597,390
age,internal,seg32_7,32,7,-0.061001102740973874,0.2293914255137684,390
age,internal,seg32_8,32,8,-0.0494786486787024,0.32976585287953847,390
age,internal,seg32_9,32,9,-0.038267294839483254,0.4511081715880661,390
age,internal,seg32_10,32,10,-0.02716537669283098,0.5927536445977504,390
age,internal,seg32_11,32,11,-0.005944526391429601,0.9068448372150417,390
age,internal,seg32_12,32,12,0.01948742778050047,0.7012401039035563,390
age,internal,seg32_13,32,13,0.04981513952545122,0.32648341562981825,390
age,internal,seg32_14,32,14,0.08212451417903903,0.10536988240598884,390
age,internal,seg32_15,32,15,0.1002749165915579,0.04782672911153992,390
age,internal,seg32_16,32,16,0.1037554897295602,0.04056392107721061,390
age,internal,seg32_17,32,17,0.09450084823031324,0.06226188400360398,390
age,internal,seg32_18,32,18,0.08632982731476009,0.08864577090265484,390
age,internal,seg32_19,32,19,0.0823651592725233,0.10434997896225498,390
age,internal,seg32_20,32,20,0.08121594074105128,0.10929180149777493,390
age,internal,seg32_21,32,21,0.08146580680316101,0.10820194937680956,390
age,internal,seg32_22,32,22,0.0829905330003184,0.10173601979905576,390
age,internal,seg32_23,32,23,0.07721219610229618,0.12795962416728274,390
age,internal,seg32_24,32,24,0.06878435933428065,0.17521753879118215,390
age,internal,seg32_25,32,25,0.05929362620422955,0.24271611852555752,390
age,internal,seg32_26,32,26,0.0509580682143979,0.3154927409919782,390
age,internal,seg32_27,32,27,0.04992500412843722,0.3254162919169319,390
age,internal,seg32_28,32,28,0.04161075837722788,0.4125217842882162,390
age,internal,seg32_29,32,29,0.03472795603042915,0.49408436528119376,390
age,internal,seg32_30,32,30,0.02080928738399858,0.6820438083929387,390
age,internal,seg32_31,32,31,0.020060563312724232,0.6928927083871393,390
age,internal,seg32_32,32,32,0.024837115754677796,0.6248454074051902,390
height,internal,seg32_1,32,1,0.20392984408726372,4.969048965325184e-05,390
height,internal,seg32_2,32,2,0.20582278084714545,4.211489015035955e-05,390
height,internal,seg32_3,32,3,0.20841889908332137,3.348424119895026e-05,390
height,internal,seg32_4,32,4,0.2119802330174724,2.4332758553564454e-05,390
height,internal,seg32_5,32,5,0.21333586873991878,2.1517702663672423e-05,390
height,internal,seg32_6,32,6,0.2134736476310668,2.1249561276094794e-05,390
height,internal,seg32_7,32,7,0.21085882733632755,2.692173634509792e-05,390
height,internal,seg32_8,32,8,0.2068355559113637,3.8523890436625614e-05,390
height,internal,seg32_9,32,9,0.2039588289604944,4.956535788104238e-05,390
height,internal,seg32_10,32,10,0.20154790068561895,6.105707633953229e-05,390
height,internal,seg32_11,32,11,0.1972524079793187,8.799409656557101e-05,390
height,internal,seg32_12,32,12,0.18662527738611379,0.0002102785614217849,390
height,internal,seg32_13,32,13,0.17041185696997846,0.0007266734350002472,390
height,internal,seg32_14,32,14,0.15202884155540064,0.0026106880823578487,390
height,internal,seg32_15,32,15,0.1362921360858234,0.0070282378086144875,390
height,internal,seg32_16,32,16,0.12282454603470042,0.015224232948843454,390
height,internal,seg32_17,32,17,0.11592987064239706,0.022032427314017146,390
height,internal,seg32_18,32,18,0.11080570702869424,0.02867288286357672,390
height,internal,seg32_19,32,19,0.10858581168743525,0.03204431002845168,390
height,internal,seg32_20,32,20,0.10593020679662564,0.03651678001725226,390
height,internal,seg32_21,32,21,0.1049494537080726,0.03829743118885848,390
height,internal,seg32_22,32,22,0.10626955892040929,0.035917245584029714,390
height,internal,seg32_23,32,23,0.10781155369498088,0.033297233298878515,390
height,internal,seg32_24,32,24,0.10997177906981552,0.029901905208713695,390
height,internal,seg32_25,32,25,0.11142118678707977,0.02779383029918598,390
height,internal,seg32_26,32,26,0.11760205089147391,0.02017559810437799,390
height,internal,seg32_27,32,27,0.12501388121665416,0.013488617659260122,390
height,internal,seg32_28,32,28,0.12853727561330686,0.011059668369466032,390
height,internal,seg32_29,32,29,0.12695140263263704,0.012100426259743433,390
height,internal,seg32_30,32,30,0.12137360252618197,0.01647969517111429,390
height,internal,seg32_31,32,31,0.1192557338909007,0.018474615352714472,390
height,internal,seg32_32,32,32,0.12092861861106255,0.016882458998822812,390
weight,internal,seg32_1,32,1,0.38031702521911476,7.203377195750131e-15,390
weight,internal,seg32_2,32,2,0.3812096316616068,6.159848754122527e-15,390
weight,internal,seg32_3,32,3,0.383466956311326,4.137698975195163e-15,390
weight,internal,seg32_4,32,4,0.38629318581116456,2.5032523400542884e-15,390
weight,internal,seg32_5,32,5,0.38641344353930684,2.4500275070737526e-15,390
weight,internal,seg32_6,32,6,0.388072272695421,1.8198318262819955e-15,390
weight,internal,seg32_7,32,7,0.3911401965650563,1.0453502963436065e-15,390
weight,internal,seg32_8,32,8,0.39712501637826125,3.485707721159389e-16,390
weight,internal,seg32_9,32,9,0.40648251039711614,5.982894416828736e-17,390
weight,internal,seg32_10,32,10,0.41566123996477355,1.0055179274874522e-17,390
weight,internal,seg32_11,32,11,0.42464546356157107,1.6630645350377956e-18,390
weight,internal,seg32_12,32,12,0.4299487657731158,5.604223109414198e-19,390
weight,internal,seg32_13,32,13,0.43291418735466924,3.024963920575393e-19,390
weight,internal,seg32_14,32,14,0.43800506203835793,1.0346677037591541e-19,390
weight,internal,seg32_15,32,15,0.44890480387686593,9.783192161186904e-21,390
weight,internal,seg32_16,32,16,0.46769137014062545,1.368530166062668e-22,390
weight,internal,seg32_17,32,17,0.4928190131156862,2.952266375908541e-25,390
weight,internal,seg32_18,32,18,0.5111984761449314,2.374921004009984e-27,390
weight,internal,seg32_19,32,19,0.5197129958362944,2.298422095761525e-28,390
weight,internal,seg32_20,32,20,0.5185400337079542,3.183110787806073e-28,390
weight,internal,seg32_21,32,21,0.5149219545541437,8.622511449324623e-28,390
weight,internal,seg32_22,32,22,0.5103652241138211,2.9742546232307156e-27,390
weight,internal,seg32_23,32,23,0.5026617232785303,2.313544889866412e-26,390
weight,internal,seg32_24,32,24,0.4944315849040124,1.9562319876975471e-25,390
weight,internal,seg32_25,32,25,0.4867129996957773,1.3753442141409744e-24,390
weight,internal,seg32_26,32,26,0.4791780646839867,8.80591570158469e-24,390
weight,internal,seg32_27,32,27,0.46444450286646344,2.9172054179419323e-22,390
weight,internal,seg32_28,32,28,0.4477663383129335,1.2566140649940833e-20,390
weight,internal,seg32_29,32,29,0.42782595972844245,8.681705763670684e-19,390
weight,internal,seg32_30,32,30,0.40192033272758887,1.4226056480470643e-16,390
weight,internal,seg32_31,32,31,0.37963745666464477,8.112251938422237e-15,390
weight,internal,seg32_32,32,32,0.37292335507798025,2.5856298229845647e-14,390
age,external,seg32_1,32,1,-0.11973602315718375,0.013182615044292223,428
age,external,seg32_2,32,2,-0.1085307676992679,0.02474427510028767,428
age,external,seg32_3,32,3,-0.09639074326698978,0.04626603774175227,428
age,external,seg32_4,32,4,-0.08362762858277403,0.08397562341414255,428
age,external,seg32_5,32,5,-0.06376021039997193,0.18798488833049484,428
age,external,seg32_6,32,6,-0.046598351510668254,0.33618153342989004,428
age,external,seg32_7,32,7,-0.02960966131792172,0.5412578778574476,428
age,external,seg32_8,32,8,-0.01317681081695428,0.7857615374158219,428
age,external,seg32_9,32,9,-0.0020447074469385797,0.9663571424190245,428
age,external,seg32_10,32,10,0.011409202435722868,0.8139349235553911,428
age,external,seg32_11,32,11,0.025185679154109616,0.6033395971637505,428
age,external,seg32_12,32,12,0.05027674046931296,0.29938746814492834,428
age,external,seg32_13,32,13,0.08139504844772383,0.09261136821106143,428
age,external,seg32_14,32,14,0.09624350969272416,0.04660198755845284,428
age,external,seg32_15,32,15,0.10920596086141948,0.02385698493544772,428
age,external,seg32_16,32,16,0.11893700929577332,0.013811179408148988,428
age,external,seg32_17,32,17,0.12644731888246327,0.008823152255117905,428
age,external,seg32_18,32,18,0.12728756793665238,0.00837967692273946,428
age,external,seg32_19,32,19,0.12534600673434876,0.009436000559115254,428
age,external,seg32_20,32,20,0.12345396376230983,0.010577604630761253,428
age,external,seg32_21,32,21,0.12180342489205723,0.011671760231416953,428
age,external,seg32_22,32,22,0.11662589274514953,0.015780110805996186,428
age,external,seg32_23,32,23,0.11172662405086121,0.02078312432876119,428
age,external,seg32_24,32,24,0.10327115176905129,0.03268300539689889,428
age,external,seg32_25,32,25,0.08964772695540262,0.06388879351447653,428
age,external,seg32_26,32,26,0.07838899757590687,0.10534525571698132,428
age,external,seg32_27,32,27,0.07009860930125279,0.14768654110326923,428
age,external,seg32_28,32,28,0.0615446366431221,0.20382592576802486,428
age,external,seg32_29,32,29,0.05146715634546713,0.2880763186619264,428
age,external,seg32_30,32,30,0.046233877640776674,0.33997888362846235,428
age,external,seg32_31,32,31,0.0445713086365731,0.35764648086091544,428
age,external,seg32_32,32,32,0.03764923783256245,0.4372230276715622,428
height,external,seg32_1,32,1,0.12444589830532442,0.009964682684404248,428
height,external,seg32_2,32,2,0.1271312370875657,0.00846065064399599,428
height,external,seg32_3,32,3,0.12408709457927494,0.0101826513939281,428
height,external,seg32_4,32,4,0.11380944292730233,0.018508774459543444,428
height,external,seg32_5,32,5,0.10894344871469798,0.024198637458842428,428
height,external,seg32_6,32,6,0.0990780855364883,0.040482424669095955,428
height,external,seg32_7,32,7,0.08304970268308229,0.08614620645800261,428
height,external,seg32_8,32,8,0.07499471018585556,0.12134627598462716,428
height,external,seg32_9,32,9,0.0714339055042995,0.1401051557776821,428
height,external,seg32_10,32,10,0.07094820381626503,0.14282752461353426,428
height,external,seg32_11,32,11,0.06781623312219437,0.1613627998525261,428
height,external,seg32_12,32,12,0.05750231817977876,0.23518004230116102,428
height,external,seg32_13,32,13,0.03198683353885265,0.5092651381931775,428
height,external,seg32_14,32,14,0.006020495438845051,0.9011649591080634,428
height,external,seg32_15,32,15,-0.008659186660068399,0.8582344449234632,428
height,external,seg32_16,32,16,-0.023790787203213797,0.623555383670056,428
height,external,seg32_17,32,17,-0.03200638145326351,0.5090062084111795,428
height,external,seg32_18,32,18,-0.0330756779116576,0.49494778820699586,428
height,external,seg32_19,32,19,-0.033573249169209105,0.4884772350115998,428
height,external,seg32_20,32,20,-0.034588604996635144,0.47541548450022836,428
height,external,seg32_21,32,21,-0.03779570970988268,0.43544050103776405,428
height,external,seg32_22,32,22,-0.04109014295122835,0.39646492484853435,428
height,external,seg32_23,32,23,-0.042446865581640174,0.3810440054850913,428
height,external,seg32_24,32,24,-0.04085492011257152,0.3991762174776373,428
height,external,seg32_25,32,25,-0.03751946249165021,0.4388058530895588,428
height,external,seg32_26,32,26,-0.03239676646868456,0.5038496338227859,428
height,external,seg32_27,32,27,-0.025482127451972376,0.5990813773429458,428
height,external,seg32_28,32,28,-0.018678669983910115,0.6999923117204447,428
height,external,seg32_29,32,29,-0.014462193228875389,0.7654461305108874,428
height,external,seg32_30,32,30,-0.016584760944262804,0.7322543280564993,428
height,external,seg32_31,32,31,-0.006141065337280946,0.8991960560666543,428
height,external,seg32_32,32,32,0.006532793120386139,0.8928034801451818,428
weight,external,seg32_1,32,1,0.3007225719954591,2.1420403324197128e-10,428
weight,external,seg32_2,32,2,0.29709184792161303,3.6002799098529483e-10,428
weight,external,seg32_3,32,3,0.29312862986642785,6.293854207489699e-10,428
weight,external,seg32_4,32,4,0.29193182332592293,7.437730615303102e-10,428
weight,external,seg32_5,32,5,0.2881407252377308,1.2558833034149999e-09,428
weight,external,seg32_6,32,6,0.28059693927899265,3.4808896606671213e-09,428
weight,external,seg32_7,32,7,0.27346883939745287,8.871183409961621e-09,428
weight,external,seg32_8,32,8,0.2704165678823961,1.3134546973882981e-08,428
weight,external,seg32_9,32,9,0.28442767615470876,2.0821738195075493e-09,428
weight,external,seg32_10,32,10,0.30143464076240745,1.93299327954015e-10,428
weight,external,seg32_11,32,11,0.30895805220861416,6.420438615656475e-11,428
weight,external,seg32_12,32,12,0.30491108354220875,1.1661325619725574e-10,428
weight,external,seg32_13,32,13,0.2925675597663513,6.807040146301454e-10,428
weight,external,seg32_14,32,14,0.29585601192032374,4.2892253689707036e-10,428
weight,external,seg32_15,32,15,0.31176948916742797,4.2185375416918097e-11,428
weight,external,seg32_16,32,16,0.3318617980679516,1.838662316567617e-12,428
weight,external,seg32_17,32,17,0.35180290331568,6.485272578343326e-14,428
weight,external,seg32_18,32,18,0.3653769391838577,5.788376445274825e-15,428
weight,external,seg32_19,32,19,0.37021510173914374,2.378522588328945e-15,428
weight,external,seg32_20,32,20,0.36339123933738304,8.302451159736953e-15,428
weight,external,seg32_21,32,21,0.34980204906939194,9.170663586910881e-14,428
weight,external,seg32_22,32,22,0.33199235261252513,1.8002292486439178e-12,428
weight,external,seg32_23,32,23,0.3133606799258867,3.319474906693739e-11,428
weight,external,seg32_24,32,24,0.29819291772317347,3.0780800841942853e-10,428
weight,external,seg32_25,32,25,0.28413732170017186,2.165467216716167e-09,428
weight,external,seg32_26,32,26,0.2722304731044423,1.0408411718177496e-08,428
weight,external,seg32_27,32,27,0.26409873011325197,2.9141622519429246e-08,428
weight,external,seg32_28,32,28,0.2602737485755048,4.6742197264820684e-08,428
weight,external,seg32_29,32,29,0.25438537183494425,9.533635137524747e-08,428
weight,external,seg32_30,32,30,0.24108031540119002,4.474854807879334e-07,428
weight,external,seg32_31,32,31,0.23888061694014256,5.729508603040382e-07,428
weight,external,seg32_32,32,32,0.2487060024608122,1.8646849532036196e-07,428
age,internal,seg64_1,64,1,-0.09928393237123054,0.05008349257553945,390
age,internal,seg64_2,64,2,-0.1002862041779535,0.04780152263240883,390
age,internal,seg64_3,64,3,-0.09632007163963366,0.05736960712036891,390
age,internal,seg64_4,64,4,-0.09534948020639322,0.05993855295032008,390
age,internal,seg64_5,64,5,-0.09231648081835225,0.06858510400292966,390
age,internal,seg64_6,64,6,-0.08868951108315228,0.08023846821880705,390
age,internal,seg64_7,64,7,-0.08795891751123579,0.08276957775171714,390
age,internal,seg64_8,64,8,-0.08638852970727035,0.08842836259554646,390
age,internal,seg64_9,64,9,-0.08246667359606163,0.10392208955845278,390
age,internal,seg64_10,64,10,-0.07954147236617512,0.1168200549391492,390
age,internal,seg64_11,64,11,-0.07582745690595372,0.1349618407013205,390
age,internal,seg64_12,64,12,-0.0704587840969372,0.1649210908325705,390
age,internal,seg64_13,64,13,-0.06396816305330885,0.20748675227272984,390
age,internal,seg64_14,64,14,-0.05801698298255398,0.2530265794315522,390
age,internal,seg64_15,64,15,-0.05216219769987282,0.30417851484184644,390
age,internal,seg64_16,64,16,-0.046767299172444876,0.35698794559924407,390
age,internal,seg64_17,64,17,-0.041117159072352694,0.4180925528894271,390
age,internal,seg64_18,64,18,-0.0353805037782179,0.48600035265224883,390
age,internal,seg64_19,64,19,-0.03152576060906723,0.5347708455729207,390
age,internal,seg64_20,64,20,-0.02274863623943908,0.6542502666569321,390
age,internal,seg64_21,64,21,-0.010757429014377961,0.8322892687962599,390
age,internal,seg64_22,64,22,-0.0010937037133487513,0.9828231959113202,390
age,internal,seg64_23,64,23,0.010948809381031677,0.8293509452515891,390
age,internal,seg64_24,64,24,0.028068006691803676,0.5805179013776269,390
age,internal,seg64_25,64,25,0.04303933206032134,0.396647805562818,390
age,internal,seg64_26,64,26,0.056517640471555594,0.2655188596979471,390
age,internal,seg64_27,64,27,0.07374536982478835,0.1460406989381673,390
age,internal,seg64_28,64,28,0.09031021730132323,0.07484698883458547,390
age,internal,seg64_29,64,29,0.09737281246897332,0.05468703282757524,390
age,internal,seg64_30,64,30,0.10294277201087612,0.04217064915174848,390
age,internal,seg64_31,64,31,0.10555678710566221,0.0371862965128873,390
age,internal,seg64_32,64,32,0.10185346934883792,0.04440802179642248,390
age,internal,seg64_33,64,33,0.0969519617605634,0.05574666345982909,390
age,internal,seg64_34,64,34,0.09200207423943077,0.06953708362099147,390
age,internal,seg64_35,64,35,0.08751521450035801,0.0843379710929537,390
age,internal,seg64_36,64,36,0.08510281750055013,0.09328909512306804,390
age,internal,seg64_37,64,37,0.08262451383761982,0.10325954239629669,390
age,internal,seg64_38,64,38,0.08207283008540696,0.10558995473551071,390
age,internal,seg64_39,64,39,0.08165869647896931,0.10736648862426622,390
age,internal,seg64_40,64,40,0.08074840457421625,0.11135428241944219,390
age,internal,seg64_41,64,41,0.08043250088912043,0.11276509059312301,390
age,internal,seg64_42,64,42,0.08247965777045557,0.10386746074282088,390
age,internal,seg64_43,64,43,0.08376995095000389,0.0985511777837078,390
age,internal,seg64_44,64,44,0.0821754926327005,0.10515317003179969,390
age,internal,seg64_45,64,45,0.07929293939258383,0.11797120888695571,390
age,internal,seg64_46,64,46,0.07508424870856453,0.1388397510377728,390
age,internal,seg64_47,64,47,0.07113378288587072,0.1609011821073007,390
age,internal,seg64_48,64,48,0.06638386102745178,0.19080155393592746,390
age,internal,seg64_49,64,49,0.06135643652641444,0.22668495204695135,390
age,internal,seg64_50,64,50,0.05719263250445748,0.2598435217007063,390
age,internal,seg64_51,64,51,0.05349496288359763,0.2919724102850391,390
age,internal,seg64_52,64,52,0.04838102888668797,0.3406204484461219,390
age,internal,seg64_53,64,53,0.04952659954119461,0.32929680026183594,390
age,internal,seg64_54,64,54,0.050282010770379706,0.321964280396733,390
age,internal,seg64_55,64,55,0.04307550902930699,0.3962506425177195,390
age,internal,seg64_56,64,56,0.040073781553718574,0.43001232764264596,390
age,internal,seg64_57,64,57,0.037710147470604895,0.45773026475367373,390
age,internal,seg64_58,64,58,0.031640590980590945,0.5332832597004119,390
age,internal,seg64_59,64,59,0.02266904230315028,0.655381937804145,390
age,internal,seg64_60,64,60,0.018859804823418213,0.7104224312951878,390
age,internal,seg64_61,64,61,0.01952292905879915,0.7007219903308994,390
age,internal,seg64_62,64,62,0.020500289068851846,0.6865133728497111,390
age,internal,seg64_63,64,63,0.02497487936964436,0.6229258511755592,390
age,internal,seg64_64,64,64,0.0245199466598561,0.6292743769273061,390
height,internal,seg64_1,64,1,0.20393292411599745,4.9677178585541245e-05,390
height,internal,seg64_2,64,2,0.203825145444199,5.014497761583931e-05,390
height,internal,seg64_3,64,3,0.2045148444176034,4.7221798142497976e-05,390
height,internal,seg64_4,64,4,0.2070605900828967,3.776628836083582e-05,390
height,internal,seg64_5,64,5,0.2080038875234603,3.4741216355017017e-05,390
height,internal,seg64_6,64,6,0.20876887122928417,3.2457822443308516e-05,390
height,internal,seg64_7,64,7,0.2108083801030831,2.7044128137137484e-05,390
height,internal,seg64_8,64,8,0.21310675113656719,2.1970721818973284e-05,390
height,internal,seg64_9,64,9,0.2132407348896434,2.1704718615940477e-05,390
height,internal,seg64_10,64,10,0.21339079460355162,2.1410425172996277e-05,390
height,internal,seg64_11,64,11,0.2139609872127903,2.0326318282101028e-05,390
height,internal,seg64_12,64,12,0.21294525046856128,2.2295464244687766e-05,390
height,internal,seg64_13,64,13,0.21167985965465347,2.500208168954039e-05,390
height,internal,seg64_14,64,14,0.20999116904174206,2.9101719511212893e-05,390
height,internal,seg64_15,64,15,0.20742271542605956,3.657665737260691e-05,390
height,internal,seg64_16,64,16,0.20618037550975565,4.081228580133202e-05,390
height,internal,seg64_17,64,17,0.20460704832925322,4.6843430262139047e-05,390
height,internal,seg64_18,64,18,0.20322777443580192,5.281411474686918e-05,390
height,internal,seg64_19,64,19,0.20185333383208798,5.9473337223238555e-05,390
height,internal,seg64_20,64,20,0.20110683715341454,6.341441686256188e-05,390
height,internal,seg64_21,64,21,0.1991019611632569,7.525310428746295e-05,390
height,internal,seg64_22,64,22,0.1952423380833277,0.00010412972673795895,390
height,internal,seg64_23,64,23,0.190006954105365,0.00016017790183355215,390
height,internal,seg64_24,64,24,0.18301208164484706,0.00027978643286432806,390
height,internal,seg64_25,64,25,0.17427910190109364,0.0005458550127461964,390
height,internal,seg64_26,64,26,0.16636046609117994,0.0009743865412759484,390
height,internal,seg64_27,64,27,0.1569880547514334,0.001873299032475859,390
height,internal,seg64_28,64,28,0.14683433400204954,0.0036584087618761114,390
height,internal,seg64_29,64,29,0.13995680592989826,0.005628162880133946,390
height,internal,seg64_30,64,30,0.13245359037824336,0.008821356894542439,390
height,internal,seg64_31,64,31,0.1252119236405585,0.013340562922901837,390
height,internal,seg64_32,64,32,0.120323752079565,0.017443722527876463,390
height,internal,seg64_33,64,33,0.11762791084120497,0.02014798472525283,390
height,internal,seg64_34,64,34,0.11414105796947605,0.02418096326084123,390
height,internal,seg64_35,64,35,0.11105363321790353,0.02831595704297222,390
height,internal,seg64_36,64,36,0.11048286570583984,0.02914343942581153,390
height,internal,seg64_37,64,37,0.10929617362462316,0.03093041357153565,390
height,internal,seg64_38,64,38,0.1078346238708655,0.033259305669158704,390
height,internal,seg64_39,64,39,0.10661150995012028,0.035321597770110465,390
height,internal,seg64_40,64,40,0.10521646469638907,0.03780551032767993,390
height,internal,seg64_41,64,41,0.10504084050376986,0.038128460418628995,390
height,internal,seg64_42,64,42,0.10482488199732788,0.03852878063323119,390
height,internal,seg64_43,64,43,0.10577135305339871,0.036800333221889525,390
height,internal,seg64_44,64,44,0.10673315146147827,0.0351117439437798,390
height,internal,seg64_45,64,45,0.10748680322897056,0.03383505087681094,390
height,internal,seg64_46,64,46,0.10809363478090497,0.03283601035257796,390
height,internal,seg64_47,64,47,0.10919008684534642,0.031094631959552015,390
height,internal,seg64_48,64,48,0.11071029850238204,0.028811262084403138,390
height,internal,seg64_49,64,49,0.11084215507675683,0.028620169822067675,390
height,internal,seg64_50,64,50,0.11196300228499391,0.027039245433765374,390
height,internal,seg64_51,64,51,0.11532504626317902,0.02273959776563769,390
height,internal,seg64_52,64,52,0.11984751345651078,0.017897030952080523,390
height,internal,seg64_53,64,53,0.12372165074158703,0.014490669566626084,390
height,internal,seg64_54,64,54,0.12620526545442023,0.012619332810036432,390
height,internal,seg64_55,64,55,0.12856942136659189,0.011039417704794446,390
height,internal,seg64_56,64,56,0.12834527258225292,0.011181309337898628,390
height,internal,seg64_57,64,57,0.12737654442653445,0.011813261624032238,390
height,internal,seg64_58,64,58,0.1263001646250922,0.01255226331257023,390
height,internal,seg64_59,64,59,0.1231077179954975,0.014989241222730362,390
height,internal,seg64_60,64,60,0.11924780132667473,0.018482466742637163,390
height,internal,seg64_61,64,61,0.11769777049875182,0.02007355243393958,390
height,internal,seg64_62,64,62,0.12020379013799146,0.017556953277590777,390
height,internal,seg64_63,64,63,0.12173033379056596,0.01616290738909981,390
height,internal,seg64_64,64,64,0.11925050285938132,0.018479792528269076,390
weight,internal,seg64_1,64,1,0.38086727089364314,6.541286538912109e-15,390
weight,internal,seg64_2,64,2,0.3795765716100562,8.198965568372631e-15,390
weight,internal,seg64_3,64,3,0.3796381119655976,8.111323554435731e-15,390
weight,internal,seg64_4,64,4,0.3826507245642101,4.779697262761162e-15,390
weight,internal,seg64_5,64,5,0.3832461390499064,4.302518339498486e-15,390
weight,internal,seg64_6,64,6,0.3835672364783759,4.064909093290596e-15,390
weight,internal,seg64_7,64,7,0.38515874224656077,3.0645368725292076e-15,390
weight,internal,seg64_8,64,8,0.38734536380928003,2.0735332248501257e-15,390
weight,internal,seg64_9,64,9,0.38696443433571936,2.2200226235584135e-15,390
weight,internal,seg64_10,64,10,0.38578981488953334,2.7386191705373264e-15,390
weight,internal,seg64_11,64,11,0.38765209993646643,1.962505095755709e-15,390
weight,internal,seg64_12,64,12,0.3884202893907424,1.7094065510260764e-15,390
weight,internal,seg64_13,64,13,0.38984051704024664,1.3230224582499861e-15,390
weight,internal,seg64_14,64,14,0.39235707802975694,8.376514088024309e-16,390
weight,internal,seg64_15,64,15,0.3948043197822937,5.350483588182119e-16,390
weight,internal,seg64_16,64,16,0.39933074380895206,2.3123232764005366e-16,390
weight,internal,seg64_17,64,17,0.4044631961395176,8.792783505744176e-17,390
weight,internal,seg64_18,64,18,0.40836269167035205,4.1705528182087e-17,390
weight,internal,seg64_19,64,19,0.41262952186014257,1.82327657749655e-17,390
weight,internal,seg64_20,64,20,0.4184455202930028,5.7903237831653174e-18,390
weight,internal,seg64_21,64,21,0.42153626202088856,3.1189750793239106e-18,390
weight,internal,seg64_22,64,22,0.42745841656727257,9.362273255798628e-19,390
weight,internal,seg64_23,64,23,0.42911597310401045,6.656543705500502e-19,390
weight,internal,seg64_24,64,24,0.4303123239678334,5.19787091851506e-19,390
weight,internal,seg64_25,64,25,0.4317947003070344,3.8205527648784166e-19,390
weight,internal,seg64_26,64,26,0.4335389107497722,2.65440572274355e-19,390
weight,internal,seg64_27,64,27,0.43629773184843196,1.485705941469757e-19,390
weight,internal,seg64_28,64,28,0.4389385386181689,8.482295796307735e-20,390
weight,internal,seg64_29,64,29,0.44543189824215157,2.0934539603806752e-20,390
weight,internal,seg64_30,64,30,0.45150982248496574,5.497500809558902e-21,390
weight,internal,seg64_31,64,31,0.46167592372694577,5.5271186509372255e-22,390
weight,internal,seg64_32,64,32,0.47293030192821484,3.966537987676309e-23,390
weight,internal,seg64_33,64,33,0.4857702750781644,1.7393818852400195e-24,390
weight,internal,seg64_34,64,34,0.4991297511810111,5.824274144223623e-26,390
weight,internal,seg64_35,64,35,0.507511603060075,6.397919409298375e-27,390
weight,internal,seg64_36,64,36,0.5144582097638257,9.788850705447416e-28,390
weight,internal,seg64_37,64,37,0.51897270655694,2.823248447295097e-28,390
weight,internal,seg64_38,64,38,0.520228150067366,1.9913366126395383e-28,390
weight,internal,seg64_39,64,39,0.5188689306148915,2.9057125532481666e-28,390
weight,internal,seg64_40,64,40,0.5180557543954639,3.6398242648728727e-28,390
weight,internal,seg64_41,64,41,0.5163344187537302,5.851888247636892e-28,390
weight,internal,seg64_42,64,42,0.5133411682767304,1.3277064389326615e-27,390
weight,internal,seg64_43,64,43,0.5116351943011802,2.1101854137639523e-27,390
weight,internal,seg64_44,64,44,0.5089020919372731,4.408938875268572e-27,390
weight,internal,seg64_45,64,45,0.5046867473677583,1.3560486306468788e-26,390
weight,internal,seg64_46,64,46,0.5004122914957837,4.1704390777689824e-26,390
weight,internal,seg64_47,64,47,0.4966546005582092,1.1052596638567628e-25,390
weight,internal,seg64_48,64,48,0.4919658067285593,3.6672529105599024e-25,390
weight,internal,seg64_49,64,49,0.48868971888092977,8.385748340672425e-25,390
weight,internal,seg64_50,64,50,0.48453878274165574,2.361250495608048e-24,390
weight,internal,seg64_51,64,51,0.48014492464071956,6.956932273550522e-24,390
weight,internal,seg64_52,64,52,0.47800570202459414,1.1707155487046417e-23,390
weight,internal,seg64_53,64,53,0.46928002020480086,9.421859260826566e-23,390
weight,internal,seg64_54,64,54,0.45914223293499157,9.869131992332942e-22,390
weight,internal,seg64_55,64,55,0.45380512943331425,3.294745640929085e-21,390
weight,internal,seg64_56,64,56,0.4410872298819376,5.3564888612446424e-20,390
weight,internal,seg64_57,64,57,0.4325239117076891,3.281822727785869e-19,390
weight,internal,seg64_58,64,58,0.42231670291690926,2.66517647876191e-18,390
weight,internal,seg64_59,64,59,0.4071283625577772,5.28675988368531e-17,390
weight,internal,seg64_60,64,60,0.39542298306789986,4.774456360462138e-16,390
weight,internal,seg64_61,64,61,0.38209833795341935,5.268584279041954e-15,390
weight,internal,seg64_62,64,62,0.3751087938314418,1.77819151067771e-14,390
weight,internal,seg64_63,64,63,0.3690824236529588,4.958561402563714e-14,390
weight,internal,seg64_64,64,64,0.3742013728272954,2.077954042363184e-14,390
age,external,seg64_1,64,1,-0.1216871680472042,0.011752471522856777,428
age,external,seg64_2,64,2,-0.11770215762157565,0.014834506437599329,428
age,external,seg64_3,64,3,-0.11156886630338651,0.020964881024089835,428
age,external,seg64_4,64,4,-0.10545152152327697,0.029161013984538627,428
age,external,seg64_5,64,5,-0.09882568823300189,0.04099828046373477,428
age,external,seg64_6,64,6,-0.09390660281470045,0.052213997546178816,428
age,external,seg64_7,64,7,-0.08831440098603253,0.06795770356955431,428
age,external,seg64_8,64,8,-0.07890054340829131,0.10308553956674779,428
age,external,seg64_9,64,9,-0.06865746876753051,0.15621517129522988,428
age,external,seg64_10,64,10,-0.05885629979361337,0.2243198550271088,428
age,external,seg64_11,64,11,-0.05081700018813606,0.2942179142702477,428
age,external,seg64_12,64,12,-0.042354362085232175,0.38208362357238473,428
age,external,seg64_13,64,13,-0.03372240750759085,0.486546429971431,428
age,external,seg64_14,64,14,-0.025434580625788062,0.5997634313467712,428
age,external,seg64_15,64,15,-0.016355896462169662,0.7358105474308331,428
age,external,seg64_16,64,16,-0.009965311924906267,0.8371298167852605,428
age,external,seg64_17,64,17,-0.0044627217592591965,0.9266535796676793,428
age,external,seg64_18,64,18,0.00041123342575542093,0.993231799570532,428
age,external,seg64_19,64,19,0.007564665428229582,0.87599867976396,428
age,external,seg64_20,64,20,0.015291609893730365,0.752421108104072,428
age,external,seg64_21,64,21,0.021039135811976667,0.6642621868558533,428
age,external,seg64_22,64,22,0.029348558898181182,0.5448318809041782,428
age,external,seg64_23,64,23,0.043326678613244976,0.37124278239169833,428
age,external,seg64_24,64,24,0.057271456160647286,0.23706816790808502,428
age,external,seg64_25,64,25,0.07578427677842987,0.11746474056564975,428
age,external,seg64_26,64,26,0.08697391289471319,0.07226014808590155,428
age,external,seg64_27,64,27,0.09435640701937431,0.051092057008105624,428
age,external,seg64_28,64,28,0.09799846480355962,0.042728045065032735,428
age,external,seg64_29,64,29,0.10585075826084338,0.028552681210228976,428
age,external,seg64_30,64,30,0.11234070776108285,0.020088594740660763,428
age,external,seg64_31,64,31,0.11543123142458439,0.01689122464649487,428
age,external,seg64_32,64,32,0.12220309799332311,0.011398012666311302,428
age,external,seg64_33,64,33,0.12558680763762378,0.009298860060184256,428
age,external,seg64_34,64,34,0.1271648370509011,0.008443188487886314,428
age,external,seg64_35,64,35,0.1268331968169461,0.00861695877402292,428
age,external,seg64_36,64,36,0.1276392032811538,0.00820006173808711,428
age,external,seg64_37,64,37,0.1258980884138119,0.009124207555503503,428
age,external,seg64_38,64,38,0.12471924442323983,0.00980141805684611,428
age,external,seg64_39,64,39,0.12340667089740759,0.01060764421199559,428
age,external,seg64_40,64,40,0.12343996155845763,0.01058649071354146,428
age,external,seg64_41,64,41,0.12272371227061649,0.011049954275008322,428
age,external,seg64_42,64,42,0.12080472802014375,0.012381356859252122,428
age,external,seg64_43,64,43,0.11789078519795183,0.014674004672908966,428
age,external,seg64_44,64,44,0.1152936718336233,0.017023456483502022,428
age,external,seg64_45,64,45,0.11303960881444722,0.019322775797265507,428
age,external,seg64_46,64,46,0.11037813117632425,0.02238183023561871,428
age,external,seg64_47,64,47,0.10632798980898617,0.027839825400484644,428
age,external,seg64_48,64,48,0.10015877124090404,0.038335269963845425,428
age,external,seg64_49,64,49,0.09324564696449904,0.053899802078962125,428
age,external,seg64_50,64,50,0.08597048920750497,0.07562412659851675,428
age,external,seg64_51,64,51,0.08052508568891885,0.09616306609364642,428
age,external,seg64_52,64,52,0.07619863096785046,0.1154669803522207,428
age,external,seg64_53,64,53,0.07201082760899925,0.13692338757030376,428
age,external,seg64_54,64,54,0.06815162749582568,0.15929538459601256,428
age,external,seg64_55,64,55,0.06349141777171774,0.18985698244815,428
age,external,seg64_56,64,56,0.05950515776680724,0.21924397295556544,428
age,external,seg64_57,64,57,0.053892921878067476,0.26592605581285267,428
age,external,seg64_58,64,58,0.04893062178349819,0.3125292163137614,428
age,external,seg64_59,64,59,0.0469393696568285,0.332653288158645,428
age,external,seg64_60,64,60,0.045448543786612776,0.3482537669774202,428
age,external,seg64_61,64,61,0.04558094466550698,0.34684982017962995,428
age,external,seg64_62,64,62,0.043472129565541875,0.3696375881529245,428
age,external,seg64_63,64,63,0.038255736089642965,0.429869336297918,428
age,external,seg64_64,64,64,0.03691891404553338,0.4461731174200146,428
height,external,seg64_1,64,1,0.12446961840208683,0.00995042006404184,428
height,external,seg64_2,64,2,0.12431850099955782,0.01004159610515155,428
height,external,seg64_3,64,3,0.12643612770759244,0.00882919724052288,428
height,external,seg64_4,64,4,0.127737565390096,0.008150436803272869,428
height,external,seg64_5,64,5,0.12659334692148505,0.008744611298064685,428
height,external,seg64_6,64,6,0.1215173021068494,0.011871287865480471,428
height,external,seg64_7,64,7,0.11684584236422446,0.015582677795596876,428
height,external,seg64_8,64,8,0.11070373195972841,0.021986360875000804,428
height,external,seg64_9,64,9,0.11004995730146108,0.022786645951604897,428
height,external,seg64_10,64,10,0.10776409231029183,0.025786183226924345,428
height,external,seg64_11,64,11,0.10264473562737936,0.03375965964315284,428
height,external,seg64_12,64,12,0.09545935175469922,0.0484258867238582,428
height,external,seg64_13,64,13,0.08602172011263245,0.07544934300648189,428
height,external,seg64_14,64,14,0.07999173546506873,0.09839367969368788,428
height,external,seg64_15,64,15,0.07595258149736112,0.11665004304701009,428
height,external,seg64_16,64,16,0.07398478146397355,0.1264559773902552,428
height,external,seg64_17,64,17,0.07185758364822967,0.13776307080937988,428
height,external,seg64_18,64,18,0.07093828807439456,0.14288352098049284,428
height,external,seg64_19,64,19,0.07165846000748669,0.13886004916192887,428
height,external,seg64_20,64,20,0.07015837780628437,0.14734064759039106,428
height,external,seg64_21,64,21,0.06984811877631271,0.14914291450308276,428
height,external,seg64_22,64,22,0.06571640382103018,0.17476760601636132,428
height,external,seg64_23,64,23,0.06121987460119037,0.20622696538169583,428
height,external,seg64_24,64,24,0.05366687161035949,0.26793939085156643,428
height,external,seg64_25,64,25,0.039428097699343016,0.41585938215739704,428
height,external,seg64_26,64,26,0.02441086674693141,0.614532600186998,428
height,external,seg64_27,64,27,0.010334584546913456,0.8311834679207986,428
height,external,seg64_28,64,28,0.0016629121932550985,0.9726363232630862,428
height,external,seg64_29,64,29,-0.005880088102683541,0.9034585700073143,428
height,external,seg64_30,64,30,-0.011403364646660002,0.814028390693565,428
height,external,seg64_31,64,31,-0.019748596995062727,0.6837090504498043,428
height,external,seg64_32,64,32,-0.027732512941471475,0.5672089340338815,428
height,external,seg64_33,64,33,-0.03027490531601777,0.5322049935841121,428
height,external,seg64_34,64,34,-0.033673721018284045,0.48717620811095075,428
height,external,seg64_35,64,35,-0.033099807673430556,0.49463294870360697,428
height,external,seg64_36,64,36,-0.03302675227751952,0.4955864858553983,428
height,external,seg64_37,64,37,-0.033706284093815486,0.4867549438470683,428
height,external,seg64_38,64,38,-0.03342006140862461,0.4904644761014167,428
height,external,seg64_39,64,39,-0.034801475457284445,0.47270148934150175,428
height,external,seg64_40,64,40,-0.034360329163081925,0.4783353306770632,428
height,external,seg64_41,64,41,-0.036301796339006494,0.45381623065131216,428
height,external,seg64_42,64,42,-0.0392493633291644,0.41797776934763503,428
height,external,seg64_43,64,43,-0.03983553258999037,0.411054078489015,428
height,external,seg64_44,64,44,-0.04231335764166312,0.3825450137387895,428
height,external,seg64_45,64,45,-0.04300666778280524,0.37478955996706287,428
height,external,seg64_46,64,46,-0.041873773951958175,0.3875126503224602,428
height,external,seg64_47,64,47,-0.04146925123789273,0.39211852283325505,428
height,external,seg64_48,64,48,-0.04021961428275246,0.4065544249167696,428
height,external,seg64_49,64,49,-0.03897067936404354,0.42129338049240317,428
height,external,seg64_50,64,50,-0.03603541907237234,0.45713796159064335,428
height,external,seg64_51,64,51,-0.034464766473236985,0.4769982763395898,428
height,external,seg64_52,64,52,-0.03029841988621821,0.5318864024131771,428
height,external,seg64_53,64,53,-0.027126435621031533,0.5757128398699338,428
height,external,seg64_54,64,54,-0.023822176810707574,0.6230972625702165,428
height,external,seg64_55,64,55,-0.019592808380591537,0.6860711230637123,428
height,external,seg64_56,64,56,-0.017733490462728523,0.7144925637637801,428
height,external,seg64_57,64,57,-0.014181831499936345,0.7698640799860709,428
height,external,seg64_58,64,58,-0.01471919028345272,0.7614030268576093,428
height,external,seg64_59,64,59,-0.016921608845569005,0.7270306294618231,428
height,external,seg64_60,64,60,-0.016219130950106353,0.7379383850968533,428
height,external,seg64_61,64,61,-0.012030085078308137,0.804009478738413,428
height,external,seg64_62,64,62,-0.0002211113174332268,0.9963608541184813,428
height,external,seg64_63,64,63,0.005792775772548872,0.9048852585701058,428
height,external,seg64_64,64,64,0.007260177226497423,0.8809520513920915,428
weight,external,seg64_1,64,1,0.3022478157711645,1.7185091339506535e-10,428
weight,external,seg64_2,64,2,0.2989597590847213,2.758742980748786e-10,428
weight,external,seg64_3,64,3,0.29789161696887895,3.2131559730354297e-10,428
weight,external,seg64_4,64,4,0.2961077333204012,4.13922989990876e-10,428
weight,external,seg64_5,64,5,0.2939880858215899,5.579907892989794e-10,428
weight,external,seg64_6,64,6,0.2921173900110127,7.247990951787068e-10,428
weight,external,seg64_7,64,7,0.2914117745960828,7.995562606928097e-10,428
weight,external,seg64_8,64,8,0.2922381562764632,7.127045264066255e-10,428
weight,external,seg64_9,64,9,0.29063394991474634,8.906506018843911e-10,428
weight,external,seg64_10,64,10,0.28545115873307636,1.812653331924206e-09,428
weight,external,seg64_11,64,11,0.28186932754987953,2.9372370602024353e-09,428
weight,external,seg64_12,64,12,0.2791799808324408,4.201285557258887e-09,428
weight,external,seg64_13,64,13,0.27473945749808426,7.523305830857614e-09,428
weight,external,seg64_14,64,14,0.27200359449710376,1.0716720448092156e-08,428
weight,external,seg64_15,64,15,0.2685079776706585,1.6746205571140687e-08,428
weight,external,seg64_16,64,16,0.2721788890308029,1.0477746435957237e-08,428
weight,external,seg64_17,64,17,0.2793632884363597,4.100529813804086e-09,428
weight,external,seg64_18,64,18,0.28930627413373755,1.0699464098998317e-09,428
weight,external,seg64_19,64,19,0.2997417268833719,2.466377896598749e-10,428
weight,external,seg64_20,64,20,0.30284977766415183,1.574845783651279e-10,428
weight,external,seg64_21,64,21,0.30722995190860347,8.293258215442326e-11,428
weight,external,seg64_22,64,22,0.31046978389032576,5.125372481786608e-11,428
weight,external,seg64_23,64,23,0.3079891002464936,7.412799424660973e-11,428
weight,external,seg64_24,64,24,0.30144885824605727,1.9290285523221232e-10,428
weight,external,seg64_25,64,25,0.29453625348530643,5.166364813629111e-10,428
weight,external,seg64_26,64,26,0.29020383666679817,9.452736450736604e-10,428
weight,external,seg64_27,64,27,0.29215290126664156,7.212221377449975e-10,428
weight,external,seg64_28,64,28,0.29913622151928776,2.6899552848643556e-10,428
weight,external,seg64_29,64,29,0.30637693166370983,9.404342120525565e-11,428
weight,external,seg64_30,64,30,0.3165617239110864,2.0406801547205003e-11,428
weight,external,seg64_31,64,31,0.3263258616918686,4.461890415370813e-12,428
weight,external,seg64_32,64,32,0.3367956936004921,8.217703734232621e-13,428
weight,external,seg64_33,64,33,0.3474822534778529,1.3662315143202286e-13,428
weight,external,seg64_34,64,34,0.3556901529207519,3.2849114656910756e-14,428
weight,external,seg64_35,64,35,0.3628700692775071,9.123068832671204e-15,428
weight,external,seg64_36,64,36,0.3675728387259546,3.87307388651182e-15,428
weight,external,seg64_37,64,37,0.37091942681892304,2.0870569533380067e-15,428
weight,external,seg64_38,64,38,0.36928083757496866,2.827488127569062e-15,428
weight,external,seg64_39,64,39,0.3657611562861415,5.396605451820464e-15,428
weight,external,seg64_40,64,40,0.36086051565043176,1.3100294094588957e-14,428
weight,external,seg64_41,64,41,0.35399844392314594,4.421620087813944e-14,428
weight,external,seg64_42,64,42,0.3453943793296991,1.9503850613873024e-13,428
weight,external,seg64_43,64,43,0.33772837316865034,7.045788444455619e-13,428
weight,external,seg64_44,64,44,0.3260743098064671,4.643327045719999e-12,428
weight,external,seg64_45,64,45,0.31664010937380305,2.0163648629952657e-11,428
weight,external,seg64_46,64,46,0.30998033365997,5.5139614702602146e-11,428
weight,external,seg64_47,64,47,0.30157757909307426,1.8934915382481774e-10,428
weight,external,seg64_48,64,48,0.2946570101440167,5.079354596649209e-10,428
weight,external,seg64_49,64,49,0.28760667427206604,1.351225432864893e-09,428
weight,external,seg64_50,64,50,0.28047029211932945,3.5400602922009656e-09,428
weight,external,seg64_51,64,51,0.2740398153865563,8.238808903630078e-09,428
weight,external,seg64_52,64,52,0.2702700856446552,1.338262630530868e-08,428
weight,external,seg64_53,64,53,0.2652442133349818,2.525968005470376e-08,428
weight,external,seg64_54,64,54,0.2628414579075893,3.4065997815118894e-08,428
weight,external,seg64_55,64,55,0.26210020832690994,3.733645588036325e-08,428
weight,external,seg64_56,64,56,0.2581128849365853,6.084071389596943e-08,428
weight,external,seg64_57,64,57,0.2566379921341373,7.273491331424297e-08,428
weight,external,seg64_58,64,58,0.2516638141758452,1.3175033992573664e-07,428
weight,external,seg64_59,64,59,0.2441012545510809,3.174487903357212e-07,428
weight,external,seg64_60,64,60,0.23764416403936262,6.576548987082948e-07,428
weight,external,seg64_61,64,61,0.23514875039437316,8.666762672514737e-07,428
weight,external,seg64_62,64,62,0.2421621475212561,3.95920763766371e-07,428
weight,external,seg64_63,64,63,0.24621013283283297,2.4912604121564384e-07,428
weight,external,seg64_64,64,64,0.2504519974788807,1.5198027634209465e-07,428
age,internal,seg128_1,128,1,-0.09842327395820646,0.05211497282651862,390
age,internal,seg128_2,128,2,-0.10012752826873027,0.04815688675566152,390
age,internal,seg128_3,128,3,-0.10097647471162965,0.046281070095031844,390
age,internal,seg128_4,128,4,-0.0995784581004254,0.04940366729366855,390
age,internal,seg128_5,128,5,-0.09717110030182882,0.05519280305936838,390
age,internal,seg128_6,128,6,-0.09545766472474138,0.059647586764153854,390
age,internal,seg128_7,128,7,-0.09577645693692768,0.05879696387530696,390
age,internal,seg128_8,128,8,-0.09491231609698665,0.061126288267580244,390
age,internal,seg128_9,128,9,-0.09323575267665248,0.06586272765133105,390
age,internal,seg128_10,128,10,-0.09138587970620402,0.07143418206637717,390
age,internal,seg128_11,128,11,-0.08940985853643216,0.07780455093814502,390
age,internal,seg128_12,128,12,-0.08796056960554109,0.08276378226525659,390
age,internal,seg128_13,128,13,-0.08800218706656732,0.0826178977734264,390
age,internal,seg128_14,128,14,-0.08790773969298396,0.08294926999941282,390
age,internal,seg128_15,128,15,-0.08720689678856378,0.08544184839143674,390
age,internal,seg128_16,128,16,-0.08556488794385414,0.09151818575342434,390
age,internal,seg128_17,128,17,-0.08335474489359504,0.10023776942083418,390
age,internal,seg128_18,128,18,-0.08157359284561033,0.10773446741112766,390
age,internal,seg128_19,128,19,-0.08008141933000124,0.11434942537509539,390
age,internal,seg128_20,128,20,-0.07899605877873907,0.11935789705409004,390
age,internal,seg128_21,128,21,-0.07695178422940921,0.12925450948083583,390
age,internal,seg128_22,128,22,-0.07469810010628364,0.14088805676210633,390
age,internal,seg128_23,128,23,-0.07192838013432695,0.1562640332418804,390
age,internal,seg128_24,128,24,-0.06898177543789065,0.1739793060002392,390
age,internal,seg128_25,128,25,-0.06532331858351603,0.19800138382979407,390
age,internal,seg128_26,128,26,-0.06260658529099553,0.217343476526896,390
age,internal,seg128_27,128,27,-0.06027242639008194,0.23501299809123202,390
age,internal,seg128_28,128,28,-0.055755714431329914,0.27202662959928525,390
age,internal,seg128_29,128,29,-0.052998853395291284,0.29647715632502963,390
age,internal,seg128_30,128,30,-0.0513187542529438,0.3120751461802747,390
age,internal,seg128_31,128,31,-0.048678526501793926,0.33765615176244285,390
age,internal,seg128_32,128,32,-0.04484609881161843,0.37710599309657905,390
age,internal,seg128_33,128,33,-0.042886847358127256,0.39832446278722616,390
age,internal,seg128_34,128,34,-0.03933769120918836,0.4385385615326025,390
age,internal,seg128_35,128,35,-0.036327380538769265,0.4743979610179544,390
age,internal,seg128_36,128,36,-0.0344233404050782,0.4978824497510523,390
age,internal,seg128_37,128,37,-0.033660450014485095,0.5074620226932409,390
age,internal,seg128_38,128,38,-0.029376492973254904,0.5629927922469925,390
age,internal,seg128_39,128,39,-0.024872365440231536,0.6243540069333057,390
age,internal,seg128_40,128,40,-0.020609757890355636,0.6849286811859341,390
age,internal,seg128_41,128,41,-0.013355813745088593,0.7926112434223405,390
age,internal,seg128_42,128,42,-0.008150431313308603,0.8725312269374609,390
age,internal,seg128_43,128,43,-0.0031365669009408527,0.950767051230606,390
age,internal,seg128_44,128,44,0.0009589261069182196,0.9849396332743231,390
age,internal,seg128_45,128,45,0.007012503798038057,0.8902064098643042,390
age,internal,seg128_46,128,46,0.014895119770738837,0.7693485584769312,390
age,internal,seg128_47,128,47,0.02366262863147858,0.6413123207613352,390
age,internal,seg128_48,128,48,0.03247501617104285,0.5225365525560244,390
age,internal,seg128_49,128,49,0.039605530131188005,0.4354250009029697,390
age,internal,seg128_50,128,50,0.04646021189854181,0.3601576192725118,390
age,internal,seg128_51,128,51,0.053027045127450614,0.29621993672806307,390
age,internal,seg128_52,128,52,0.05997726308770018,0.23731754131942956,390
age,internal,seg128_53,128,53,0.06874949678474299,0.1754368824092486,390
age,internal,seg128_54,128,54,0.07869095051104541,0.12079623815943515,390
age,internal,seg128_55,128,55,0.0874508990366912,0.08456728730466892,390
age,internal,seg128_56,128,56,0.09311461271036603,0.06621632078916932,390
age,internal,seg128_57,128,57,0.09609087262049246,0.05796787093703868,390
age,internal,seg128_58,128,58,0.09859614332529937,0.05170151544874756,390
age,internal,seg128_59,128,59,0.10181498381344342,0.04448885994704584,390
age,internal,seg128_60,128,60,0.10400620983619936,0.04007880854746585,390
age,internal,seg128_61,128,61,0.10611434443113288,0.0361904179131319,390
age,internal,seg128_62,128,62,0.10495647872038237,0.038284419742231846,390
age,internal,seg128_63,128,63,0.10254114546600189,0.04298425670014279,390
age,internal,seg128_64,128,64,0.1011384058965501,0.04593032036107057,390
age,internal,seg128_65,128,65,0.09774327073156316,0.0537681806686094,390
age,internal,seg128_66,128,66,0.096136998862984,0.0578470571556119,390
age,internal,seg128_67,128,67,0.09355123184841345,0.06494915180548964,390
age,internal,seg128_68,128,68,0.09044511764344346,0.07441184238302519,390
age,internal,seg128_69,128,69,0.08801973693416207,0.08255644131045933,390
age,internal,seg128_70,128,70,0.08699684450599549,0.08620054514109529,390
age,internal,seg128_71,128,71,0.08601852196724846,0.08980589285920684,390
age,internal,seg128_72,128,72,0.08417884474942183,0.09691236418575386,390
age,internal,seg128_73,128,73,0.08282875850008778,0.10240717905713534,390
age,internal,seg128_74,128,74,0.08240982085762104,0.10416155609844394,390
age,internal,seg128_75,128,75,0.08223775230074976,0.10488897869652813,390
age,internal,seg128_76,128,76,0.0818999597843693,0.10632868159487266,390
age,internal,seg128_77,128,77,0.08160273586614206,0.1076083443514659,390
age,internal,seg128_78,128,78,0.0817083149547099,0.10715240184483968,390
age,internal,seg128_79,128,79,0.08102665161133399,0.11012317392286798,390
age,internal,seg128_80,128,80,0.0804606608608652,0.11263876274916339,390
age,internal,seg128_81,128,81,0.08027953349006625,0.11345325875277452,390
age,internal,seg128_82,128,82,0.08057776606476846,0.11211461122210752,390
age,internal,seg128_83,128,83,0.08203525859602706,0.10575016308102198,390
age,internal,seg128_84,128,84,0.0829181942362033,0.10203570159471644,390
age,internal,seg128_85,128,85,0.08387295593458921,0.09813627944084066,390
age,internal,seg128_86,128,86,0.08365819288622903,0.09900290985506326,390
age,internal,seg128_87,128,87,0.08291742821569018,0.10203887877114243,390
age,internal,seg128_88,128,88,0.081418762287577,0.108406488192491,390
age,internal,seg128_89,128,89,0.08011510477906504,0.11419665933244898,390
age,internal,seg128_90,128,90,0.07845751691539854,0.12190578579245837,390
age,internal,seg128_91,128,91,0.07635845756211465,0.1322426449106887,390
age,internal,seg128_92,128,92,0.07379552288157833,0.14576592274540157,390
age,internal,seg128_93,128,93,0.07236896824024278,0.1537367291125055,390
age,internal,seg128_94,128,94,0.06988342132293981,0.16840669371321873,390
age,internal,seg128_95,128,95,0.06740418053519866,0.18405778745270793,390
age,internal,seg128_96,128,96,0.0653507040266215,0.19781301301287565,390
age,internal,seg128_97,128,97,0.0631231581240788,0.21356513698264382,390
age,internal,seg128_98,128,98,0.05957392599170795,0.24049231996425932,390
age,internal,seg128_99,128,99,0.05695269428646422,0.261851263414094,390
age,internal,seg128_100,128,100,0.05742310022839087,0.2579250465679531,390
age,internal,seg128_101,128,101,0.0558143261654105,0.2715221862642843,390
age,internal,seg128_102,128,102,0.05115849659393101,0.3135906178438111,390
age,internal,seg128_103,128,103,0.049497810475504986,0.329578361587856,390
age,internal,seg128_104,128,104,0.047249273861816474,0.3520485474780365,390
age,internal,seg128_105,128,105,0.04775265209404299,0.3469360548667559,390
age,internal,seg128_106,128,106,0.05128937112839359,0.31235264624180287,390
age,internal,seg128_107,128,107,0.052280926038445225,0.30307764339581317,390
age,internal,seg128_108,128,108,0.0482522495542512,0.3419087532455682,390
age,internal,seg128_109,128,109,0.044672775882272364,0.37895458213482797,390
age,internal,seg128_110,128,110,0.0414524038900568,0.41430418274716346,390
age,internal,seg128_111,128,111,0.04035712402053191,0.42675606767354274,390
age,internal,seg128_112,128,112,0.03976684714934301,0.4335558773350349,390
age,internal,seg128_113,128,113,0.038811057515027135,0.4446975725208953,390
age,internal,seg128_114,128,114,0.03658126983598305,0.47131294199655094,390
age,internal,seg128_115,128,115,0.03345508120323469,0.5100571989498714,390
age,internal,seg128_116,128,116,0.029787204450575276,0.5575448641073262,390
age,internal,seg128_117,128,117,0.024909632713927772,0.6238346610827178,390
age,internal,seg128_118,128,118,0.02039101663413076,0.6880965917830524,390
age,internal,seg128_119,128,119,0.02045815657066698,0.6871236574664662,390
age,internal,seg128_120,128,120,0.017228340609626587,0.734485027250848,390
age,internal,seg128_121,128,121,0.018135496978365938,0.7210714963891527,390
age,internal,seg128_122,128,122,0.02089232528217921,0.6808445749589699,390
age,internal,seg128_123,128,123,0.0194271119610223,0.702120683696625,390
age,internal,seg128_124,128,124,0.021547354390300984,0.6714130126898172,390
age,internal,seg128_125,128,125,0.024661140330893047,0.6273010862140264,390
age,internal,seg128_126,128,126,0.02524218900194402,0.6192085218137453,390
age,internal,seg128_127,128,127,0.024058164799525307,0.6357465125371135,390
age,internal,seg128_128,128,128,0.02493883853487584,0.6234277873993569,390
height,internal,seg128_1,128,1,0.2047989876830038,4.6064953629425404e-05,390
height,internal,seg128_2,128,2,0.20302915633741903,5.3730884517020475e-05,390
height,internal,seg128_3,128,3,0.20368131196253825,5.077574940985176e-05,390
height,internal,seg128_4,128,4,0.20393477940900703,4.9669162125909955e-05,390
height,internal,seg128_5,128,5,0.20397232680342137,4.950718739265989e-05,390
height,internal,seg128_6,128,6,0.20503510150586224,4.512407185279775e-05,390
height,internal,seg128_7,128,7,0.20666042434425858,3.912340929474311e-05,390
height,internal,seg128_8,128,8,0.2074383379425618,3.652614134464088e-05,390
height,internal,seg128_9,128,9,0.20770860150464038,3.566260954522651e-05,390
height,internal,seg128_10,128,10,0.20827401655876326,3.3918086318154985e-05,390
height,internal,seg128_11,128,11,0.20830155651029014,3.383521174383354e-05,390
height,internal,seg128_12,128,12,0.20921834534829542,3.1183214158399384e-05,390
height,internal,seg128_13,128,13,0.21030997591934544,2.8281983821923294e-05,390
height,internal,seg128_14,128,14,0.21128793838669976,2.59016600173018e-05,390
height,internal,seg128_15,128,15,0.21317994868385853,2.1825019183398114e-05,390
height,internal,seg128_16,128,16,0.21301951883301845,2.2145565700393646e-05,390
height,internal,seg128_17,128,17,0.21308182603778386,2.202054636713437e-05,390
height,internal,seg128_18,128,18,0.2133869678196732,2.1417882922112038e-05,390
height,internal,seg128_19,128,19,0.21337034455250614,2.1450307435053946e-05,390
height,internal,seg128_20,128,20,0.2133959284028765,2.140042414123237e-05,390
height,internal,seg128_21,128,21,0.213881265781398,2.0474698042843394e-05,390
height,internal,seg128_22,128,22,0.21402746636861109,2.0203365848439328e-05,390
height,internal,seg128_23,128,23,0.2133963357526342,2.139963078262692e-05,390
height,internal,seg128_24,128,24,0.21247758576245473,2.326169792805737e-05,390
height,internal,seg128_25,128,25,0.21222281276565697,2.3804648089791652e-05,390
height,internal,seg128_26,128,26,0.21111850197260928,2.6299987741483047e-05,390
height,internal,seg128_27,128,27,0.21086399903418493,2.6909218802143747e-05,390
height,internal,seg128_28,128,28,0.20910234006474504,3.150756572880129e-05,390
height,internal,seg128_29,128,29,0.20768699949335562,3.573091474484487e-05,390
height,internal,seg128_30,128,30,0.2071386733589965,3.7506720999336904e-05,390
height,internal,seg128_31,128,31,0.20671434855772192,3.8937879846803335e-05,390
height,internal,seg128_32,128,32,0.20561949577226607,4.28728098055953e-05,390
height,internal,seg128_33,128,33,0.20460863796271672,4.683693222330124e-05,390
height,internal,seg128_34,128,34,0.2045802799316802,4.6952981006546674e-05,390
height,internal,seg128_35,128,35,0.20325978854210575,5.266773482814232e-05,390
height,internal,seg128_36,128,36,0.20316225545940506,5.311488889073596e-05,390
height,internal,seg128_37,128,37,0.20257215793321648,5.5897630207227844e-05,390
height,internal,seg128_38,128,38,0.20109242039897463,6.349289942438003e-05,390
height,internal,seg128_39,128,39,0.2012712586497315,6.25257787340951e-05,390
height,internal,seg128_40,128,40,0.20089684185255874,6.456668826843587e-05,390
height,internal,seg128_41,128,41,0.19894995694180412,7.623081509894394e-05,390
height,internal,seg128_42,128,42,0.19920559615142117,7.459329595608497e-05,390
height,internal,seg128_43,128,43,0.19624294022377975,9.57782307872294e-05,390
height,internal,seg128_44,128,44,0.19418857537300094,0.00011366218851965868,390
height,internal,seg128_45,128,45,0.19140272268034927,0.00014296258383122198,390
height,internal,seg128_46,128,46,0.18854649528063994,0.00018025928653316752,390
height,internal,seg128_47,128,47,0.18551396981651552,0.00022971561608072636,390
height,internal,seg128_48,128,48,0.18042447860064809,0.0003421602552244423,390
height,internal,seg128_49,128,49,0.17611003961286548,0.0004757017843198375,390
height,internal,seg128_50,128,50,0.17238801887354988,0.0006283000517365267,390
height,internal,seg128_51,128,51,0.1677902799227674,0.0008792182670056241,390
height,internal,seg128_52,128,52,0.16486057822011568,0.0010843613765994522,390
height,internal,seg128_53,128,53,0.1601697877484775,0.001506342636823581,390
height,internal,seg128_54,128,54,0.15372933019756485,0.0023323657992967432,390
height,internal,seg128_55,128,55,0.148536028194249,0.0032793409006286996,390
height,internal,seg128_56,128,56,0.14506872399019305,0.0040932660626045005,390
height,internal,seg128_57,128,57,0.14275638837644278,0.004733314258397578,390
height,internal,seg128_58,128,58,0.13711417876706467,0.006689554287442384,390
height,internal,seg128_59,128,59,0.13363650646698888,0.008229625391449455,390
height,internal,seg128_60,128,60,0.13121425809167525,0.009481642942462804,390
height,internal,seg128_61,128,61,0.12697599233378615,0.012083650598981605,390
height,internal,seg128_62,128,62,0.12340899153209414,0.014742728174054597,390
height,internal,seg128_63,128,63,0.12103906927522941,0.01678169311632675,390
height,internal,seg128_64,128,64,0.11957489292133874,0.01816112483585707,390
height,internal,seg128_65,128,65,0.11837977872761846,0.019359373005635415,390
height,internal,seg128_66,128,66,0.11684476509925426,0.02099894862167687,390
height,internal,seg128_67,128,67,0.11514046901662378,0.02295928451910187,390
height,internal,seg128_68,128,68,0.11312125797090185,0.025485032491772055,390
height,internal,seg128_69,128,69,0.11132351484365727,0.027931764610211775,390
height,internal,seg128_70,128,70,0.11076249647103037,0.02873548407081622,390
height,internal,seg128_71,128,71,0.11050807852289199,0.029106453725342343,390
height,internal,seg128_72,128,72,0.11043804580963229,0.029209287015717057,390
height,internal,seg128_73,128,73,0.1096324809895229,0.0304147154914338,390
height,internal,seg128_74,128,74,0.10894634092441152,0.03147476746009697,390
height,internal,seg128_75,128,75,0.10810213899550086,0.03282219038633557,390
height,internal,seg128_76,128,76,0.10755680372073328,0.03371850203312,390
height,internal,seg128_77,128,77,0.10680127420841665,0.03499468355267513,390
height,internal,seg128_78,128,78,0.10641362142069385,0.035665269593208246,390
height,internal,seg128_79,128,79,0.10522734596010047,0.03778557758177895,390
height,internal,seg128_80,128,80,0.10519375196422025,0.037847145154370994,390
height,internal,seg128_81,128,81,0.10491325272973104,0.03836454057822514,390
height,internal,seg128_82,128,82,0.10515820501638998,0.03791238443082048,390
height,internal,seg128_83,128,83,0.10502191801426593,0.03816339546081388,390
height,internal,seg128_84,128,84,0.10461797341638743,0.0389156571895782,390
height,internal,seg128_85,128,85,0.10520843107491826,0.03782023236246265,390
height,internal,seg128_86,128,86,0.10632502880882658,0.03582004617866695,390
height,internal,seg128_87,128,87,0.1066663838209974,0.03522679868391934,390
height,internal,seg128_88,128,88,0.10678525441442407,0.035022181668039255,390
height,internal,seg128_89,128,89,0.10763744233254846,0.03358466509976563,390
height,internal,seg128_90,128,90,0.10732130413903797,0.03411196752547138,390
height,internal,seg128_91,128,91,0.10795548145494267,0.03306121567296921,390
height,internal,seg128_92,128,92,0.108220035152904,0.03263111109910498,390
height,internal,seg128_93,128,93,0.10822719025846231,0.03261954512556941,390
height,internal,seg128_94,128,94,0.11014355198525917,0.029645125282026324,390
height,internal,seg128_95,128,95,0.11044891618190163,0.029193304998668023,390
height,internal,seg128_96,128,96,0.11095712656343759,0.028454436543838987,390
height,internal,seg128_97,128,97,0.11059053717514218,0.028985772674444677,390
height,internal,seg128_98,128,98,0.11108298100017677,0.028273960132291796,390
height,internal,seg128_99,128,99,0.11178896425556367,0.02727968399581155,390
height,internal,seg128_100,128,100,0.11211773804153281,0.026827006022551978,390
height,internal,seg128_101,128,101,0.11324065198572719,0.02532928919304736,390
height,internal,seg128_102,128,102,0.11739714441683594,0.020395563602361253,390
height,internal,seg128_103,128,103,0.11896773422337595,0.018761538566248435,390
height,internal,seg128_104,128,104,0.12070601233248864,0.017087154835885434,390
height,internal,seg128_105,128,105,0.12266243691054561,0.015360209329748797,390
height,internal,seg128_106,128,106,0.1247455336945758,0.013691538560773856,390
height,internal,seg128_107,128,107,0.12589779515752159,0.012838811513803915,390
height,internal,seg128_108,128,108,0.1264636274152112,0.012437473758301575,390
height,internal,seg128_109,128,109,0.12821551058154107,0.01126418717806878,390
height,internal,seg128_110,128,110,0.12887520362447807,0.010848420676368242,390
height,internal,seg128_111,128,111,0.12879790954636366,0.010896421559017608,390
height,internal,seg128_112,128,112,0.1278212143257334,0.011519364411729672,390
height,internal,seg128_113,128,113,0.12765443777997146,0.011628826376125162,390
height,internal,seg128_114,128,114,0.12702290861220417,0.01205170018743717,390
height,internal,seg128_115,128,115,0.12590276983347415,0.012835233877961576,390
height,internal,seg128_116,128,116,0.12662069839613094,0.012328046252955626,390
height,internal,seg128_117,128,117,0.1251848704096055,0.01336070292577787,390
height,internal,seg128_118,128,118,0.12090233182672563,0.016906518635470193,390
height,internal,seg128_119,128,119,0.1191654798453024,0.018564117706609998,390
height,internal,seg128_120,128,120,0.11919126521787954,0.01853850860623014,390
height,internal,seg128_121,128,121,0.11651407937458594,0.021367534805706256,390
height,internal,seg128_122,128,122,0.11871481641373646,0.019016705403611667,390
height,internal,seg128_123,128,123,0.12014022362099888,0.017617212763185536,390
height,internal,seg128_124,128,124,0.12005591470563656,0.017697414071910188,390
height,internal,seg128_125,128,125,0.12220000346314219,0.015753965032962076,390
height,internal,seg128_126,128,126,0.12101296061726213,0.016805464868614766,390
height,internal,seg128_127,128,127,0.12033292836903438,0.017435087449147284,390
height,internal,seg128_128,128,128,0.11792393486944514,0.0198342218659744,390
weight,internal,seg128_1,128,1,0.38168916781441653,5.662008607901194e-15,390
weight,internal,seg128_2,128,2,0.37997575979438936,7.646563811628409e-15,390
weight,internal,seg128_3,128,3,0.37981488478836956,7.864650955932617e-15,390
weight,internal,seg128_4,128,4,0.37927413841253066,8.643344816150773e-15,390
weight,internal,seg128_5,128,5,0.3789014666663703,9.223496319522132e-15,390
weight,internal,seg128_6,128,6,0.3803332168135882,7.182987751640723e-15,390
weight,internal,seg128_7,128,7,0.382082087150025,5.283685566332975e-15,390
weight,internal,seg128_8,128,8,0.3831779714156,4.3546873642371504e-15,390
weight,internal,seg128_9,128,9,0.3830782973922367,4.43208674381445e-15,390
weight,internal,seg128_10,128,10,0.3833675703246018,4.211100490926458e-15,390
weight,internal,seg128_11,128,11,0.38329171018721864,4.26798485603116e-15,390
weight,internal,seg128_12,128,12,0.3838093405312547,3.894310351670552e-15,390
weight,internal,seg128_13,128,13,0.3846695039438061,3.343107508328037e-15,390
weight,internal,seg128_14,128,14,0.3856134727400689,2.8261019484628102e-15,390
weight,internal,seg128_15,128,15,0.3869156180351542,2.2395141826217437e-15,390
weight,internal,seg128_16,128,16,0.38774930393787044,1.9285533307112795e-15,390
weight,internal,seg128_17,128,17,0.38730154646748316,2.0898884665890207e-15,390
weight,internal,seg128_18,128,18,0.38660424874402344,2.367848770769628e-15,390
weight,internal,seg128_19,128,19,0.3856149971490301,2.8253340753588333e-15,390
weight,internal,seg128_20,128,20,0.3859368812850678,2.6676959352724275e-15,390
weight,internal,seg128_21,128,21,0.3870890254827325,2.171026619424794e-15,390
weight,internal,seg128_22,128,22,0.3881913043829888,1.781297791722063e-15,390
weight,internal,seg128_23,128,23,0.38821272097019666,1.7744500976624563e-15,390
weight,internal,seg128_24,128,24,0.3885991199925065,1.65524839133044e-15,390
weight,internal,seg128_25,128,25,0.389588438037193,1.3847057521870614e-15,390
weight,internal,seg128_26,128,26,0.3900596057584691,1.2716076986052931e-15,390
weight,internal,seg128_27,128,27,0.3917997832548672,9.27189927504042e-16,390
weight,internal,seg128_28,128,28,0.39288600571234245,7.605463269109154e-16,390
weight,internal,seg128_29,128,29,0.3939653242858191,6.241868727681104e-16,390
weight,internal,seg128_30,128,30,0.3956088779103618,4.613592819164908e-16,390
weight,internal,seg128_31,128,31,0.39793899124249643,2.996879564911942e-16,390
weight,internal,seg128_32,128,32,0.40067562786054467,1.7976954240362044e-16,390
weight,internal,seg128_33,128,33,0.40296771686686067,1.167436395685848e-16,390
weight,internal,seg128_34,128,34,0.4059129000517488,6.671056394719972e-17,390
weight,internal,seg128_35,128,35,0.40724749909936786,5.167340788419902e-17,390
weight,internal,seg128_36,128,36,0.4094161408335466,3.403709634810432e-17,390
weight,internal,seg128_37,128,37,0.41142875141591306,2.3040854713481834e-17,390
weight,internal,seg128_38,128,38,0.41375482160142574,1.4629294710617918e-17,390
weight,internal,seg128_39,128,39,0.4168634777907192,7.928073643328765e-18,390
weight,internal,seg128_40,128,40,0.41994187161474517,4.295015414307048e-18,390
weight,internal,seg128_41,128,41,0.42063233263651567,3.7400807788287365e-18,390
weight,internal,seg128_42,128,42,0.422339124484967,2.653148357983869e-18,390
weight,internal,seg128_43,128,43,0.42612337730054717,1.2305500460193478e-18,390
weight,internal,seg128_44,128,44,0.42869345450332585,7.262496296350761e-19,390
weight,internal,seg128_45,128,45,0.42864440534561016,7.3362632420174e-19,390
weight,internal,seg128_46,128,46,0.42945383205626414,6.208044482172258e-19,390
weight,internal,seg128_47,128,47,0.43024547694237986,5.2703457785176135e-19,390
weight,internal,seg128_48,128,48,0.43019598926069963,5.324639467247543e-19,390
weight,internal,seg128_49,128,49,0.43150116243702574,4.0611905534871737e-19,390
weight,internal,seg128_50,128,50,0.4319416221341762,3.705434151412855e-19,390
weight,internal,seg128_51,128,51,0.432998205020217,2.9723124948306e-19,390
weight,internal,seg128_52,128,52,0.433889312033927,2.4665145093338955e-19,390
weight,internal,seg128_53,128,53,0.4356578763130916,1.7005629953218907e-19,390
weight,internal,seg128_54,128,54,0.43670297720310514,1.3636940837989395e-19,390
weight,internal,seg128_55,128,55,0.4370659405648494,1.262820508410086e-19,390
weight,internal,seg128_56,128,56,0.44059225381201894,5.956537141174697e-20,390
weight,internal,seg128_57,128,57,0.4442670166760362,2.6967144627468446e-20,390
weight,internal,seg128_58,128,58,0.4463703763086603,1.7059156445885046e-20,390
weight,internal,seg128_59,128,59,0.4492164131222144,9.133794845963908e-21,390
weight,internal,seg128_60,128,60,0.45354756218968345,3.490245189736786e-21,390
weight,internal,seg128_61,128,61,0.4588895483353095,1.0453796329598469e-21,390
weight,internal,seg128_62,128,62,0.4642191771815365,3.0736117656505404e-22,390
weight,internal,seg128_63,128,63,0.4695801360045251,8.778399865352341e-23,390
weight,internal,seg128_64,128,64,0.47607320572780876,1.8675850939933856e-23,390
weight,internal,seg128_65,128,65,0.4822948002841011,4.108203809119938e-24,390
weight,internal,seg128_66,128,66,0.4890350503136733,7.688838876626434e-25,390
weight,internal,seg128_67,128,67,0.49671195811122304,1.0890369058581533e-25,390
weight,internal,seg128_68,128,68,0.5013795549467751,3.2387291638382045e-26,390
weight,internal,seg128_69,128,69,0.5057027869638164,1.035821495286011e-26,390
weight,internal,seg128_70,128,70,0.5091930291881767,4.077613012470736e-27,390
weight,internal,seg128_71,128,71,0.5127785274153871,1.5473572935841648e-27,390
weight,internal,seg128_72,128,72,0.5160328888915967,6.357677227461403e-28,390
weight,internal,seg128_73,128,73,0.5184035818855379,3.3057337015299076e-28,390
weight,internal,seg128_74,128,74,0.5194679216264781,2.460500035576419e-28,390
weight,internal,seg128_75,128,75,0.5201565969039725,2.0314317067403352e-28,390
weight,internal,seg128_76,128,76,0.5202462933406881,1.9812948652107125e-28,390
weight,internal,seg128_77,128,77,0.5190717981600793,2.7466665097362293e-28,390
weight,internal,seg128_78,128,78,0.5186260955593545,3.1080936436552874e-28,390
weight,internal,seg128_79,128,79,0.5181326454523093,3.5632101876873123e-28,390
weight,internal,seg128_80,128,80,0.517920572585808,3.7784850893816678e-28,390
weight,internal,seg128_81,128,81,0.5166805197564865,5.320194490778344e-28,390
weight,internal,seg128_82,128,82,0.515935846056552,6.529466281858701e-28,390
weight,internal,seg128_83,128,83,0.5141613062263257,1.0616044670999538e-27,390
weight,internal,seg128_84,128,84,0.5124731432624616,1.6812287689592442e-27,390
weight,internal,seg128_85,128,85,0.5119303457641576,1.947999243521401e-27,390
weight,internal,seg128_86,128,86,0.5112874525844218,2.318449047032694e-27,390
weight,internal,seg128_87,128,87,0.510031106158414,3.2545436348261614e-27,390
weight,internal,seg128_88,128,88,0.507696763694965,6.089036917174988e-27,390
weight,internal,seg128_89,128,89,0.5061013195355788,9.317284187642604e-27,390
weight,internal,seg128_90,128,90,0.5032001198312209,2.0079183584559382e-26,390
weight,internal,seg128_91,128,91,0.5012123501539203,3.383618047204794e-26,390
weight,internal,seg128_92,128,92,0.49955114815662105,5.219727543091654e-26,390
weight,internal,seg128_93,128,93,0.4973318088932587,9.280406556702041e-26,390
weight,internal,seg128_94,128,94,0.4959099696605358,1.3388221309281023e-25,390
weight,internal,seg128_95,128,95,0.4930729359465563,2.7674128671638626e-25,390
weight,internal,seg128_96,128,96,0.49078607986249073,4.944655938459968e-25,390
weight,internal,seg128_97,128,97,0.4892323966321366,7.316577338006475e-25,390
weight,internal,seg128_98,128,98,0.4880909533843467,9.744850753159612e-25,390
weight,internal,seg128_99,128,99,0.4861633281042914,1.5772954495583706e-24,390
weight,internal,seg128_100,128,100,0.4828245727006577,3.606042576306753e-24,390
weight,internal,seg128_101,128,101,0.48011345615554735,7.010585871348902e-24,390
weight,internal,seg128_102,128,102,0.4800952056611213,7.041889679906758e-24,390
weight,internal,seg128_103,128,103,0.4790557232341925,9.072000230385986e-24,390
weight,internal,seg128_104,128,104,0.47685103597909667,1.548091125421877e-23,390
weight,internal,seg128_105,128,105,0.472462056641869,4.4346637180760205e-23,390
weight,internal,seg128_106,128,106,0.46594814692112807,2.0567162774488542e-22,390
weight,internal,seg128_107,128,107,0.4602885730638733,7.596679330992787e-22,390
weight,internal,seg128_108,128,108,0.4578051901423287,1.3375221416569248e-21,390
weight,internal,seg128_109,128,109,0.4556022928394621,2.20067373552417e-21,390
weight,internal,seg128_110,128,110,0.45182084364462394,5.13021415915351e-21,390
weight,internal,seg128_111,128,111,0.44431680971660653,2.667736079078717e-20,390
weight,internal,seg128_112,128,112,0.43759696803910164,1.128340308733429e-19,390
weight,internal,seg128_113,128,113,0.43377588760017094,2.525855008057879e-19,390
weight,internal,seg128_114,128,114,0.4310130640896385,4.494753832251076e-19,390
weight,internal,seg128_115,128,115,0.4250627291803738,1.5277143076648398e-18,390
weight,internal,seg128_116,128,116,0.4192718581649834,4.910627460167134e-18,390
weight,internal,seg128_117,128,117,0.4106005603289746,2.7062476864621792e-17,390
weight,internal,seg128_118,128,118,0.40325735520060024,1.1051947095561123e-16,390
weight,internal,seg128_119,128,119,0.3977811799384364,3.086071425971107e-16,390
weight,internal,seg128_120,128,120,0.3925861289750098,8.033625178415751e-16,390
weight,internal,seg128_121,128,121,0.38503736696089846,3.1314462335368243e-15,390
weight,internal,seg128_122,128,122,0.3785636104944543,9.782330721630559e-15,390
weight,internal,seg128_123,128,123,0.37679659142891975,1.329143226774074e-14,390
weight,internal,seg128_124,128,124,0.3727435050064049,2.6661949170752382e-14,390
weight,internal,seg128_125,128,125,0.36879276001946426,5.206309726374729e-14,390
weight,internal,seg128_126,128,126,0.3686394063532024,5.342339501284769e-14,390
weight,internal,seg128_127,128,127,0.37071534040523474,3.763495041856646e-14,390
weight,internal,seg128_128,128,128,0.3769948169952755,1.2843325690926854e-14,390
age,external,seg128_1,128,1,-0.12240095634792225,0.01126460749046817,428
age,external,seg128_2,128,2,-0.12093669496196731,0.012285458953670503,428
age,external,seg128_3,128,3,-0.11904084891650885,0.013728027828176703,428
age,external,seg128_4,128,4,-0.1163379477235411,0.01604189019575884,428
age,external,seg128_5,128,5,-0.11294848708877672,0.019421158762659582,428
age,external,seg128_6,128,6,-0.11016973117028865,0.022638171374938575,428
age,external,seg128_7,128,7,-0.10667976613810755,0.027324204998699052,428
age,external,seg128_8,128,8,-0.10420987016040405,0.0311244982931366,428
age,external,seg128_9,128,9,-0.10093289992278029,0.03685718663113429,428
age,external,seg128_10,128,10,-0.09670453443843993,0.045556821975771315,428
age,external,seg128_11,128,11,-0.09462318539649017,0.05043618956924678,428
age,external,seg128_12,128,12,-0.09317356817954081,0.05408635056549379,428
age,external,seg128_13,128,13,-0.09055332128484556,0.06124119896502509,428
age,external,seg128_14,128,14,-0.0860597035374046,0.07531996784346258,428
age,external,seg128_15,128,15,-0.08127032417564045,0.09311402482688136,428
age,external,seg128_16,128,16,-0.0765159129098793,0.11395531731479408,428
age,external,seg128_17,128,17,-0.07134655797440934,0.1405917846792551,428
age,external,seg128_18,128,18,-0.06595865558744055,0.17318014449919686,428
age,external,seg128_19,128,19,-0.06091386344136522,0.20850804419033983,428
age,external,seg128_20,128,20,-0.056796583149639514,0.2409854600610755,428
age,external,seg128_21,128,21,-0.05250850139800588,0.2784201008892409,428
age,external,seg128_22,128,22,-0.04911949957226877,0.3106627624759124,428
age,external,seg128_23,128,23,-0.04485970860507496,0.35454114819140775,428
age,external,seg128_24,128,24,-0.03983811875492528,0.411023682456978,428
age,external,seg128_25,128,25,-0.03568672669575006,0.46150665656264994,428
age,external,seg128_26,128,26,-0.03174121945499961,0.5125243674416129,428
age,external,seg128_27,128,27,-0.027756405298736443,0.5668749312975111,428
age,external,seg128_28,128,28,-0.023094540528843664,0.6337539300349964,428
age,external,seg128_29,128,29,-0.01809736485831764,0.7088977619261232,428
age,external,seg128_30,128,30,-0.014604965114001358,0.7631992347687971,428
age,external,seg128_31,128,31,-0.011779693026698384,0.8080085610767498,428
age,external,seg128_32,128,32,-0.008139245698669549,0.8666648124354637,428
age,external,seg128_33,128,33,-0.0054698888280300395,0.9101638726857622,428
age,external,seg128_34,128,34,-0.0034509607703397255,0.9432501595607365,428
age,external,seg128_35,128,35,-0.0007484382746689999,0.9876823235723685,428
age,external,seg128_36,128,36,0.0015832221141365427,0.9739471692147978,428
age,external,seg128_37,128,37,0.005491269329061507,0.9098142156023605,428
age,external,seg128_38,128,38,0.009650683279083923,0.8422035802584749,428
age,external,seg128_39,128,39,0.013640263786454894,0.7784191142167918,428
age,external,seg128_40,128,40,0.016949314220437554,0.726601544272117,428
age,external,seg128_41,128,41,0.01953743329622406,0.6869114603299351,428
age,external,seg128_42,128,42,0.02253950128293064,0.641934168787183,428
age,external,seg128_43,128,43,0.025992157169993313,0.5917871997897177,428
age,external,seg128_44,128,44,0.032706740162699206,0.49977486156813994,428
age,external,seg128_45,128,45,0.040134491561392496,0.4075491331531726,428
age,external,seg128_46,128,46,0.04652594126170625,0.336933782328295,428
age,external,seg128_47,128,47,0.05304756355328427,0.27350867846502536,428
age,external,seg128_48,128,48,0.061509525396757,0.20408452946356548,428
age,external,seg128_49,128,49,0.07118630385453176,0.14148795592783595,428
age,external,seg128_50,128,50,0.08038324560958612,0.09675230565769088,428
age,external,seg128_51,128,51,0.08541003962169168,0.07755778908119045,428
age,external,seg128_52,128,52,0.08850825355760022,0.06735325339960255,428
age,external,seg128_53,128,53,0.09263066641048685,0.05550876617665038,428
age,external,seg128_54,128,54,0.09604249191295745,0.04706396075147174,428
age,external,seg128_55,128,55,0.09676808421663566,0.04541430705221081,428
age,external,seg128_56,128,56,0.09918287127858479,0.04026987757707489,428
age,external,seg128_57,128,57,0.10348794407213703,0.03231728251815959,428
age,external,seg128_58,128,58,0.10814515264035165,0.02526369148330104,428
age,external,seg128_59,128,59,0.11083820837614848,0.021824804086880447,428
age,external,seg128_60,128,60,0.11377304262826582,0.018546578677871597,428
age,external,seg128_61,128,61,0.11403188959927607,0.0182792051343458,428
age,external,seg128_62,128,62,0.11676873206655937,0.01565164623738859,428
age,external,seg128_63,128,63,0.12092019776516655,0.012297411186146533,428
age,external,seg128_64,128,64,0.12342478469345505,0.01059612973144137,428
age,external,seg128_65,128,65,0.1251812644696293,0.00953085702648384,428
age,external,seg128_66,128,66,0.1259420864602601,0.009099758088952708,428
age,external,seg128_67,128,67,0.12663898809563998,0.008720191282125284,428
age,external,seg128_68,128,68,0.12764799224955764,0.00819561665500337,428
age,external,seg128_69,128,69,0.12643607745593244,0.008829224392594752,428
age,external,seg128_70,128,70,0.12719668283115929,0.008426667648340236,428
age,external,seg128_71,128,71,0.1276412629890325,0.008199019833383003,428
age,external,seg128_72,128,72,0.1276121590760782,0.008213753025682138,428
age,external,seg128_73,128,73,0.12643111617199937,0.00883190544886889,428
age,external,seg128_74,128,74,0.12534535306209624,0.009436375271018824,428
age,external,seg128_75,128,75,0.1250665608065244,0.009597401338541133,428
age,external,seg128_76,128,76,0.12435574616602317,0.01001905581020425,428
age,external,seg128_77,128,77,0.12363845347441793,0.010461139561559267,428
age,external,seg128_78,128,78,0.12315852373594817,0.01076650525655865,428
age,external,seg128_79,128,79,0.12310668417297166,0.010799957276002057,428
age,external,seg128_80,128,80,0.12375312627377966,0.010389322904212414,428
age,external,seg128_81,128,81,0.12303123134250438,0.010848811441264284,428
age,external,seg128_82,128,82,0.12238944227569466,0.011272332776752799,428
age,external,seg128_83,128,83,0.12149576062151929,0.01188643109876755,428
age,external,seg128_84,128,84,0.12009204745291446,0.012910752976479437,428
age,external,seg128_85,128,85,0.11846067459679725,0.014198318750935099,428
age,external,seg128_86,128,86,0.11729811415664626,0.015183500031792264,428
age,external,seg128_87,128,87,0.11561526453839106,0.016715724557060985,428
age,external,seg128_88,128,88,0.11495543141908639,0.017352452434040922,428
age,external,seg128_89,128,89,0.11354974796603337,0.018779962211673305,428
age,external,seg128_90,128,90,0.11251358285748968,0.0198967506664067,428
age,external,seg128_91,128,91,0.11102685421942682,0.02159990482202771,428
age,external,seg128_92,128,92,0.10971373845930966,0.02320794435456352,428
age,external,seg128_93,128,93,0.10767357813748538,0.025911651869305313,428
age,external,seg128_94,128,94,0.10496591407496406,0.02991590442167629,428
age,external,seg128_95,128,95,0.10139996816328536,0.0359890014287416,428
age,external,seg128_96,128,96,0.0989035559604895,0.040838543749950905,428
age,external,seg128_97,128,97,0.09501645549245227,0.04948217733180007,428
age,external,seg128_98,128,98,0.09145364263974913,0.05869943682848025,428
age,external,seg128_99,128,99,0.08756211904264483,0.07034562535297152,428
age,external,seg128_100,128,100,0.08435411040043343,0.08130991059263161,428
age,external,seg128_101,128,101,0.0814259349141405,0.09248722732158453,428
age,external,seg128_102,128,102,0.07960808699940633,0.10002351509513488,428
age,external,seg128_103,128,103,0.0773546999413913,0.11003372908266935,428
age,external,seg128_104,128,104,0.07502337471553724,0.12120363281210353,428
age,external,seg128_105,128,105,0.07334540958280333,0.12977616511708717,428
age,external,seg128_106,128,106,0.07066142380922014,0.14445382211380509,428
age,external,seg128_107,128,107,0.06931828977543505,0.15225933910941386,428
age,external,seg128_108,128,108,0.0669678975484122,0.16668210566164499,428
age,external,seg128_109,128,109,0.06417554349046789,0.1851189120359723,428
age,external,seg128_110,128,110,0.06278121537232044,0.1948692094091003,428
age,external,seg128_111,128,111,0.06084639613369699,0.20901340374955366,428
age,external,seg128_112,128,112,0.05813345804731791,0.23007242566689673,428
age,external,seg128_113,128,113,0.054032991889707845,0.2646837317180956,428
age,external,seg128_114,128,114,0.053725356244306285,0.2674174945944931,428
age,external,seg128_115,128,115,0.04990726438105628,0.30295741820496447,428
age,external,seg128_116,128,116,0.047920469741131254,0.32263604449140054,428
age,external,seg128_117,128,117,0.047286270606470844,0.32908871838499215,428
age,external,seg128_118,128,118,0.046568762164009514,0.3364887982817966,428
age,external,seg128_119,128,119,0.04550921456017722,0.3476099826165586,428
age,external,seg128_120,128,120,0.04536580762545543,0.3491329058906251,428
age,external,seg128_121,128,121,0.045666938921248804,0.3459398837935835,428
age,external,seg128_122,128,122,0.04546595553886486,0.3480689317095611,428
age,external,seg128_123,128,123,0.04405112358271325,0.3632905327075848,428
age,external,seg128_124,128,124,0.04287019862176481,0.37630841638404616,428
age,external,seg128_125,128,125,0.039263263953445135,0.41781279023222845,428
age,external,seg128_126,128,126,0.03720940654696337,0.4426007529994771,428
age,external,seg128_127,128,127,0.037283325893731276,0.4416943301107238,428
age,external,seg128_128,128,128,0.03651237449571451,0.4511999454784597,428
height,external,seg128_1,128,1,0.12530534008254257,0.009459337559745989,428
height,external,seg128_2,128,2,0.12359676183779938,0.01048735886171127,428
height,external,seg128_3,128,3,0.12352297160391298,0.010533907355610545,428
height,external,seg128_4,128,4,0.12508029625884723,0.009589411141853032,428
height,external,seg128_5,128,5,0.12619623120208945,0.008959668582542147,428
height,external,seg128_6,128,6,0.126643972299036,0.008717528197612519,428
height,external,seg128_7,128,7,0.12706083859437267,0.008497341666390138,428
height,external,seg128_8,128,8,0.1283893585329806,0.007828313154498138,428
height,external,seg128_9,128,9,0.127766267262515,0.00813600691466431,428
height,external,seg128_10,128,10,0.12540069407133903,0.009404698319593558,428
height,external,seg128_11,128,11,0.12233620625345021,0.011308112090662126,428
height,external,seg128_12,128,12,0.12067718659550783,0.012474666034893557,428
height,external,seg128_13,128,13,0.11885911496721055,0.013873845386733459,428
height,external,seg128_14,128,14,0.1148097455429983,0.017495859917478526,428
height,external,seg128_15,128,15,0.11155588864288155,0.02097989417406517,428
height,external,seg128_16,128,16,0.10982836381239025,0.02306356227815581,428
height,external,seg128_17,128,17,0.11024729247637355,0.022542472061396267,428
height,external,seg128_18,128,18,0.10982440096648206,0.02306854087543128,428
height,external,seg128_19,128,19,0.10906494814660331,0.024039987317153243,428
height,external,seg128_20,128,20,0.10644671876853642,0.027664870131235732,428
height,external,seg128_21,128,21,0.10386758092059684,0.03168525989146295,428
height,external,seg128_22,128,22,0.10140753612917296,0.0359750784073815,428
height,external,seg128_23,128,23,0.09793074061562312,0.04287234323416998,428
height,external,seg128_24,128,24,0.09296773732589968,0.05462202334357928,428
height,external,seg128_25,128,25,0.08802264239837294,0.06887580765751135,428
height,external,seg128_26,128,26,0.08399397432818421,0.08262269327974366,428
height,external,seg128_27,128,27,0.08104701288966923,0.09401944942800891,428
height,external,seg128_28,128,28,0.07891343952095718,0.1030290722200354,428
height,external,seg128_29,128,29,0.07674183603160778,0.11288842254187749,428
height,external,seg128_30,128,30,0.07514440663317629,0.12060278285163775,428
height,external,seg128_31,128,31,0.07468008568399055,0.12292055317073657,428
height,external,seg128_32,128,32,0.07326905970317531,0.13017710772471988,428
height,external,seg128_33,128,33,0.07271118246111992,0.13313586853223278,428
height,external,seg128_34,128,34,0.07098716315126452,0.1426076752187663,428
height,external,seg128_35,128,35,0.0699399664992455,0.14860764084456743,428
height,external,seg128_36,128,36,0.07191437695871557,0.13745141802393915,428
height,external,seg128_37,128,37,0.07211281382268035,0.1363667496915617,428
height,external,seg128_38,128,38,0.07118127173306708,0.141516167164157,428
height,external,seg128_39,128,39,0.06991984988563633,0.1487247520085016,428
height,external,seg128_40,128,40,0.07036951893033883,0.14612366702976726,428
height,external,seg128_41,128,41,0.07030299486608585,0.1465062701927126,428
height,external,seg128_42,128,42,0.06937121260614867,0.15194584701987796,428
height,external,seg128_43,128,43,0.06688075328586515,0.16723587836359477,428
height,external,seg128_44,128,44,0.06453249818876797,0.1826816180646256,428
height,external,seg128_45,128,45,0.06254199044836609,0.196579117371147,428
height,external,seg128_46,128,46,0.059869817675886686,0.21642764584650204,428
height,external,seg128_47,128,47,0.056262026480920366,0.24544917680671935,428
height,external,seg128_48,128,48,0.05103046578879604,0.29219187282298564,428
height,external,seg128_49,128,49,0.04288491194922807,0.37614448012466256,428
height,external,seg128_50,128,50,0.03593603075092784,0.4583808135000718,428
height,external,seg128_51,128,51,0.028465174002660548,0.5570096920440123,428
height,external,seg128_52,128,52,0.020320017489954052,0.6750716773654716,428
height,external,seg128_53,128,53,0.013239336627509583,0.7847698246291935,428
height,external,seg128_54,128,54,0.007416998759600311,0.87840030840702,428
height,external,seg128_55,128,55,0.0035430379393396293,0.9417386324177761,428
height,external,seg128_56,128,56,-0.00022262142045378214,0.996336000362061,428
height,external,seg128_57,128,57,-0.004473816383333086,0.9264717501695279,428
height,external,seg128_58,128,58,-0.007279729447978927,0.8806338369812085,428
height,external,seg128_59,128,59,-0.009231324925690731,0.8489763631574839,428
height,external,seg128_60,128,60,-0.013557764285722168,0.7797247222497341,428
height,external,seg128_61,128,61,-0.018019983152049175,0.710086257983284,428
height,external,seg128_62,128,62,-0.02145511825032071,0.6580407568769268,428
height,external,seg128_63,128,63,-0.025617196196627542,0.5971457448037922,428
height,external,seg128_64,128,64,-0.029819590049622036,0.5383928335718084,428
height,external,seg128_65,128,65,-0.030251492257753906,0.5325223050491081,428
height,external,seg128_66,128,66,-0.030286858032532164,0.5320430381296565,428
height,external,seg128_67,128,67,-0.032413744045054295,0.5036260029931565,428
height,external,seg128_68,128,68,-0.03491184910034299,0.4712976321002615,428
height,external,seg128_69,128,69,-0.03378623108051843,0.4857215125684365,428
height,external,seg128_70,128,70,-0.032410363496747176,0.5036705278482936,428
height,external,seg128_71,128,71,-0.032749145961167195,0.4992187728826778,428
height,external,seg128_72,128,72,-0.03329602118348718,0.4920767663965879,428
height,external,seg128_73,128,73,-0.03394053404745646,0.4837302717267917,428
height,external,seg128_74,128,74,-0.03346720018396986,0.48985250341308945,428
height,external,seg128_75,128,75,-0.033107524969772484,0.4945322777424075,428
height,external,seg128_76,128,76,-0.03372632905698473,0.48649572233706556,428
height,external,seg128_77,128,77,-0.034499555783969876,0.4765533407478679,428
height,external,seg128_78,128,78,-0.03509712101553949,0.4689462939020047,428
height,external,seg128_79,128,79,-0.03452662593299518,0.4762072856439513,428
height,external,seg128_80,128,80,-0.03418948086455854,0.4805270021703487,428
height,external,seg128_81,128,81,-0.035383367973831056,0.46532620223171967,428
height,external,seg128_82,128,82,-0.03720848570926447,0.44261205128972486,428
height,external,seg128_83,128,83,-0.03874359791181146,0.4240063906150534,428
height,external,seg128_84,128,84,-0.03974513050468466,0.4121174389459174,428
height,external,seg128_85,128,85,-0.039738877453981136,0.4121910509211701,428
height,external,seg128_86,128,86,-0.039923991375934054,0.41001514918701354,428
height,external,seg128_87,128,87,-0.04152638929114531,0.3914659528260128,428
height,external,seg128_88,128,88,-0.043092684751744444,0.37383416265598146,428
height,external,seg128_89,128,89,-0.04321593162811697,0.37246786980436153,428
height,external,seg128_90,128,90,-0.042791401237372684,0.37718712633949036,428
height,external,seg128_91,128,91,-0.04203469070054719,0.38568963662669353,428
height,external,seg128_92,128,92,-0.04170692825720294,0.38940834980391614,428
height,external,seg128_93,128,93,-0.041664178648428994,0.38989497380855026,428
height,external,seg128_94,128,94,-0.041268034560942676,0.3944218351140471,428
height,external,seg128_95,128,95,-0.04034221000309227,0.40512436283884107,428
height,external,seg128_96,128,96,-0.04009175647122523,0.4080490620034961,428
height,external,seg128_97,128,97,-0.03926254173632554,0.41782136090148886,428
height,external,seg128_98,128,98,-0.03867141169562903,0.42487094907324224,428
height,external,seg128_99,128,99,-0.036643681673213205,0.44957286104083477,428
height,external,seg128_100,128,100,-0.035416991544230385,0.46490199183365355,428
height,external,seg128_101,128,101,-0.034758158763813524,0.4732530663984555,428
height,external,seg128_102,128,102,-0.034164703730736955,0.4808452996180301,428
height,external,seg128_103,128,103,-0.0317188213866208,0.5128221216364378,428
height,external,seg128_104,128,104,-0.02886683039472197,0.5514563446882462,428
height,external,seg128_105,128,105,-0.02760749819427931,0.5689581053614828,428
height,external,seg128_106,128,106,-0.026639823348212868,0.5825836538201853,428
height,external,seg128_107,128,107,-0.025291309012167508,0.6018207615488874,428
height,external,seg128_108,128,108,-0.02234463008969367,0.6448165724083315,428
height,external,seg128_109,128,109,-0.019759520360439792,0.6835435453206462,428
height,external,seg128_110,128,110,-0.01941826386674382,0.6887212072592912,428
height,external,seg128_111,128,111,-0.018731452428464947,0.6991857078533495,428
height,external,seg128_112,128,112,-0.016723910837819725,0.7300949339663767,428
height,external,seg128_113,128,113,-0.014444566173547089,0.7657236760299101,428
height,external,seg128_114,128,114,-0.013910349413277097,0.7741492103799941,428
height,external,seg128_115,128,115,-0.013702668283323291,0.7774319362509191,428
height,external,seg128_116,128,116,-0.015730909184895128,0.7455505118086911,428
height,external,seg128_117,128,117,-0.01656525468510359,0.7325572047915639,428
height,external,seg128_118,128,118,-0.017270290075190854,0.7216367125823988,428
height,external,seg128_119,128,119,-0.01655399407019955,0.7327320690203339,428
height,external,seg128_120,128,120,-0.01587635665100881,0.7432801341584822,428
height,external,seg128_121,128,121,-0.013325941814238169,0.7833967676457497,428
height,external,seg128_122,128,122,-0.010724310621571186,0.8249181949279348,428
height,external,seg128_123,128,123,-0.0022990003139578014,0.9621760536887922,428
height,external,seg128_124,128,124,0.0018612176749574529,0.9693746643391686,428
height,external,seg128_125,128,125,0.005121701571532997,0.9158605255263593,428
height,external,seg128_126,128,126,0.006462901894038722,0.8939435333922837,428
height,external,seg128_127,128,127,0.006578372199478986,0.8920601210641118,428
height,external,seg128_128,128,128,0.007939288071033177,0.86991102522,428
weight,external,seg128_1,128,1,0.30349704999350446,1.433418749353781e-10,428
weight,external,seg128_2,128,2,0.30090553603224696,2.0863160685179535e-10,428
weight,external,seg128_3,128,3,0.2994102495520521,2.586431386585693e-10,428
weight,external,seg128_4,128,4,0.29843539914792105,2.9734010236462654e-10,428
weight,external,seg128_5,128,5,0.2977322193241928,3.286930327745714e-10,428
weight,external,seg128_6,128,6,0.29797773442892866,3.1739709844839706e-10,428
weight,external,seg128_7,128,7,0.2963729722815858,3.986702027976846e-10,428
weight,external,seg128_8,128,8,0.2957920615650692,4.328166330629453e-10,428
weight,external,seg128_9,128,9,0.2946508825114783,5.083735282095286e-10,428
weight,external,seg128_10,128,10,0.2932769351192904,6.164618206912544e-10,428
weight,external,seg128_11,128,11,0.29248294790789786,6.887878813353083e-10,428
weight,external,seg128_12,128,12,0.29170199511786565,7.679428067311569e-10,428
weight,external,seg128_13,128,13,0.29203117954039176,7.335547520108355e-10,428
weight,external,seg128_14,128,14,0.2907264015863049,8.793165865865195e-10,428
weight,external,seg128_15,128,15,0.29187053748332403,7.501448659969056e-10,428
weight,external,seg128_16,128,16,0.2925419861407704,6.831375582658587e-10,428
weight,external,seg128_17,128,17,0.29155212747591486,7.841129442020057e-10,428
weight,external,seg128_18,128,18,0.28964246196793714,1.0214834665706864e-09,428
weight,external,seg128_19,128,19,0.28704664219285847,1.4587497106245825e-09,428
weight,external,seg128_20,128,20,0.2838024883880387,2.265538605121258e-09,428
weight,external,seg128_21,128,21,0.28196685874079835,2.89914804413463e-09,428
weight,external,seg128_22,128,22,0.281729055448654,2.992870293186463e-09,428
weight,external,seg128_23,128,23,0.28059800452519457,3.4803960606750194e-09,428
weight,external,seg128_24,128,24,0.27771073546158076,5.100366586569153e-09,428
weight,external,seg128_25,128,25,0.2753628131801316,6.9368314184582355e-09,428
weight,external,seg128_26,128,26,0.27406148681077913,8.215688437409474e-09,428
weight,external,seg128_27,128,27,0.27307801470447746,9.330878295704713e-09,428
weight,external,seg128_28,128,28,0.270864693162777,1.2402943377803322e-08,428
weight,external,seg128_29,128,29,0.2688427571956069,1.604982160519689e-08,428
weight,external,seg128_30,128,30,0.2681147302662753,1.7601591364126676e-08,428
weight,external,seg128_31,128,31,0.2708296196337935,1.2458750753254456e-08,428
weight,external,seg128_32,128,32,0.2734733337251509,8.866026887385436e-09,428
weight,external,seg128_33,128,33,0.2776936204586074,5.111866813854671e-09,428
weight,external,seg128_34,128,34,0.28098611310068633,3.305006174621695e-09,428
weight,external,seg128_35,128,35,0.2854798441699028,1.8056099574600867e-09,428
weight,external,seg128_36,128,36,0.29303939028604264,6.372884569289398e-10,428
weight,external,seg128_37,128,37,0.2982940236525087,3.034003977831633e-10,428
weight,external,seg128_38,128,38,0.3011176414287863,2.0234814344602393e-10,428
weight,external,seg128_39,128,39,0.3024259693799568,1.6747120466448353e-10,428
weight,external,seg128_40,128,40,0.3031506968802947,1.5074826478138386e-10,428
weight,external,seg128_41,128,41,0.3055528794150866,1.0614751727009751e-10,428
weight,external,seg128_42,128,42,0.30882201630297856,6.55151289668327e-11,428
weight,external,seg128_43,128,43,0.3106354899759491,4.9999652962623006e-11,428
weight,external,seg128_44,128,44,0.3102261563502827,5.315336024887653e-11,428
weight,external,seg128_45,128,45,0.309365324741852,6.043115682401158e-11,428
weight,external,seg128_46,128,46,0.30650662063000234,9.22652566112088e-11,428
weight,external,seg128_47,128,47,0.30307196481554,1.5248313818378561e-10,428
weight,external,seg128_48,128,48,0.29970184568024305,2.4805297644252296e-10,428
weight,external,seg128_49,128,49,0.29618131276953,4.096357668211773e-10,428
weight,external,seg128_50,128,50,0.29277571561854654,6.612072430215509e-10,428
weight,external,seg128_51,128,51,0.2907301512759069,8.788598675731073e-10,428
weight,external,seg128_52,128,52,0.28954286061588885,1.0356145903326677e-09,428
weight,external,seg128_53,128,53,0.29079113331859485,8.714644259167571e-10,428
weight,external,seg128_54,128,54,0.2933809576034403,6.07551438318977e-10,428
weight,external,seg128_55,128,55,0.297515493179259,3.3898870520955634e-10,428
weight,external,seg128_56,128,56,0.3006114185300457,2.176598287491852e-10,428
weight,external,seg128_57,128,57,0.3035554798857833,1.4212785297785358e-10,428
weight,external,seg128_58,128,58,0.30900926351989066,6.3717602539612e-11,428
weight,external,seg128_59,128,59,0.314071746355872,2.980929131269014e-11,428
weight,external,seg128_60,128,60,0.31886306911231377,1.4331812918430232e-11,428
weight,external,seg128_61,128,61,0.32358460767980896,6.875363260115613e-12,428
weight,external,seg128_62,128,62,0.3289016801441127,2.960353753757557e-12,428
weight,external,seg128_63,128,63,0.3346156585559946,1.175060085315204e-12,428
weight,external,seg128_64,128,64,0.33881768519971983,5.883035360766905e-13,428
weight,external,seg128_65,128,65,0.3443652469676206,2.3221959815206545e-13,428
weight,external,seg128_66,128,66,0.350442563294399,8.210086467880155e-14,428
weight,external,seg128_67,128,67,0.35402544112526313,4.400762227615966e-14,428
weight,external,seg128_68,128,68,0.3572336230231916,2.5009247704841667e-14,428
weight,external,seg128_69,128,69,0.3612081760528957,1.2307627329914066e-14,428
weight,external,seg128_70,128,70,0.36443190679864734,6.874559126694788e-15,428
weight,external,seg128_71,128,71,0.3666060791109852,4.624296442898842e-15,428
weight,external,seg128_72,128,72,0.3684610995674948,3.2891859818371683e-15,428
weight,external,seg128_73,128,73,0.37036774722910015,2.312144043246751e-15,428
weight,external,seg128_74,128,74,0.3714027913588903,1.9076193893979817e-15,428
weight,external,seg128_75,128,75,0.3703232306783024,2.331312189326652e-15,428
weight,external,seg128_76,128,76,0.36819059843736524,3.457190285427462e-15,428
weight,external,seg128_77,128,77,0.3668628166362038,4.411894670255443e-15,428
weight,external,seg128_78,128,78,0.3646128667989108,6.65215324473537e-15,428
weight,external,seg128_79,128,79,0.3620945268470186,1.0493414369638017e-14,428
weight,external,seg128_80,128,80,0.35957663211974045,1.6485341514442276e-14,428
weight,external,seg128_81,128,81,0.3560818976513037,3.065688293055498e-14,428
weight,external,seg128_82,128,82,0.35184236166814964,6.440951754646087e-14,428
weight,external,seg128_83,128,83,0.3475630034518438,1.3474790575708167e-13,428
weight,external,seg128_84,128,84,0.343164644304541,2.8441415221962504e-13,428
weight,external,seg128_85,128,85,0.33998189961299663,4.847820398161862e-13,428
weight,external,seg128_86,128,86,0.33541065286068683,1.0317281712355804e-12,428
weight,external,seg128_87,128,87,0.3291242267139479,2.856738781794607e-12,428
weight,external,seg128_88,128,88,0.32298093173678444,7.557767369728925e-12,428
weight,external,seg128_89,128,89,0.3184018829441685,1.5387300030953868e-11,428
weight,external,seg128_90,128,90,0.3148347454203755,2.6551152121880702e-11,428
weight,external,seg128_91,128,91,0.31178734943758113,4.207237056791163e-11,428
weight,external,seg128_92,128,92,0.30812931468217464,7.26045963999871e-11,428
weight,external,seg128_93,128,93,0.30365129743944774,1.401586528367602e-10,428
weight,external,seg128_94,128,94,0.29945784268064835,2.5688510145269254e-10,428
weight,external,seg128_95,128,95,0.29614979114477047,4.1146710957400367e-10,428
weight,external,seg128_96,128,96,0.29312509717305313,6.296964559334793e-10,428
weight,external,seg128_97,128,97,0.2897911439694141,1.0007369148238862e-09,428
weight,external,seg128_98,128,98,0.2853674540153943,1.8333588820125484e-09,428
weight,external,seg128_99,128,99,0.28231435393648907,2.767297002687481e-09,428
weight,external,seg128_100,128,100,0.27855736586119006,4.561753867638048e-09,428
weight,external,seg128_101,128,101,0.27559459122192714,6.730272846881918e-09,428
weight,external,seg128_102,128,102,0.27243403962018786,1.0139107091504916e-08,428
weight,external,seg128_103,128,103,0.27099973345046585,1.2190324774745603e-08,428
weight,external,seg128_104,128,104,0.26948486829197627,1.4791746275879206e-08,428
weight,external,seg128_105,128,105,0.2661917860186902,2.2430904450038316e-08,428
weight,external,seg128_106,128,106,0.26424821127727094,2.8604107916614415e-08,428
weight,external,seg128_107,128,107,0.26224411604437303,3.667866222122759e-08,428
weight,external,seg128_108,128,108,0.2633847334188104,3.184669671592036e-08,428
weight,external,seg128_109,128,109,0.263055719642999,3.317343590751217e-08,428
weight,external,seg128_110,128,110,0.2610460749808408,4.2514703998859125e-08,428
weight,external,seg128_111,128,111,0.25881638904786564,5.585156203917959e-08,428
weight,external,seg128_112,128,112,0.2572989612266744,6.715047853808763e-08,428
weight,external,seg128_113,128,113,0.2581505618483395,6.056294520607305e-08,428
weight,external,seg128_114,128,114,0.2549888282536014,8.869244632231811e-08,428
weight,external,seg128_115,128,115,0.2537697958527966,1.0260725781888277e-07,428
weight,external,seg128_116,128,116,0.24939723262021218,1.7199751506162712e-07,428
weight,external,seg128_117,128,117,0.2452769045054158,2.774056447989961e-07,428
weight,external,seg128_118,128,118,0.24280346203644765,3.681033208859247e-07,428
weight,external,seg128_119,128,119,0.2393077484418962,5.462050808851383e-07,428
weight,external,seg128_120,128,120,0.23586504480695242,8.009173357448107e-07,428
weight,external,seg128_121,128,121,0.23453176537430043,9.274436794050803e-07,428
weight,external,seg128_122,128,122,0.23561804002688502,8.230331035326946e-07,428
weight,external,seg128_123,128,123,0.24194184224708093,4.0593489691465186e-07,428
weight,external,seg128_124,128,124,0.2422618615201393,3.914666829857125e-07,428
weight,external,seg128_125,128,125,0.24479998069414952,2.930262626457279e-07,428
weight,external,seg128_126,128,126,0.24741778966763261,2.1662641651365142e-07,428
weight,external,seg128_127,128,127,0.24961023333568685,1.6776076265014016e-07,428
weight,external,seg128_128,128,128,0.25103256117899564,1.4194069898434054e-07,428
